size_dog,eye_circularity,skull_circularity,ear_size,eyes_distance,ear_form,hair_tone,nose_elongatedness,weight_dog,muzzle_form,skin_tone_main,skin_pattern_complexity,body_length,tail_length,hair_curlness,hair_length,leg_front_number,leg_back_number,breuni_class
0.018029295313665,-0.2570001377569453,0.0882096027702248,-0.0996217453502241,0.1667977606246257,0.4369090601972278,0.6996127732024189,0.3972982435684911,0.4690918380449448,-0.3379798676017181,0.0637949548558877,-0.1463162761676859,-0.2143101867743208,0.2233924156898287,-0.4260030418598121,0.6376453369591445,-0.148558859467636,0.0147262299402247,fashion_lifestyle_elite
-0.045751307641751,-0.1780575513354509,0.076629020970059,-0.0467969111409382,0.1024127961219216,0.2719343999144036,0.5067022462326278,0.3513745632573983,0.3738487179062923,-0.2525805844584322,0.0441769669704121,-0.0919051303444692,-0.1608546488795464,0.133549176466641,-0.2573229659514494,0.3672435627316029,-0.0855444030400839,0.0089644795451013,main_stream
0.0555086858743205,-0.222919879645038,0.0668380979275821,-0.1094649827060553,0.1318195248095194,0.3693071002018217,0.5897164586454392,0.2905688896045556,0.3733989948939126,-0.280890157171634,0.0492565217376684,-0.1309484784555454,-0.1784382931640976,0.1908933332559251,-0.3917765216326723,0.6021184162242014,-0.1384696325234945,0.0143463402906661,main_stream
0.1078063866117599,-0.2192644993878725,0.0446470628172156,-0.136414450073127,0.1254343270932874,0.3696212793050895,0.5356440885874838,0.2037780706101645,0.3025569628751482,-0.2562600772062627,0.0389911419964535,-0.1381630398002184,-0.164201410862489,0.194880830937538,-0.4150250949454303,0.6577004576287797,-0.1520576805165112,0.0136363783777807,main_stream
-0.211839755724427,-0.052475324071784,0.0755777746205216,0.078239241379403,0.0260759781651006,0.0307069568862511,0.2294494828550183,0.3642069724408113,0.2778414208332533,-0.1368401400349318,0.0258055232966259,0.0020484441648443,-0.0875680792643337,-0.0015172305763105,0.0458475077509226,-0.1402094857616922,0.0301229284458659,-0.0025413911912128,main_stream
-0.0295234726003923,-0.1338118300555999,0.0562769476152542,-0.0372224701061515,0.076871134641799,0.2051783171600413,0.3781354888268631,0.2568424362749159,0.2762216636748523,-0.1881956094520103,0.0330174423429916,-0.0695853518362458,-0.1199115869975922,0.1011242017531405,-0.1956646132299235,0.2818643444599128,-0.0652192231173336,0.0070358423047601,main_stream
-0.0094996622682845,-0.142795584404831,0.0540004879377312,-0.0502518643873035,0.0824172633844803,0.2246272592082044,0.3945499294086784,0.2450239242028998,0.2760125675124684,-0.1938008853344191,0.0337102210934002,-0.0776246192458932,-0.1234411470106249,0.1128555459600017,-0.222436830654038,0.328713431932241,-0.0762796856138459,0.0077491825757977,main_stream
0.0725397253035782,-0.1786664930901834,0.0461196271135866,-0.1003752261818625,0.1057744487397649,0.3023588726242787,0.4612034033543599,0.1965255356191452,0.2758935264773593,-0.2162974322198836,0.0374642220319065,-0.1088768705329506,-0.1378552770297308,0.1577896013409095,-0.3301533528236672,0.5160707077223119,-0.1174362864060212,0.0130775792914227,main_stream
-0.2130780562103141,-0.0347200628961359,0.0696427890100736,0.0859452521655541,0.0159885805021466,0.0020819574647332,0.1811136080258056,0.3365104045800793,0.2453936488614373,-0.1135178986161708,0.0218585717046364,0.0122194312650354,-0.0725994293171216,-0.0161964780874712,0.0748249307087466,-0.184639028450852,0.0403250708234159,-0.0035693423992772,main_stream
-0.0715492281049659,-0.098747580386404,0.0540744549596988,-0.0042907870022835,0.0549235210663021,0.1375064994481694,0.2960412620678297,0.2535313278295892,0.2436289190286505,-0.1540415378867965,0.0266876713395015,-0.0440321309480188,-0.0990542451094477,0.0626666171359305,-0.1133149508113086,0.1440176407011712,-0.0326715103269642,0.0048839362782993,main_stream
-0.0311793440208477,-0.1167238597585065,0.0497846878464817,-0.0300257242116033,0.0662656601939147,0.176049961734631,0.3291178050416161,0.2298209565417613,0.2431692594107749,-0.1655197178772684,0.0284531940140977,-0.0598698422962575,-0.1057436844513812,0.0860415090340592,-0.1663254709596978,0.2381947444690249,-0.0546465655356752,0.0062500461441622,main_stream
-0.0107607169088698,-0.1254818847101906,0.0478043325071914,-0.0426767443207282,0.0721106712429694,0.1955883567140248,0.3459174933252756,0.2176836395934248,0.2432243000960355,-0.17096448684446,0.029476274586492,-0.0676531720233839,-0.1090283351978895,0.0976088640696223,-0.1931396996330148,0.2848628861276303,-0.0653419031891952,0.0072276144686449,main_stream
0.0505066934279189,-0.1519501964197653,0.0415195784025493,-0.0806177189745196,0.0897894784664785,0.2539137236807439,0.3960785956056895,0.181359781589476,0.2433375192117626,-0.1874297583528414,0.0323658019580614,-0.0910500706936501,-0.1191068447516686,0.1326005695328756,-0.2737121937511085,0.4249658198104185,-0.0977488147353136,0.0098187198921568,main_stream
-0.4194076114302869,0.0700506248491586,0.0800962928939045,0.2167607360987833,-0.0533523104854494,-0.2218543463680344,-0.0363035849687702,0.4329179366949565,0.210832572112417,-0.0364465428036986,0.0056160321314225,0.0981632259146034,-0.0251736331678548,-0.1432181897428888,0.3753354771873407,-0.6969338604134865,0.154140898451061,-0.0178007704917739,main_stream
-0.2960525082607232,0.0183924183176645,0.0709166750873805,0.1433264312148838,-0.0179879134129198,-0.1044797759996331,0.0656835229844418,0.3580171788076875,0.2126657911512413,-0.0679227940572387,0.013519866998981,0.0531172847706906,-0.0446383462673539,-0.0765150980237329,0.2115489849955716,-0.4160586704951066,0.0931118883994309,-0.0088235216347603,main_stream
-0.1536329040960223,-0.0446832066726139,0.0568723213356831,0.054921567560694,0.0226832291209246,0.0314349029156019,0.1818110408410493,0.2733053622070554,0.2118610215482469,-0.107672903472227,0.0196854338775557,-0.0018892811251831,-0.0698247870427313,0.0023406213714192,0.0224381450998052,-0.0886181433581309,0.0197277076126059,-0.0003912951610792,main_stream
-0.1335424208366153,-0.0534851283182432,0.0545517526686367,0.041824726750542,0.028222962573791,0.0506223472264551,0.1983268812266906,0.2616863093346936,0.2117206984151364,-0.113262965942316,0.0204535964409741,-0.0099128058612698,-0.0729376076108725,0.0143944392132716,-0.0039529010239578,-0.041416780281536,0.0085647809031854,5.196178861645756e-05,main_stream
-0.0939833732977842,-0.0730366389204148,0.0487904347397863,0.015095490055033,0.0392573500539115,0.0885177479105549,0.2299031572062253,0.239113565377727,0.2101079593993747,-0.1261915391802129,0.0207130141048043,-0.0270074484639849,-0.081412352454934,0.0373117904363809,-0.0576021015060963,0.0530361151461044,-0.0124835881459952,0.0019855731747958,trendy
0.0078653968744397,-0.1173911267763636,0.0390472508789196,-0.0483391505160634,0.0672962614221241,0.1858507057386215,0.3134027770629187,0.1788403740734506,0.2099475851795661,-0.1539524195971539,0.0256547067959278,-0.0659425453287079,-0.0983808391799331,0.0941404246972127,-0.190954444381109,0.2877887395238613,-0.0654488208522419,0.007323768146329,main_stream
0.1102441462928005,-0.1611367862054178,0.0291520016450618,-0.1108619917787512,0.0973219244455294,0.2840822072160154,0.3971989059531904,0.1178519351072018,0.2103506318653583,-0.1808338200409214,0.0309217660118502,-0.1047470455170713,-0.1151182670726792,0.1516979438754797,-0.3254874649531107,0.5211237020044834,-0.1183503219918264,0.012579743827233,trendy
-0.1558990099978344,-0.0304621678144703,0.048347778425206,0.0612195954115655,0.0123543043025147,0.0018596635525064,0.131172721971208,0.2469235137295861,0.1768821218424406,-0.0874112187283854,0.0136980080723929,0.0062221052464526,-0.0581688732709495,-0.0134658272050754,0.0499707465811879,-0.1333162109847576,0.0314169936652668,-0.0003290909498305,main_stream
-0.1351595647825585,-0.0382498539470214,0.0470870942698489,0.049051214114171,0.0183867435963722,0.0213248295382264,0.1484645962310661,0.2344772423489833,0.1775644278036828,-0.0921651709009524,0.015202353801396,-0.0009686378308648,-0.0607879137842123,-0.0015806700233416,0.023401393185138,-0.0866069282537768,0.0204583250360186,0.0004328725002569,main_stream
0.0052834402885972,-0.1015543689950688,0.0311650009270033,-0.0422669510867787,0.056411677969539,0.1559589013108452,0.2627892347317965,0.1532003451726048,0.17547364071011,-0.1323571500170136,0.0198561254652085,-0.057476025906227,-0.0854839558698988,0.0796836496602132,-0.1629347286150666,0.2438921281675019,-0.0551320930394475,0.0056944709374181,main_stream
0.0481929495337924,-0.1160904033134174,0.0295046302598127,-0.0657597184497885,0.0688478436003713,0.1962911766554531,0.2995164029980032,0.1265510230905636,0.178569256153902,-0.1403711004451127,0.0245014877689423,-0.0706869631855899,-0.0889378317444623,0.1033601522993387,-0.2154235522181825,0.3364503897758406,-0.0771008497345628,0.0077623774212422,main_stream
-0.2996696542179743,0.0513093264461753,0.0562762312641367,0.1562874794384638,-0.0387230329419852,-0.1625560944915946,-0.0329237583376907,0.3043727598222956,0.145541819897127,-0.0233143895856546,0.0035358153225056,0.0712052388601749,-0.0174508795652693,-0.1059252948496906,0.2689236419028959,-0.5052377011322816,0.1138307025341206,-0.0106347893801187,main_stream
-0.1770467480906751,-0.0009779158764342,0.0455709224696497,0.0819952193743561,-0.0035198187903444,-0.0461754871555515,0.0680191610882137,0.2307275380497085,0.1465259098377119,-0.0560776492687791,0.0104341618764083,0.0255730536326323,-0.0365081396674201,-0.0374206499307904,0.1073980529422918,-0.2239288905111653,0.0504397242155047,-0.0045300367273195,main_stream
-0.1588661453879141,-0.0143212459086158,0.0396351817704451,0.0663458418895533,0.0012026168450819,-0.0280853531870499,0.0810390638189464,0.2213024397165403,0.142595569899721,-0.065675660108306,0.0078205647813805,0.0144976826372457,-0.0442206090418497,-0.026164344084512,0.0788888337210235,-0.177355783387245,0.0395563285854295,-0.0038333778050781,main_stream
-0.1421170226167546,-0.029396417875796,0.0318318307210858,0.0489549786938058,0.0049752796895137,-0.0111542934306567,0.0921879985210075,0.2131035227396587,0.1368364656403019,-0.0770588025284814,0.0036302681736508,0.0020212124800428,-0.0534492090832601,-0.0137012258812459,0.0491880936013782,-0.1318432604002907,0.0274151960872136,-0.0046777921424659,trendy
-0.1184526648541745,-0.033712247117023,0.0344673473437852,0.0406999241976994,0.0129260610236151,0.0099245317209016,0.113086638681262,0.1978423868053062,0.1412002559395681,-0.0785607086660881,0.0086797812366457,-0.0019453183002666,-0.0529769522409495,-0.0033948349210119,0.0243611496786982,-0.0845808594599474,0.0193040544876179,-0.0011550944926418,trendy
-0.0962920515141246,-0.0381081176713645,0.0360939191556717,0.0302942117408127,0.0192205370491744,0.0310331074456397,0.1331001157895605,0.183825593345447,0.1447468368427279,-0.0799183310432998,0.0126187353030599,-0.0069973248898087,-0.0522439202088738,0.0082125695109837,-9.864636919054127e-05,-0.0366577969191046,0.008599726883614,0.0002544816585863,trendy
-0.0347466036483794,-0.0645154359883114,0.0315965917273421,-0.00697660029106,0.0352047028291528,0.089695548134514,0.1837429260038308,0.1468930764227349,0.1453398903798087,-0.0963296452535973,0.0162131176734427,-0.02977957205881,-0.0630358320089048,0.0402761202490035,-0.0788720637569102,0.1060149545233915,-0.0209946971546662,0.0053651867602904,main_stream
-0.0145565364819344,-0.0752221946804634,0.0289256803101677,-0.019951686171733,0.0401229678369418,0.1087218803537921,0.1992236917682974,0.13538529470719,0.1441044675840836,-0.1034721861404225,0.0161973576846765,-0.038420329323353,-0.0685712726048175,0.049939241102754,-0.1057430699914948,0.1536135230030301,-0.0295259237608664,0.0079569938550474,main_stream
0.0251503455218762,-0.0921656776972443,0.0235921976199303,-0.0466206102621888,0.0526071928650945,0.1470686513999661,0.2318638861820673,0.1128386877927944,0.1435822542813624,-0.1138574164196754,0.0174844593632682,-0.054714008207861,-0.0737387239662176,0.0762820989342261,-0.1610183668659467,0.2458475637862762,-0.0544768267933945,0.0063823900804543,trendy
0.0462394249323271,-0.0994633281671642,0.0225649701745281,-0.0587673230286801,0.0585307075024087,0.1670947725891046,0.2499812035912006,0.0998635888555583,0.1449453481931225,-0.1180156148104664,0.0195372061799385,-0.0614946805061447,-0.0753582556682659,0.0884046759375788,-0.1870120878296398,0.292280066415761,-0.0661973159788566,0.0069703388007731,main_stream
0.1274572030893573,-0.1366221941453973,0.0139038084555935,-0.1080766512737474,0.0831520849258941,0.243754346237998,0.3156691627057579,0.0515171915961609,0.1443067765482609,-0.1411427101194593,0.0229896629616759,-0.0930863274472798,-0.0914700071402899,0.1323613834466259,-0.2950284964145419,0.480666108153945,-0.1054706415212519,0.0136972313593179,trendy
0.2087379472488683,-0.1726595739384739,0.0108882517638734,-0.1543204607665899,0.104897460775416,0.3199233495615612,0.3827891449220534,0.0005296374006551,0.1458797600213465,-0.1648365538676949,0.0293288225437159,-0.121212237383302,-0.1060267660070264,0.1732426156442156,-0.4015650871756768,0.6773705870561753,-0.1444644237804786,0.023229353917722,main_stream
-0.2392334753106428,0.0450123986526714,0.0463444848691999,0.1271630714356601,-0.0319754150807914,-0.1324882461299446,-0.0297850112839198,0.2399034385821421,0.1148760940644171,-0.0145184588028028,0.0039392148777438,0.0594992413846226,-0.0102624827993572,-0.0858961757938874,0.2196609567679676,-0.4076138927130989,0.091681282476203,-0.0089679806049755,main_stream
-0.1362094529882414,-0.0312370473418794,0.0079468020394128,0.0272637310493666,-0.0064881886907384,-0.0269906285318759,0.047217785126032,0.1867559277874845,0.0912204316166246,-0.0699941138162203,-0.0126397669961847,-0.0081216602852597,-0.0499573878872271,-0.0044405621393425,0.0485560373834821,-0.1307255095884635,0.0118774111131829,-0.0207635568429077,trendy
0.2257077981395698,-0.1690456326570449,-0.0029441781812682,-0.1631135441146682,0.0994476122010484,0.3087953204305096,0.346019833332677,-0.0339887470810856,0.1085571774568955,-0.1518728491978392,0.0214805421180589,-0.1235755327470203,-0.1000363441886152,0.1683338768980993,-0.4006987393600849,0.6809785893384128,-0.1421816384832716,0.0246122576920473,main_stream
-0.1796887595530573,0.0360670424954175,0.0338353156297643,0.0961035899206853,-0.0254410110496093,-0.103120764578016,-0.0284273902142644,0.1766343969130506,0.0820803160689162,-0.0078848453967796,0.0023187929769482,0.0458916886488013,-0.0056836757673188,-0.0661040921727385,0.1679555716859144,-0.3113364582234308,0.0698579038695669,-0.0071513695504917,main_stream
0.004564267410989,-0.0437483489299808,0.0164397359128719,-0.016567251141938,0.0269322036617151,0.071277564340836,0.1225189526984155,0.0667199281672704,0.0827289098746951,-0.0579685031794074,0.0121236393899214,-0.0232920014064666,-0.036707671020994,0.0369235937070994,-0.0737396898595283,0.1099615592827691,-0.0248668688300736,0.0025065300105462,trendy
-0.3237164302530387,0.1160872695089453,0.0415481904952802,0.1921246839126701,-0.0758105748834475,-0.2676925612430877,-0.1935587844775091,0.233749193604725,0.0496203405575065,0.05439510307331,-0.0085672731622586,0.1103905274160611,0.033277041857675,-0.1609950501553557,0.3860092114631669,-0.6836951614790734,0.1547081015938124,-0.0153188186738172,trendy
-0.2828022237619111,0.0985075915867169,0.0378361398857214,0.1674343234969511,-0.0636647869213585,-0.2290334018271139,-0.1599128992085425,0.2091002950718822,0.0498884189547041,0.043282577746381,-0.0063674016973425,0.0951370563820582,0.0265417648679521,-0.1380907116258965,0.3315052502981807,-0.5899078450863747,0.1334594435261525,-0.0132984356536491,trendy
-0.2223750449859783,0.0712013794483332,0.0313611422078004,0.12833183603296,-0.0469079502274225,-0.1706189259946811,-0.1109212466642896,0.1739908820987084,0.0487738691437405,0.0263188649738507,-0.0044723599000638,0.0706549903443003,0.0154730404617991,-0.1040598806616868,0.2500069389055074,-0.4494312685124955,0.1018076856944488,-0.0095573295604025,fashion_lifestyle_elite
-0.2020375629180802,0.0625232747463651,0.0294474823624201,0.115684174624494,-0.0411792177959539,-0.1511162170539993,-0.0941712988681918,0.161824378336687,0.0488848251976631,0.0209327078052423,-0.0034439193751438,0.062926590772544,0.0122934504405011,-0.092424806717264,0.2231864996512599,-0.4026709312582691,0.0909410689464578,-0.0086659100133755,fashion_lifestyle_elite
0.002268426247186,-0.0262535402964963,0.0094513707499084,-0.0106485450437002,0.0156745494870631,0.0426681180038774,0.0733506664688252,0.0402011963966241,0.0494932514977656,-0.0347425597685816,0.0070909591999155,-0.0142052000949408,-0.0219069577829067,0.0229654574015952,-0.0446980603036006,0.0655100285458025,-0.0157108043210722,0.0007210113519624,trendy
0.0447773883334167,-0.0421667783606866,0.0073609909505448,-0.0341437493927245,0.0278332425954023,0.0819108621085939,0.1087421556537647,0.0143542002242121,0.0516728163335996,-0.0439585048984267,0.0109856913862853,-0.0274768977830982,-0.0272661792496441,0.0456796107342103,-0.0973829788586381,0.1593411291846,-0.0370594115000939,0.0030110414131139,main_stream
0.1222250416554659,-0.0816817121703194,-0.0043474434597136,-0.0886565191712561,0.0497617680573994,0.1587252770383604,0.1706687127490757,-0.0299035365440573,0.0468291813506143,-0.0697963282392607,0.0103638036182074,-0.063519928345946,-0.0443282584905982,0.0913430212502874,-0.2057179784169572,0.3475516614610867,-0.0796498256319394,0.0071110636444875,trendy
0.1435883410010537,-0.0901809706012357,-0.0058547236817905,-0.1005917718688719,0.0557663211548719,0.1784161769644716,0.18806594641686,-0.0425639337597494,0.0473721399723484,-0.0751001305344298,0.0118547882335092,-0.0707909646324146,-0.0475585496589166,0.1020887898582876,-0.232488252494725,0.3942043482406229,-0.089336942192191,0.0089682311578014,main_stream
-0.3067339989401245,0.1221176233590223,0.0298083368325452,0.1834121438325225,-0.0804963041445913,-0.2774346068105509,-0.2282833901438589,0.1977371063259142,0.0133823660369964,0.0693333678755708,-0.0155507966593234,0.1084874551405288,0.0425971373896636,-0.1645626703415519,0.3907022085653683,-0.6819116677759012,0.1540679951564532,-0.0156591191648623,main_stream
-0.1836535378336909,0.0711910495682346,0.0208240220491651,0.1096790517847982,-0.0458093026386643,-0.1603528188936115,-0.1264057802087774,0.1228705544827884,0.0157857593867374,0.0385480316280726,-0.0072374273680972,0.0644378802799591,0.0235540166128917,-0.095265744185753,0.2248452674668612,-0.4004617883019182,0.0900949369489081,-0.0089312898088756,fashion_lifestyle_elite
0.1023654193931534,-0.0532781181683779,-0.0064626904216392,-0.0675389283358444,0.0332200049019674,0.1117339283283305,0.1075969379887139,-0.0467177476752213,0.0164315593723146,-0.0389499629810927,0.0066557531378326,-0.0438523030862695,-0.0248591336652006,0.0643668459951705,-0.1487532124997355,0.2563269429194155,-0.0585709338888589,0.0060191676433729,fashion_lifestyle_elite
0.1218061042992552,-0.0634600364726758,-0.0096399055879215,-0.0809734978590356,0.039008138019791,0.1306066541111989,0.1229294945354541,-0.0576865945733514,0.0150381532980469,-0.0458466260706551,0.0065431838272473,-0.0529787598154563,-0.0292543810997997,0.0759510839320544,-0.1758755916111617,0.3034373763297142,-0.0690295439081767,0.0069352217201961,['fashion_lifestyle_elite' 'trendy']
0.1417052438165318,-0.072915250349396,-0.0120918416909616,-0.0936798561430916,0.0451862137842457,0.1496855067391446,0.1390289888260387,-0.0694255086969621,0.0144080398507926,-0.0519670887104726,0.0071910458172509,-0.0612737385088777,-0.0331623178014693,0.0872931369492359,-0.2029251259604139,0.350479048514139,-0.0791496101237667,0.0082372350773327,fashion_lifestyle_elite
0.1627637834837055,-0.0814731415347718,-0.0139542777219298,-0.1058677131321374,0.051062932814637,0.1691770426066636,0.1562350854603511,-0.0819272289837282,0.0147971885529286,-0.0573496102711483,0.0085585453791904,-0.0686691567562509,-0.0364197660084964,0.0985295625110591,-0.2298753273612958,0.3970131816419868,-0.0893337138377847,0.0094624328746833,trendy
-0.2924718443104298,0.1266037379647008,0.0147722713494954,0.1712456034716598,-0.0848385650997006,-0.2878766103099516,-0.2651028234388666,0.1649275269963117,-0.0258464927181188,0.082176158225941,-0.025624074839391,0.1028519451827562,0.0516438172070195,-0.1665629700682441,0.3962365831539022,-0.6808789280050833,0.1504574223133725,-0.0188999682945544,fashion_lifestyle_elite
-0.1847339628106381,0.0891188940256193,0.0147788971018208,0.1170649693495961,-0.0569205887001834,-0.1889162635287448,-0.1744436968028078,0.0952543670254251,-0.0163879415876743,0.0621194289445636,-0.0109277125393289,0.074849435422492,0.0386660699896443,-0.1094863985654825,0.2552955633903958,-0.444331161921298,0.0997160417764548,-0.0105381763770527,fashion_lifestyle_elite
0.1615659385028159,-0.0632761157049603,-0.0196487263499982,-0.0982144053650556,0.0406868935934294,0.140683524988854,0.1081848603749761,-0.1095717604406883,-0.0172557345176788,-0.0334498790371132,0.0047046630193642,-0.0583076176116535,-0.0212043453734634,0.0838198728191532,-0.2001334696493466,0.3531055042121874,-0.0792938153653598,0.0084921518726215,['fashion_lifestyle_elite' 'trendy']
0.2230669347389748,-0.089581070238101,-0.0258088695077595,-0.1368239574876235,0.0566162735848957,0.1989871761067267,0.1583758584662601,-0.1456487593812837,-0.017194471599858,-0.0500359318588588,0.007540313244644,-0.0815764630240624,-0.0314069860265548,0.1185766897212085,-0.2811477220850612,0.4929977974329594,-0.1120414516705491,0.0104190346996984,fashion_lifestyle_elite
0.2840220222470256,-0.1157619978005655,-0.0311057922822356,-0.1737833135858061,0.0749645024298734,0.2574603951583145,0.2085610786678298,-0.1822640792923671,-0.0170730401451931,-0.0663197952169449,0.0105880201845215,-0.1047611436389682,-0.041480881712567,0.1518588856086221,-0.3621913954580041,0.6340249888362531,-0.1429748209025909,0.0149368608394547,fashion_lifestyle_elite
-0.2723086612464121,0.1395048881479026,0.010575552697056,0.1691684314816832,-0.0881383620333175,-0.2964372026493408,-0.293382236342438,0.1216009968177315,-0.0547757404049139,0.1041482635630961,-0.0248290076360779,0.1086348973043293,0.0664520345083782,-0.1686310938687415,0.3961184642058902,-0.6778942678496849,0.1491345793529989,-0.0191338564587819,fashion_lifestyle_elite
-0.1456406247657556,0.0889192157748042,0.0037075787624167,0.0981999318499977,-0.0566210285273382,-0.1792600426222402,-0.1898290162055668,0.0442411417955539,-0.0493036509542474,0.0740575162781384,-0.013528943303745,0.0688149438653527,0.0466612711522311,-0.1001859713668423,0.2311885697257168,-0.394906403187615,0.087788803252067,-0.0109487871885126,trendy
-0.0012353683183966,0.0282076762187751,-0.0078310346688316,0.0118947184519507,-0.0148742553055659,-0.042638043937519,-0.0713109669004872,-0.0421599389964039,-0.0474085890292933,0.0367464911641466,-0.0052212069261788,0.0159729527047614,0.0239816091728801,-0.021732051950655,0.0435901212501708,-0.0670769147042078,0.014665596113756,-0.0020956929038832,fashion_lifestyle_elite
0.0170642272722968,0.018069122558367,-0.0112079716964305,-0.002526125299961,-0.0095424735386219,-0.0232566264831548,-0.0564889206668851,-0.0525040696896753,-0.0492250411993562,0.0303257706754817,-0.006054234799534,0.0063229717836958,0.0194916131358378,-0.0097519371717599,0.0172721577056569,-0.0195807939934748,0.0029192443437393,-0.001636206082273,fashion_lifestyle_elite
0.1192743103175997,-0.0271237849976716,-0.0218961181824422,-0.0662463360708797,0.0179330205150435,0.0734285063277662,0.0266917870757546,-0.112766067561395,-0.049555543730192,0.0014406634019929,-0.0012517790298611,-0.032567736158853,0.0012981050874333,0.0470189866395656,-0.1174680712741042,0.2146549649687122,-0.0492643200748167,0.0040422465643442,trendy
0.139310472705653,-0.036159018312017,-0.0241501502358319,-0.0791372282113256,0.0235664630077962,0.0927639860252536,0.0431610442349528,-0.1246409735264592,-0.0497911552706322,-0.0042017144300815,-0.0004994590729416,-0.0405913253608371,-0.0022535486764509,0.0587125687274299,-0.1443765528777051,0.2615407369038615,-0.0600701705489603,0.0047889153348247,['fashion_lifestyle_elite' 'trendy']
0.2415631637311469,-0.0807672967055288,-0.0344452480544064,-0.1425899180215704,0.0517916316364326,0.1895783883729927,0.1263852370741964,-0.1847909975571162,-0.0499764624865047,-0.0323344619085948,0.004097362602843,-0.0796735830651446,-0.0197993620893905,0.1159598844282395,-0.2784396932752007,0.4957594840700954,-0.1130807083332406,0.0099021461814724,trendy
0.2620240869300506,-0.0897624150540104,-0.036322818400334,-0.1552492317059458,0.0575235711336026,0.2091148214619928,0.1430618996648265,-0.1969256779706144,-0.0500583380236707,-0.0380654691354464,0.0050531322577258,-0.0875129822697515,-0.0233454531143655,0.1271708170151701,-0.3052554388064374,0.5425593628519507,-0.1234286575032885,0.0112391321945933,trendy
0.3030406118706541,-0.1073211974213774,-0.0396666146601029,-0.1797910040636128,0.0697478049110854,0.2480357922710328,0.1765848443960204,-0.2213784933768491,-0.0499241308258546,-0.0489145841712806,0.0071639161789403,-0.1029117477162727,-0.030351159542604,0.1489619048645827,-0.3592647952719996,0.6366931621006869,-0.1434376153122289,0.014668434034637,fashion_lifestyle_elite
-0.2505800672243348,0.1508594149030877,0.0064395903234903,0.1679149040760283,-0.091978209860726,-0.3044401945068117,-0.3222924518774071,0.0787706129044829,-0.0839418936412146,0.1248700227594928,-0.0246360029073531,0.1145883875715812,0.0793987531865153,-0.1735444902450504,0.3961488180887209,-0.6748933854037114,0.1515694499338319,-0.0156081528209426,fashion_lifestyle_elite
-0.1467596891030382,0.1075985768291273,-0.0017856439370982,0.1061368354801104,-0.0667364498352254,-0.207672349266956,-0.23745292221846,0.0162035841870908,-0.0811044720834999,0.0984261006312812,-0.0170853547080123,0.0793310404130691,0.0623947520266765,-0.1153328635297294,0.2604124580074454,-0.4391134567603907,0.0980789483818982,-0.011648111244814,fashion_lifestyle_elite
-0.1265912011030395,0.0978648349522189,-0.0045291017205433,0.0925906507502086,-0.0616863865611105,-0.1886640141049488,-0.2215551354022926,0.0049609841453252,-0.0818573417739652,0.0919697944866648,-0.0167655659902934,0.0708561803746808,0.0582289779318058,-0.1033383942121417,0.2339037618673465,-0.3921905194765507,0.0871790125821744,-0.0113027153428421,trendy
-0.0644781601741007,0.0716287824008321,-0.009174508336437,0.0561897705055688,-0.043686797309893,-0.1299771558395461,-0.1706059271697254,-0.0324456264234602,-0.0807806533893454,0.0756734392070666,-0.0129336690960132,0.0486411519418163,0.0482387458385,-0.0701879210675903,0.1543719040413003,-0.2508498981025457,0.0566297203861758,-0.0064694442805014,fashion_lifestyle_elite
0.0069090480925862,0.0544735284953113,-0.0052580471298725,0.0271363543755362,-0.0240553382159471,-0.0695338360095217,-0.1092768683848944,-0.0782715423914657,-0.0697572046514105,0.0669034643217294,-0.0003934969762863,0.0355164102656934,0.0465665715710523,-0.0375161330189812,0.0729940864440965,-0.1142452495866405,0.0265607433672012,-0.0014579058976603,main_stream
0.1381081278503921,-0.0184620769860637,-0.0305034613169044,-0.0719225477429081,0.0131394200648452,0.0640034692865907,-0.0054678068291513,-0.1517898585839601,-0.0825709983714965,0.0189498839874553,-0.0047579127735472,-0.030811971076586,0.0124651870361066,0.0441183941194568,-0.1152194362870796,0.2171788340013017,-0.0499092673189548,0.0036885425525917,fashion_lifestyle_elite
0.1582556701276891,-0.0274074144408028,-0.0326336852567822,-0.0847766303088162,0.0187017481311413,0.0832890109231988,0.0111503117800865,-0.1637755375902649,-0.0826446759944071,0.0133976588179105,-0.0038655148293937,-0.0386809712966191,0.00899780072464,0.0558917837634968,-0.1418704075258542,0.2642059081841425,-0.0607804037550186,0.0042932831351459,['fashion_lifestyle_elite' 'trendy']
0.2016701967041783,-0.0427376540993184,-0.0339537890117289,-0.1070131941599061,0.0314934202785546,0.1227495429243871,0.0472422075250771,-0.1903358483724578,-0.0797297674772128,0.0046060018355953,0.0004899480209742,-0.0513692917922316,0.0039734900857708,0.0774462951315063,-0.1940321285208228,0.3583224373850655,-0.080797275246021,0.0081803798265423,main_stream
0.3018035488195553,-0.0897324461302354,-0.0462120037989317,-0.173158136710667,0.0586005485604235,0.2193217420230338,0.1280933680093686,-0.2484861119675413,-0.0824859811854704,-0.0256745637380295,0.0029861496212646,-0.0930118234733291,-0.0153308140298339,0.1351219437148632,-0.3291619559121881,0.592429726592362,-0.1340922147736207,0.0126852051582744,fashion_lifestyle_elite
0.3226142855906181,-0.0979296665300422,-0.0474169208489664,-0.1852088083103924,0.0644620064623162,0.2387255392790284,0.1454762174871664,-0.2612173678465939,-0.08171085094106,-0.0305709714961008,0.0046544883068415,-0.1000050228724475,-0.0182146546978738,0.1462113300457793,-0.3561777625143691,0.6395140973535831,-0.1443861720724309,0.0141673913400752,trendy
0.3433678745533347,-0.1062056201791158,-0.0488177037451964,-0.1973747901787939,0.0702482607687762,0.2581244732916977,0.1627711491008454,-0.2738543859555174,-0.0810320924300432,-0.0356050995430009,0.006238442923894,-0.1070920142500716,-0.0210846676594541,0.1575074896269891,-0.3830524166749594,0.6864340460090751,-0.1549268552893271,0.0153760640505019,fashion_lifestyle_elite
-0.2300536449482457,0.1597766878061209,-0.0017090768724357,0.1640705201501696,-0.0960975432239385,-0.3134074485271753,-0.3535971406589858,0.0389608074098296,-0.1160313772046996,0.1424202293173901,-0.0274665936542955,0.1173611354565018,0.0906442480112833,-0.1790533524968931,0.3988281241651746,-0.6718007665561788,0.1557453044023614,-0.0115410849252368,main_stream
-0.1653735361527655,0.1369761360552132,-0.0026710343693416,0.130019201104191,-0.0802632749706338,-0.2545245642290683,-0.2993497669281096,-0.0018950876168548,-0.1105951945009602,0.1294445505493143,-0.0193975088275374,0.0997793600476215,0.083899183852063,-0.1429570479303103,0.3175160813889555,-0.5305085672273944,0.1205191318723098,-0.0113183887530904,main_stream
-0.1457308465617644,0.127550077052574,-0.0052753399706314,0.1166254563149985,-0.0752579187902643,-0.2354412934602841,-0.2833870732921627,-0.0134205073648056,-0.1112603270087965,0.1234920221781872,-0.0190175461682604,0.0914537917866074,0.0794850293569804,-0.1314407264343595,0.2900170101753812,-0.4835467870809093,0.1096364190959895,-0.0107502094783884,main_stream
-0.1071149725737694,0.1071298956959203,-0.0117305058876659,0.0882230537684425,-0.065736608078361,-0.1978048612474071,-0.2528558684130274,-0.0349532424814414,-0.1139634389044065,0.1100555675719247,-0.0195279543029159,0.0734710216858171,0.0698803149306276,-0.1078575103460356,0.2367318673855175,-0.3889278730459543,0.08788497186243,-0.009974621009049,main_stream
-0.0865300929089933,0.0978587048603991,-0.013877364050345,0.0756345135202823,-0.0599514389055027,-0.1783885025992419,-0.2364476208935362,-0.0469198743975504,-0.1141156542894841,0.1041033212869323,-0.0187093160104291,0.0656602910687896,0.0659928844658902,-0.0964244395876609,0.2100581233486778,-0.341979682949708,0.0776890620618609,-0.0085614204732835,['fashion_lifestyle_elite' 'main_stream']
-0.0661487657107654,0.0890885989147344,-0.0157383116412695,0.063221289456239,-0.0540689281922898,-0.1588643173176198,-0.2195928131003303,-0.0593086017351868,-0.1138797475840144,0.0986511679752755,-0.0175135410727905,0.0581509897498423,0.0627054660755943,-0.0849275998241874,0.1836506851004151,-0.2948669089859088,0.0670095929967016,-0.0074480350470751,fashion_lifestyle_elite
0.0006381334953252,0.0671740293084136,-0.0159616686409523,0.0306967204539043,-0.035267069482861,-0.0987302290895801,-0.1637353172727032,-0.1001759149422269,-0.1083012103276998,0.0858353277719552,-0.0098873614740974,0.0396080036970058,0.056964739686503,-0.0532867653853161,0.1044088998345749,-0.1549146406163863,0.03740668027102,-0.0010630403591724,['fashion_lifestyle_elite' 'main_stream']
0.0210255273584892,0.0587730535782567,-0.0178557144660312,0.0181837993096922,-0.0292965203185878,-0.0793458654663292,-0.1467607636262061,-0.1125052308285039,-0.1079526221267751,0.0807047971702612,-0.0086211611219857,0.0322332069977267,0.0538546386506127,-0.0415515336181564,0.076190525634754,-0.1090247410354815,0.0265329676962485,-0.0004111818779841,main_stream
0.0565249248803837,0.0360570380477528,-0.0263695730743033,-0.0118791836750671,-0.0178083338965683,-0.0411859044787995,-0.1196676073701455,-0.1314894730685255,-0.1139789129242917,0.0660111791074627,-0.0123474245751082,0.0109315841589027,0.04242221167214,-0.0179789566205524,0.0240795149872656,-0.0128465882230878,0.0044802143028376,0.0008023668869899,fashion_lifestyle_elite
0.0765979535627855,0.0267181286301463,-0.0289497895916791,-0.02523066131701,-0.0126048938095904,-0.0219671392775045,-0.1034157522574313,-0.1432766371594259,-0.1144665228979087,0.0601627020773269,-0.0117278758111838,0.0028301919641367,0.0383186245873691,-0.00616156581281,-0.0037857651955495,0.0333472629812803,-0.0065716075343445,0.001402130268982,fashion_lifestyle_elite
0.0967675769084241,0.0175330940637742,-0.0315574942445133,-0.038601986153495,-0.0078534250289073,-0.0028217386203717,-0.0869208197348441,-0.1551919084627986,-0.1146755321288602,0.0543879915187262,-0.0107601595083848,-0.0050406364119717,0.0344506714861336,0.0058988889581794,-0.031728982149015,0.0794208381509034,-0.0178631329537705,0.0016832090977082,fashion_lifestyle_elite
0.1169607905181903,0.0082460094674535,-0.0341125996270329,-0.0517991034265767,-0.0028723373834188,0.0162921376713332,-0.070546537478259,-0.1669625945152162,-0.1150301886781212,0.0483523785701078,-0.0099045983558948,-0.0130616900859722,0.0305701208688929,0.017666337810754,-0.0591141584880938,0.1259018438672033,-0.0288429458129858,0.0021886681063064,fashion_lifestyle_elite
-0.2097500073745747,0.1684481535821735,-0.0100855500995324,0.1594412319266826,-0.1005820868550738,-0.3226011330393069,-0.3849188866129577,-0.000607907528668,-0.148414261305067,0.1597313604783894,-0.0306291020056628,0.1196579640610416,0.1017659163081426,-0.1837367962196304,0.4029597097859592,-0.668574625970589,0.15858549930346,-0.0089128817320492,['main_stream' 'trendy']
-0.167049057606656,0.1541441540011868,-0.009724018586434,0.1365618939041562,-0.0901638401484808,-0.283213899762837,-0.348422603448054,-0.0283740717324947,-0.1440337879795844,0.1521859065950115,-0.0244085397362096,0.1089012127595162,0.0982250921608438,-0.1573779677028541,0.3476901504505455,-0.5747498808448928,0.1310682569040741,-0.0119667588255702,main_stream
-0.1448058733722597,0.1476781877329924,-0.0093240623937457,0.1256848513563581,-0.0842554759447656,-0.2628760639705764,-0.3291813903996132,-0.0425665789638222,-0.1414763950415918,0.1487676504394482,-0.021238180650478,0.1033610928268959,0.0974483071063486,-0.1455524199016326,0.3209104548831652,-0.5285833865358642,0.1192507099134259,-0.0115570177646649,main_stream
-0.1258735094939016,0.1374429165360559,-0.0124182553630009,0.1118890683238474,-0.0794843162080092,-0.244139964329884,-0.3141223369174857,-0.0534710237717619,-0.142896389633896,0.1421070490982422,-0.0214219104188355,0.0944350294874797,0.0922643158336214,-0.134316072661515,0.2932187570422634,-0.4812264425760995,0.1087253681227056,-0.0107860060320258,main_stream
-0.1072576795484724,0.1263830730601723,-0.0162070514356964,0.0974346600254925,-0.0747398459945832,-0.2256714614356656,-0.2997611135262373,-0.0637023833149423,-0.1450601201693849,0.1347074068164297,-0.0223533066676781,0.084811234024476,0.0862658033558766,-0.1231444583843315,0.2663563969019651,-0.4332606777066593,0.0986297855489165,-0.0098491110557855,fashion_lifestyle_elite
-0.0873348741724367,0.1162966853845916,-0.0190308452516662,0.0838579011120599,-0.0695334330629184,-0.2066667478316944,-0.284245936516174,-0.0747762383079831,-0.1461459675348177,0.1280192393351426,-0.0224371123966929,0.076022744951827,0.0814538749563305,-0.112091567962317,0.2402798218232189,-0.3855159104132708,0.0887754735228181,-0.0084524110021111,['fashion_lifestyle_elite' 'main_stream']
-0.0670071556681594,0.1070287962736223,-0.0214664346559988,0.0709914999609323,-0.0640765536130717,-0.1873958265085639,-0.2678529377627046,-0.0867019345674288,-0.1463654219501744,0.1220383590730771,-0.021666996274903,0.0680622727515344,0.0775790755670898,-0.1005868819861032,0.2136082423030671,-0.3384810770515863,0.0784706328850187,-0.0072830767402889,['fashion_lifestyle_elite' 'trendy']
-0.0470559335477738,0.0981337246973266,-0.0237325781014889,0.0580416245380824,-0.0585721629015933,-0.1680233288341246,-0.2512234338398372,-0.0988313522223998,-0.1463510767417666,0.1164833554072183,-0.0206588507844358,0.0603116199956706,0.0742683192114527,-0.0885141659237321,0.1867962105721878,-0.2917142763798327,0.0670280534618226,-0.0069683968585903,fashion_lifestyle_elite
-0.0269068357219412,0.0895058952370426,-0.0254966877730374,0.0453953183076924,-0.0528638403730626,-0.148599636927251,-0.2344140472878097,-0.1109524934953568,-0.1462428954035311,0.1110910269373734,-0.0195918375960352,0.0525350408977779,0.0712713181103316,-0.0769583874816421,0.1601086277298883,-0.2446551810302032,0.0560375338724888,-0.006151438414999,fashion_lifestyle_elite
0.0359849516562959,0.0640023549352551,-0.0302127997561513,0.0091078286860481,-0.0347894617233231,-0.0894655543240353,-0.1832169230027918,-0.1478118861804212,-0.1450835653984769,0.0955513513930813,-0.0158452307892222,0.0301007125319863,0.0619471230735079,-0.0440002296929229,0.078459131579518,-0.105123611701255,0.0252305754423229,-0.0012373469740372,main_stream
0.0757208305217932,0.0450776333146731,-0.0346582459499359,-0.0171684958259751,-0.0230730457403085,-0.0507850767514132,-0.151115602029154,-0.1712390778341419,-0.14624002423213,0.083819639730173,-0.015119490946857,0.01349945608389,0.0539051080777623,-0.0208385378581189,0.0256190392829585,-0.0107113158667591,0.0039682794210716,0.0004759440380714,fashion_lifestyle_elite
0.1359093526195416,0.0171739050357063,-0.042106872335798,-0.0570380649853548,-0.007606955372828,0.0070194073486408,-0.1021828341894346,-0.2065717445070658,-0.1475403161490786,0.066109582744337,-0.0129572370671403,-0.0107728710486887,0.0420687365404869,0.0144752727423205,-0.0567234955496957,0.128552381011216,-0.029168283957439,0.0024468905224684,['fashion_lifestyle_elite' 'main_stream']
0.1759199434426573,-0.0005371609176327,-0.0466812080590396,-0.0826507238623574,0.0040379150247585,0.04568903046542,-0.06918325857521,-0.2303819396200823,-0.1479625667702459,0.0549966494732744,-0.0113904264377161,-0.0267518341724112,0.0353035911382522,0.0379826124737089,-0.1105675259608277,0.2222558178500443,-0.0511891723950237,0.0038286375427152,fashion_lifestyle_elite
0.2171780433569869,-0.0182204578741804,-0.0504047916249888,-0.1076057104426953,0.0155865653237409,0.0845885113802072,-0.0355803826417419,-0.2547741230724996,-0.1475974184868215,0.0440030013426362,-0.0093161514871373,-0.0420476359106592,0.0285010321353071,0.0602130906657434,-0.1637336309681758,0.3163734697314344,-0.0717291413732129,0.0064173107309178,fashion_lifestyle_elite
0.2377610646954359,-0.0268848935861278,-0.0520831021401757,-0.1199982326341252,0.0214013926678118,0.1040146028792593,-0.0186812629710453,-0.2669275766294253,-0.1473418045683747,0.0387369273624985,-0.0082202660267977,-0.0496139170432813,0.0251704265574605,0.0714676441577843,-0.1900752567765508,0.3636332272917985,-0.0821799474343303,0.0075831168763145,fashion_lifestyle_elite
0.2787134558754015,-0.0442355102503374,-0.055047957836236,-0.1450447534414271,0.032995847819244,0.1433132048700335,0.014718851964061,-0.2910054904366634,-0.147119025532456,0.0283131476768759,-0.0063943331020203,-0.0651535961539711,0.0183350114532566,0.0935177887033821,-0.2429067316058681,0.4580734018888762,-0.1028914627865244,0.0106794597372604,fashion_lifestyle_elite
0.3977656457898976,-0.0598891082931325,-0.0371313628670399,-0.1883712460229695,0.0545906774145199,0.2387361187422913,0.1281230093661403,-0.3722887837137728,-0.111988980740641,0.0269338616033536,0.0281655344981019,-0.0692552388153935,0.0270499548772194,0.1505540864950316,-0.3734278870757859,0.6987717732943795,-0.1577679557871082,0.0159369349217074,main_stream
-0.1889032341779674,0.1786577648744544,-0.0159387495160866,0.1557698626278348,-0.106074020512874,-0.3316274118836216,-0.4147707083395103,-0.0420743618530394,-0.1786534713698541,0.1790164230204291,-0.0315197810578495,0.1243041628792079,0.1141387913887354,-0.1860803911033315,0.4068690727072838,-0.6653720253332691,0.1567686565223869,-0.0104006773819252,main_stream
-0.1485057608770065,0.1623951670062415,-0.018371712445614,0.1309839345474695,-0.0946925468581983,-0.2929321184487201,-0.3807038205424782,-0.0674125373591253,-0.1771429223773944,0.1694001614957389,-0.0280067020571972,0.1106002556947785,0.1090256127194401,-0.1604698192985451,0.3501132256886585,-0.571687861503611,0.1309358675028643,-0.011852967983208,trendy
-0.1077457307734138,0.1451567027782073,-0.0213967971253151,0.1054005143140104,-0.0847405866856262,-0.2538190378265799,-0.3471426609353341,-0.0918427117526882,-0.176568185037417,0.1589650220679542,-0.025599941354783,0.0956781903418025,0.1024132145818866,-0.1372164130250833,0.2957663445669809,-0.4782057625252576,0.1082040478812153,-0.0109381210217584,fashion_lifestyle_elite
-0.0674127152818663,0.125401319350881,-0.0265894653615487,0.0791154748241798,-0.0740191221531857,-0.2156445568885849,-0.3155163923316119,-0.1146214714018263,-0.1782287861468969,0.1459807784712622,-0.0252489477663766,0.0786414291378513,0.0929606064525494,-0.1157228792749086,0.2439929727508652,-0.3823327960879685,0.0891127223652585,-0.0076351609536539,['fashion_lifestyle_elite' 'main_stream']
-0.0469297484683795,0.1162947526635982,-0.0289641498185179,0.0665213669626582,-0.0683656872545704,-0.1964185888327864,-0.298859928667269,-0.1266902484887358,-0.1782649118514756,0.1400615949456742,-0.024279466011597,0.0707562037007766,0.0893771938977129,-0.1044106979786357,0.2176867437863437,-0.3350988997028495,0.0789912042471615,-0.0063469010170934,main_stream
0.0123538669746105,0.089403376830296,-0.0357092937353968,0.0274750366905423,-0.0519577568791239,-0.1384546140425317,-0.2496180600782923,-0.1623532257794073,-0.1788663305957077,0.1232461374150265,-0.0218089282599198,0.0468411603141421,0.0791648828330319,-0.0690300236620347,0.1352266788468157,-0.195276709308337,0.0451465922556591,-0.0048910458980873,main_stream
0.0328573147293542,0.0806495375082536,-0.0378842518224419,0.0144716153245728,-0.0462791944381202,-0.1186686600489916,-0.2330922325174346,-0.1739354465799537,-0.1790247482132166,0.1180389176938211,-0.0211896232647514,0.0386999004284502,0.0757619485599064,-0.0574632357044203,0.1077847654846025,-0.1490009249611878,0.0342018479097808,-0.0037496943351261,fashion_lifestyle_elite
0.0533200316743449,0.0714276763361681,-0.0403584659798772,0.0013859920567726,-0.0405142536491872,-0.0992198532698345,-0.216847530459128,-0.1853986295681855,-0.1794846961474827,0.1123664627960937,-0.0206807166943316,0.0304810914725576,0.0719629114587393,-0.0457922477532228,0.0802695081385796,-0.1027565587154948,0.0234518969982918,-0.0027290216167828,fashion_lifestyle_elite
0.1353595704557706,0.0358235102158837,-0.0473278960860904,-0.0486707578899525,-0.0176075389589245,-0.0216685957099525,-0.1497311951344967,-0.2347454969836137,-0.1790894025824474,0.0901580243731986,-0.0163437015971971,7.638728116047236e-05,0.0576803641352037,-0.0006360649981504,-0.026530711144401,0.0849383508652594,-0.0183841141434192,0.0018070386289819,main_stream
0.1952718566145612,0.0084629078218767,-0.0545420989417721,-0.0876584113216441,-0.0004708586829284,0.0364779840072093,-0.1007589293983578,-0.2699856985086556,-0.1802642950419271,0.0729058232695161,-0.0144042654672833,-0.0243821044769344,0.0467940334623323,0.0343085370503723,-0.1078810842613396,0.2251571066049972,-0.0510929896192531,0.0042325020964824,fashion_lifestyle_elite
0.2153891450185504,-0.000439746773283,-0.0566714980879512,-0.1007954982121737,0.0047829148986597,0.0559198332145037,-0.0843385988249967,-0.2817223644018764,-0.1804133234152026,0.067515175359029,-0.0137680783676601,-0.0324529610185256,0.0432767462767444,0.0458879396407194,-0.134708092137816,0.2720700985655301,-0.0619922857546051,0.0050007465349775,fashion_lifestyle_elite
0.2359371034960814,-0.0095541364004764,-0.0587736666925939,-0.1133448525085017,0.0106104540688773,0.0751603226930446,-0.0677228329577155,-0.2937826971057581,-0.1804922130774829,0.0616134766988966,-0.0128209311854483,-0.0402612027203089,0.0397140055909467,0.0571716471285896,-0.161326055893087,0.3190800499158683,-0.0723151263110707,0.0061481112084317,fashion_lifestyle_elite
0.2768399149701087,-0.0273570204156602,-0.0625335718665506,-0.1385298359530147,0.0221158860668639,0.1141371238791376,-0.0342672175504636,-0.3179761265708339,-0.1803910575509815,0.0506065138193066,-0.01095718353832,-0.0557681616895286,0.0326935253521393,0.0796005889829427,-0.2144404315061596,0.4132831494709327,-0.0931108659110496,0.0087079852637741,fashion_lifestyle_elite
-0.1673929979176743,0.1891123665573127,-0.0219900637098176,0.1522891968120848,-0.1105584489586067,-0.3403051744161333,-0.4441276371158737,-0.0834005072840096,-0.2090930184381897,0.1983271808358115,-0.0327883357911196,0.1281884546512792,0.1269954584766247,-0.1893925112168445,0.4118670177240525,-0.6629327279644226,0.1565560707386099,-0.0103895020288453,main_stream
-0.129786053245195,0.1703376101102754,-0.0273870256090266,0.1254492218474694,-0.09952588580223,-0.3029633641724725,-0.4131706254346379,-0.1063842378743249,-0.2102906223006693,0.1863977138771243,-0.0317598976982925,0.1122114500613228,0.1193577061071409,-0.1638987968287534,0.3523349878918025,-0.5685776606138959,0.13131498051075,-0.0115981581771729,trendy
-0.1098899326708682,0.1617831426975437,-0.028821107335319,0.1121113292119208,-0.0950300532086075,-0.2832354847256899,-0.3965877766958036,-0.1184144569940969,-0.2101794610984266,0.1813306617561324,-0.030609863247433,0.1046795790989463,0.1161083083260654,-0.1518420054515303,0.3246961312126318,-0.5220807820118125,0.1190760668573615,-0.0116602745427522,fashion_lifestyle_elite
-0.0478716140009279,0.1345798952521044,-0.0345744730795814,0.0741475288686567,-0.078732691696308,-0.2249029671063213,-0.3467886820054473,-0.1545292795815652,-0.210221987614332,0.1641147508864275,-0.027941355585843,0.0813874694198086,0.1045862436655996,-0.1187080092474894,0.2464363915352072,-0.3800076915813556,0.0884562496882942,-0.007794667424712,main_stream
0.0515770205587332,0.0891626894471682,-0.0463591026368028,0.0084306792957806,-0.0515097312948036,-0.128087411251354,-0.2652692215314305,-0.2131624797131218,-0.2119276740653286,0.1356554855255054,-0.0246502048701399,0.0406489314199947,0.0866118089548435,-0.060138677700095,0.1098358324754136,-0.1467761878554226,0.0333185479487222,-0.0042819692074796,fashion_lifestyle_elite
0.0719275377139868,0.0800436374680519,-0.0488038156933476,-0.0043102876089508,-0.0456041010118765,-0.1088440259324392,-0.2487554931963762,-0.2250139307483636,-0.2121543730656576,0.1298940904379792,-0.0238788267771758,0.0327347201763279,0.0830035727845974,-0.0485540168278591,0.0826248471419558,-0.100131383523657,0.0228313281650374,-0.0033010636350286,fashion_lifestyle_elite
0.1542641526355118,0.0449716047185271,-0.0555487917855084,-0.0541361938142478,-0.0222166237794148,-0.0307993599505158,-0.1814536616127676,-0.2740762101745844,-0.211498268994351,0.1083895693710253,-0.0196208292368472,0.0022455282189424,0.0693278800238943,-0.0037231791009298,-0.0237350829316057,0.0877403593158092,-0.0191196010184977,0.001537728020977,fashion_lifestyle_elite
0.1947238841507205,0.0265637432405644,-0.06018600608536,-0.0794318239838606,-0.0106946041949968,0.0074611560703419,-0.1483794104250632,-0.2982626359313007,-0.2120327421177796,0.0961872758208966,-0.0175180884455327,-0.0134664119728875,0.0621265227638174,0.0193557874004864,-0.0783063464771269,0.181162476316163,-0.0398483208310071,0.0035968664924794,main_stream
0.2348064402961118,0.0082684101591449,-0.0647686246854699,-0.1057590548321704,0.0002198802918801,0.0463688005787526,-0.1158869791196942,-0.3214902095797843,-0.2128003170661527,0.0848490901220951,-0.0166473145361716,-0.0299667469982561,0.0546334262499238,0.0424066830686018,-0.1317123821871276,0.2750568164227803,-0.0618216006369909,0.0052149164811534,fashion_lifestyle_elite
0.2551175255000201,-0.000899619601276,-0.0670202727889657,-0.1185708318446741,0.005902755549429,0.0656391580859002,-0.0994381321918603,-0.3333657643082087,-0.2130535494863152,0.0789788544423058,-0.0158802519556415,-0.0379741324225493,0.0509940025787469,0.0538534373125654,-0.1585374211957212,0.3219325783383836,-0.0723908876712597,0.006184545930709,fashion_lifestyle_elite
0.3161078725802141,-0.0273374123124072,-0.0728608083225637,-0.1566002681753815,0.0230535576721917,0.1243937003888859,-0.0493297109089506,-0.3695774323510578,-0.2129209786943738,0.0629317819412993,-0.0132339287717362,-0.0613912034552197,0.0406908477062352,0.0876384982418671,-0.2391519251947947,0.462554117342377,-0.1040429468655951,0.0100362083010123,fashion_lifestyle_elite
0.4209194625247782,-0.0693946941406055,-0.0801565164243986,-0.2178914786102617,0.0510892020450145,0.2212841640491389,0.0372142363948743,-0.4323137742902956,-0.2095889013063864,0.0367373242715183,-0.0053366113833607,-0.0968595198689299,0.0254517723592182,0.1442619022128902,-0.3726212206008798,0.6980482067426748,-0.1567152616373012,0.0158177682633298,fashion_lifestyle_elite
-0.1492445746453161,0.1973934024983727,-0.0306504837445156,0.1461574207404532,-0.1160698346527221,-0.3502430224185784,-0.4770092789486786,-0.1220493279605858,-0.2421298910758768,0.2156570922398034,-0.0364340489630422,0.1302871989143671,0.1378759308462079,-0.1918625296721675,0.4122830600446961,-0.6596337241011918,0.1547655010662187,-0.0116911521717349,['fashion_lifestyle_elite' 'main_stream' 'trendy']
-0.111171756575525,0.1785623024361745,-0.0361154310512407,0.1198642499837291,-0.1046893578019389,-0.3126550893991296,-0.4455798303969426,-0.145401838698523,-0.2432852756613173,0.2037183880680014,-0.0352800627090236,0.1140897790423344,0.1299348461576442,-0.1672170613126014,0.3545253752719552,-0.5655241177975882,0.131095489901293,-0.011867439177236,trendy
-0.0913665879848288,0.169798028944642,-0.0378375578186255,0.1064547076638988,-0.1000098312132617,-0.2930355583852315,-0.4291727074687947,-0.1573239125447128,-0.2433977733923454,0.1983834308664717,-0.0343282777185011,0.1063402716178645,0.1265039753045541,-0.1552538628071629,0.3269081647782563,-0.5190175803660096,0.1190989490885316,-0.0117115575086645,main_stream
-0.0713020303843693,0.1609235864500778,-0.0396313585390725,0.0932246042351731,-0.0950486947021769,-0.2734263806040686,-0.4127600994022696,-0.1692326912638108,-0.2435315652921284,0.1929011163747896,-0.0334904715075165,0.0985521098786344,0.1229660191932729,-0.1435561537706812,0.3000090591212466,-0.4722610626870142,0.1077689881485725,-0.0111424299308188,fashion_lifestyle_elite
-0.0292523590698019,0.1434750060617895,-0.0431740017463232,0.0688962562555364,-0.0831889802285731,-0.234651746341039,-0.3785868934585662,-0.194094471897284,-0.2428004912199412,0.1819442598357725,-0.0309714663430711,0.0837245836973753,0.1161515751022241,-0.1211844651065541,0.247752170648554,-0.3779194567089698,0.0875999522196727,-0.0085281976218443,main_stream
-0.0084117406214726,0.1344163329682546,-0.0452314819802781,0.0562238289732455,-0.0776130992707734,-0.215167277110235,-0.3618332681207483,-0.2062048633628399,-0.2426611706732978,0.1762062460844845,-0.0299280426838691,0.076043205363975,0.112578283419637,-0.1098902472787427,0.2215528138462339,-0.3309934863166405,0.0770137974294088,-0.0073429116451605,['fashion_lifestyle_elite' 'trendy']
0.0911634623098086,0.0887386588384096,-0.0567073032859372,-0.0089257254627932,-0.0498146102156509,-0.118383007500964,-0.2803360436799312,-0.2651018325141459,-0.2445056746581241,0.1474155501823903,-0.0267042364591533,0.0354040574071238,0.0941588729983703,-0.0521460540725235,0.0855401378168155,-0.0970487002800913,0.0230810842500696,-0.0029798090194179,trendy
0.4381618204134437,-0.0630016738587803,-0.0907491583330355,-0.2247266576841552,0.0470659264282584,0.2119132947684625,0.0029017794880704,-0.4700831104432094,-0.2450605879978026,0.0522171614245337,-0.0108826776218682,-0.0974740419204363,0.0347499404961608,0.1412481481241348,-0.3704882887724075,0.6998586643015924,-0.1569820392583104,0.0156953654606971,fashion_lifestyle_elite
-0.1127737125524419,0.1960270326179871,-0.0422162961307109,0.1264167473925734,-0.1161627022394198,-0.3411257824390473,-0.4944910286337156,-0.1722348446113385,-0.2761213341749002,0.2269152938600498,-0.0397738810659628,0.1238895358492732,0.1444671287850702,-0.1820650227992057,0.3850282417212918,-0.60931989844156,0.1410361613651881,-0.0130049440421648,['fashion_lifestyle_elite' 'main_stream']
-0.092730928194728,0.1870360168247015,-0.0443914010550843,0.1138117620730767,-0.1104466947027677,-0.3219821116793033,-0.4779847660846997,-0.1844610703878701,-0.2761394223071164,0.2212624566648512,-0.0386964141577274,0.1161978024410308,0.1408025677519005,-0.1701901818192102,0.3571548244011723,-0.562521547130476,0.1298237008465538,-0.0126153281443449,main_stream
-0.0108722804479136,0.1522259515262127,-0.0518506958372347,0.0635960729551087,-0.0875282934759233,-0.2444597868802571,-0.4105956362857376,-0.2334557914161007,-0.2756199512950328,0.19959033828748,-0.0342574536241626,0.0857681523360817,0.1275832249863273,-0.1239226610482651,0.2493308188320331,-0.3754056086856174,0.0872582710468291,-0.0089389405268117,trendy
0.0295899554050532,0.1333132980859884,-0.056530832459188,0.0373321430891589,-0.0768536063239451,-0.2054489301604607,-0.3782907907158568,-0.2568279183243795,-0.2764483559588618,0.1874860505198589,-0.0331388654632131,0.069428624863781,0.1195383928049251,-0.1016151075159861,0.1961195038887478,-0.281450486470003,0.0659563795726255,-0.0064533482086015,trendy
0.1102576872808576,0.0973850422647619,-0.0647574664892224,-0.0140445332675436,-0.0543667805301506,-0.1277091445923321,-0.3121905404620332,-0.3047336245455531,-0.2770973327059329,0.1650042503395063,-0.0298093910446096,0.0377223541454678,0.1053251351485553,-0.0556227513278174,0.0883284720726103,-0.09416140407698,0.0228270885095383,-0.0028271329780398,trendy
0.1713801100124437,0.0707878917450356,-0.0707688378799124,-0.0525416995212508,-0.0375478820292541,-0.0691725748689147,-0.2622749543504711,-0.3406716904304287,-0.2772543038832618,0.1484838243389311,-0.0272490097903604,0.0140370596291149,0.0949288389073974,-0.0213115494115811,0.0078302706900299,0.046156489199591,-0.0094269225730392,0.000143228195859,fashion_lifestyle_elite
0.1916722645559188,0.0616794949997905,-0.072909325868895,-0.0652239733540116,-0.03173389133917,-0.0498305478975758,-0.2457640909519798,-0.3526695815472711,-0.2774501323094053,0.1426961318059164,-0.0264008849354498,0.0061020492016937,0.0913221454258161,-0.0099411241095063,-0.0189743252969501,0.0930575207931299,-0.0199081747778537,0.0012855724769599,trendy
-0.0335572275436636,0.1779561969709133,-0.056416001432023,0.082540937828119,-0.1046741184852309,-0.2923846815089414,-0.476881461102199,-0.2480210293084185,-0.3089491321611483,0.2278648500488611,-0.0400322170814828,0.102948844643486,0.1448683533265595,-0.1501084855440901,0.3055721685118327,-0.4661866254970753,0.1071966155227777,-0.0113319009026545,main_stream
0.108854839667369,0.1150443387145483,-0.0709170446479929,-0.0066741986920877,-0.0647854074250595,-0.1564646980380027,-0.3607297346754545,-0.3321301476995561,-0.3096916594294202,0.1882788735642018,-0.0339285791770674,0.0477378385148479,0.1200922535759244,-0.070297304322598,0.1177714294448995,-0.1382388564198694,0.0330129589061525,-0.0038774808626626,fashion_lifestyle_elite
-0.0750828818667044,0.2320449605374155,-0.0635261227462676,0.1235795050865542,-0.136972351772484,-0.387997293312291,-0.605865126893595,-0.2793454475200023,-0.3729184384018037,0.2864033821097201,-0.0493621773249067,0.1393475158845005,0.1820303099053884,-0.2030517736168684,0.4197626140663211,-0.6480798206507753,0.1497204531104311,-0.0146386999728048,main_stream
