0,1,2,3,4,breuni_class
0.3297464910848705,-0.2158346092281383,0.9972479666918188,0.17148529779466562,0.08194742214267785,fashion_lifestyle_elite
-1.5944782374343853,-0.42297858218580975,-0.3700018737259575,0.23149713515561257,0.6913224492680174,fashion_lifestyle_elite
3.7607994156425315,0.1868508051035673,0.08797129733411647,1.2027703962322536,0.7297043901226196,main_stream
-1.7423108389933841,-2.8256316408412,0.11118134457710828,0.3749272505835818,-0.3707139739448081,fashion_lifestyle_elite
0.54966806404131,4.7640982044761175,11.689233635223509,0.16383042044736473,3.2572098296982857,trendy
6.382306870361893,3.922962288307207,-2.064666548862472,-0.38811108343226813,-0.5599158716218274,trendy
-0.7770146139542632,-2.2082106810915367,-0.12420154439953572,2.1149926806422483,-0.20230924846485915,trendy
-2.1424609273421034,-1.1686363369690345,0.6523442645353951,0.8217953865026884,-1.243846393310734,fashion_lifestyle_elite
-4.458718954911478,-3.091058693761163,0.10343540297842067,-0.5500384156468129,-0.5769744368543225,fashion_lifestyle_elite
1.153442143478619,-1.9863588107500842,0.1568615052327744,-0.6770366202397268,-0.4465888245549815,main_stream
-3.496718221224979,-1.7614114166392885,0.2905994581204024,-0.4220614121918185,-0.6891650481388604,fashion_lifestyle_elite
-4.385459697108934,-2.427684821112445,-0.7774620731072879,-1.3072788819183012,0.8463713785680755,main_stream
-0.8263263245753425,0.02809603902396886,0.4462618931148165,0.29676694736895676,-0.5704134476185312,trendy
-1.4135334714888963,-0.018984937149962054,-0.11997596163068584,0.14246514435763968,0.5043018112852722,fashion_lifestyle_elite
1.1994389284352067,-0.8635824305313173,0.537676136488182,1.1906820094593287,-1.3939773167483471,trendy
3.798728739835928,1.2970234130834772,0.1741539550095846,1.028867583274196,-1.1170180811793853,main_stream
-5.281254500479589,1.7388588464496542,-0.5500147760808801,-0.8577970273548456,0.160408687003964,fashion_lifestyle_elite
0.34643302807731546,-1.596557645873815,0.5003957088281795,-0.40432111646755925,-0.7917937312122199,trendy
4.160454902694239,1.1575706481015413,-0.4039710662843572,0.11423528468926257,-0.48952081119895197,main_stream
4.194350257734721,1.088014951008611,0.4484377514891728,0.7243458900259263,-0.8493103608120158,main_stream
-1.3783643620139738,1.189628926024547,0.33038094722211403,0.06988574810198533,-1.6672673388395525,trendy
-5.108778081195847,2.2606687528941984,0.07090936272561121,0.5896955614351288,-0.06510932293129208,fashion_lifestyle_elite
-1.159363557039323,-2.055154909608509,0.5958851420331547,1.7070098494233332,-0.7636945827155203,trendy
-2.7584691275465723,-0.8549790721474692,0.14731682992187922,0.08156874797806117,-1.503260548261582,trendy
3.85941117692159,-0.4004650566658834,0.5571511257240677,0.00035065704546283964,-1.8018823537023494,main_stream
-1.4479272158572447,-0.0163604750093781,0.6087755043474667,0.25159076648405554,-1.3890020575887416,fashion_lifestyle_elite
-4.83234401822226,2.35268389613705,-0.04087605715813415,0.2222758993269019,-0.04603128268210475,main_stream
4.5981222319285875,0.1409461839057475,0.01851652242378494,-1.6958950839957516,0.02400776498549563,main_stream
1.5423286748772556,-0.2914772275351611,-0.08969828441638561,-0.009061763987987944,-0.6171549077645919,trendy
-3.213603236421368,2.2052963324933352,-0.3242842526478943,-0.7941674951340877,1.4114517864294416,main_stream
-0.8927247392940462,0.3059539913830347,0.677327987441714,0.21710509495455496,-0.2584047878099306,fashion_lifestyle_elite
-2.0204995085047575,-2.176726442676753,-0.4317662103947778,0.966748337829505,0.21848139512454637,main_stream
-3.013233412354364,-2.4080571699086266,-0.4715420043485123,-0.38520481655461275,-0.24044892167263496,main_stream
3.915996805530157,-1.1159032674128848,0.2854348495983858,-2.30341879149501,1.2503136144812128,main_stream
-1.1681722101329903,-2.7744954740573275,-0.10173384188251863,-2.055041705573175,-0.16827127238776235,main_stream
0.06586276484984255,-1.1859442670321896,0.09813081836308835,2.232436777343437,1.067439490490643,fashion_lifestyle_elite
-2.2446040769757554,2.9158864427422304,-0.5462179121463018,0.11333120083768926,-0.9978241173570344,trendy
3.060732454978998,2.2302422307155383,13.762130994355202,-0.8856934098189196,1.4301343123372934,fashion_lifestyle_elite
4.023708075885566,1.025080549904192,-0.9298564573146475,-0.28146384221828435,-1.1720636547904653,main_stream
-1.5732523691766584,1.3613648639190836,1.13469341409912,1.1295869045256328,-0.8650198903309197,trendy
2.9582405959617506,0.6430511188207239,0.5031816362486494,-0.32192821614766143,-0.5893840021656312,main_stream
-5.330460526767759,2.4009812549328173,-0.6514451536200555,-0.35483284691718203,1.2838766455096484,fashion_lifestyle_elite
-0.21880613139569766,1.4069973242384681,-0.3742025855447347,0.7925244279765092,-0.4459735678029993,fashion_lifestyle_elite
-1.103988076337831,-1.2163601574418725,0.2333584439915869,-0.35951897380211045,-0.7398006387422991,main_stream
5.235684810265951,-1.0158151613930413,-0.29867640183479904,3.071706752663736,0.9333531128427155,main_stream
-0.4005937081592967,1.466068769319181,0.21698643351646021,0.38964180210112853,-0.9313923970720456,fashion_lifestyle_elite
-2.7673370266489457,0.007343987930162705,-0.3845587436854741,0.07231630374575469,-0.9533683022132098,fashion_lifestyle_elite
-2.5809417435336557,3.115795521173852,-0.42779676735486444,-0.4108213320563927,0.5601766635863251,trendy
-0.4898463525389519,1.1871012505560057,0.574373776298161,0.3496920537744333,0.15526449539516834,fashion_lifestyle_elite
-0.13751468039383227,-2.3103100280723194,-0.1575465723888583,-0.18650344097917423,-1.5591737317328132,main_stream
-3.8595068043979226,2.102045012940762,-0.7644387592436416,-0.44096711510382397,-0.8244468731304074,main_stream
-1.8007630765325522,-0.9184412724899165,0.3740506734009394,-1.5681259867970057,0.4963318281988358,main_stream
4.526394519858135,0.5921987829985499,0.7348263640959134,0.10193317569545232,-1.7494548879260323,main_stream
-1.1108031933870923,-3.055430501228637,0.12033537643772596,0.7289099292464502,-0.4449776216969658,trendy
6.034392027790416,3.306932720800236,-1.8115433992600807,-1.9292364006162117,0.5431021194198432,trendy
-3.107006059235738,-3.2196877814407414,-0.08603254712653587,1.2479824389688146,-0.34717913501707365,fashion_lifestyle_elite
1.206301545239076,-1.0589527718537304,0.004887501499316251,-0.263667724838575,-0.8126606640580558,main_stream
-0.8394136527685259,1.4744767520637254,-0.3036038402780948,0.35424875430468866,-0.15514719027287077,fashion_lifestyle_elite
4.170313849371428,-0.6392843165841766,0.37113004724635806,0.30586304998992964,-2.09404843031199,main_stream
-4.026432777607889,1.3978896225503838,-1.0074910168848623,0.37668011028151005,0.3310962852867286,fashion_lifestyle_elite
2.8170788863494325,-1.8979363405570941,-0.10442893901045307,0.6819382392198194,-1.2263812652983779,main_stream
-4.200749898788807,1.1983865850115918,-0.2531481901887341,-0.15836490411657325,1.8982571362604221,main_stream
-3.0357374171575797,1.7794145575987346,-0.9098552090176444,0.26791320566421933,1.2378454761653357,fashion_lifestyle_elite
-2.1782659998341267,1.620488696183286,0.8634788277044724,0.31484679358372847,-0.8799112542331142,trendy
1.1425364329637717,-0.5574491175884783,0.6969169486720539,-0.324368856546977,-1.8543186560807743,trendy
-2.222936468384312,1.1031602387365547,-0.6505440322084524,1.76436506791499,1.5384686268448269,main_stream
-2.4135312054007225,2.726970519640228,-0.06203339676825823,-0.7316599350002077,0.6061099324462397,trendy
4.91224973691967,0.8090224546743723,0.5768072344337128,-0.07052971243218005,-0.30817506454088944,main_stream
-1.5999211081177338,-0.708793201276916,1.0092868718988648,-0.17949518394661884,-0.9734136222812603,fashion_lifestyle_elite
2.2913613553143257,-0.35466662658282505,1.0425752652935367,0.31820344152839153,-1.1978205147003886,trendy
3.5984525807988486,1.9521980444919411,-0.9043990516872111,0.20669771698679756,-1.0982980980954655,main_stream
5.496007627212858,0.2821947816250613,0.3605993504186641,-0.14060002233418104,0.858231656999604,main_stream
0.09906626522141752,-1.5256103538676429,-0.06677651700858567,-1.7318809939748427,0.09764128612120032,main_stream
-5.274373431021492,2.7634387336507316,-0.18817160515020845,-1.2516816676316866,-0.01160406570436481,main_stream
-1.1662697313563424,-0.4069506776026666,0.11881556567983277,-0.18067003520830294,1.6444803667644192,fashion_lifestyle_elite
3.0291590076160673,-0.29992684687310284,-0.11276161130968369,0.7219883306139461,-1.0907725891176143,main_stream
-0.6352967462614753,-0.017970962154045245,0.0081860852946041,-1.2396588007876352,-0.9992401977167498,main_stream
-2.675095726584822,2.195769805160837,0.3624402158500227,-0.10774255078375664,-0.9270445253971933,main_stream
3.6566225310851403,0.6046366002816553,-0.46189316267545344,1.2724110926010148,-0.3554689456394515,trendy
-2.1567794797801874,3.561223194877086,-0.7429951748744131,0.48430716903958354,-0.0011654417261608256,trendy
-1.3737444554360028,1.055693810706001,0.42735085399206063,0.6493171354170412,-1.6108044064040112,trendy
3.3782182867889983,1.0593604333888675,-0.2732869013391763,-0.20861918051870817,-0.712951647856684,trendy
-3.838090475589524,-1.2746922628933144,-0.6600764708311667,0.0940890050573421,-1.3025974006435581,fashion_lifestyle_elite
-2.6472245559563183,0.8657047955212044,-0.6077965841589738,-1.5946511194211994,1.7683254056733937,main_stream
-1.5346515043571822,-1.0991108403403824,1.5650367041893893,-0.19296930288037117,-0.9088924509145996,trendy
6.770121922709756,3.672299260562695,-2.218895758915343,-0.16526093479531107,0.2555947198421399,trendy
-1.5703358391104103,-0.34414077076472466,-0.1737023830249315,-0.6681685574448019,0.19347380463115996,fashion_lifestyle_elite
-4.868701623170585,0.5131965599106417,-0.6915594738238962,-0.2337673786566492,-0.6136264075946952,fashion_lifestyle_elite
0.05057568001975139,-1.8355734488151527,1.1409726393602986,-0.5480363542755912,-0.9368660930441643,trendy
-4.986576617403049,2.3004299257690857,-0.2724017589620469,0.2855665125165653,0.38781421401798466,main_stream
4.956907089361215,0.2033682157114531,0.5172657739277199,0.04984041022683077,-1.0332447974470806,main_stream
-0.832728865254625,-0.6071057025666479,-0.7046363295304078,-0.4069126552683575,0.7317251934860332,main_stream
3.358798136661505,-0.05566344582499395,-0.715824663104581,0.9664266313796086,0.055142840420815534,main_stream
0.0609431401535638,0.7917397346339188,0.47724617314727585,-0.09123801435454162,-0.05807986672141498,fashion_lifestyle_elite
-2.0795335511436663,1.3065758500508966,0.38368363481538414,0.32549522968930117,-1.3230293388964058,trendy
4.000822850905158,-0.011510295840018897,0.0035250396957634184,-1.387129964851529,0.9565073057868472,main_stream
-1.8293227789938185,0.6617316386476179,-0.3712763051280414,1.2374943910800262,1.7467840931491474,main_stream
-1.8532392393355923,0.5989647552903454,0.2218852811121817,-0.04792168316283952,-0.5457418938581142,trendy
3.015758316572397,-1.3218552321902237,0.2862580471832831,-2.363693768088421,1.1910447789237877,main_stream
-2.4028355562213597,3.1666764484345906,-0.26868126850047824,-0.40470287179948455,0.09208195654943538,trendy
0.8741143065515304,3.6799216710459683,13.981991647652414,0.08258496469581363,0.9865575758611344,trendy
-0.9344297407632302,-2.165150163022416,0.34158556243990046,1.3657161853257573,0.03551910380912259,fashion_lifestyle_elite
-2.5782175122860855,-0.8009825220099455,0.03182032297417645,1.9967186087777986,0.6464321212694794,fashion_lifestyle_elite
-4.42490491472823,-0.47457761786407815,-0.2184308671030781,1.7856786419915889,0.8643173608010619,fashion_lifestyle_elite
1.715512723012263,0.025550605197972018,-0.013299360564698093,-2.332274958805437,-0.1345371852579255,trendy
4.703918080394148,0.21177394745324812,-0.30257573335009924,0.8062142407455433,0.30252796106488833,main_stream
2.543488409190247,-2.1470780455234033,0.1567344175656322,-2.5855326732386468,0.2099355416484934,main_stream
-2.409135234137565,0.3698503433139864,0.10356613658137602,-1.5526412596196613,-0.412186041055541,main_stream
-2.2380924387645917,2.3821025204958115,0.076808358341296,0.0031973866231368433,0.36521963901678145,trendy
1.4083518319983783,-0.4692110197069624,0.30544118013262206,0.1804541432652985,-0.8703534103677811,trendy
-2.03261065713002,-0.7914431357353908,0.7520888410288135,-0.24889137525027039,-1.3485063554548293,fashion_lifestyle_elite
-0.31370099034824644,0.5112162867091885,0.5219987355450997,-0.013498305299447049,-0.1442373606401259,fashion_lifestyle_elite
-2.9932508746262743,1.410131858386148,-0.2559806050175095,-0.07241134756952479,2.316169301466668,main_stream
-5.328209260958908,0.8801056423121909,-0.6275050533262349,2.3385361614905302,2.1008956543014823,main_stream
-1.1022616437744892,0.6549544899572266,-0.6143593330184003,0.7413225332533359,1.220316802017426,fashion_lifestyle_elite
0.12407337911317455,-0.2701292725498567,0.2816653474918378,1.1122944157953782,0.9085523056846144,fashion_lifestyle_elite
2.621490256258256,-0.023942601153644282,0.14544225962876117,-0.10036857436887427,-0.8691596643608726,main_stream
5.194578962197852,-0.5035270780602272,0.26538816474026716,-0.2464902836695041,1.8348050749628726,main_stream
-2.2971088087783076,2.5204576345515806,-0.27434538478079684,0.11049729559686883,0.9284379261319455,trendy
0.9338856864878485,-1.0651933525786308,0.06422514369089088,0.5108070342429843,-0.8807957289500365,trendy
-4.034344331083548,1.3772079602090976,-1.062833233852157,0.7980020230656542,1.9835960170858686,main_stream
-0.4949336013601061,1.4258287583411555,0.014171684286035342,0.9078923193463254,0.6597801392002106,fashion_lifestyle_elite
-1.6919763978394247,-2.556938010351843,0.1930262524554503,1.4163511876817096,-0.5935639250809327,fashion_lifestyle_elite
-4.403368916251156,-1.126059778568548,-0.968979724827863,1.234359621502308,3.261489558266361,main_stream
-1.7869004672900317,0.45433524687307597,0.43161701072773984,0.48081417364523227,-1.3095960154852726,fashion_lifestyle_elite
-0.5804586487589684,0.8816956427265054,0.0721410538172593,2.0479640972418416,1.3830432208332402,fashion_lifestyle_elite
-2.0683980901802226,0.9933240181548632,0.2630904349497052,-0.15515297677972228,-0.901345810023136,trendy
-1.87260482711364,0.7624244309487116,2.352342585804629,-0.40336036557560756,1.025424623487514,trendy
-0.09516335439543336,-1.253974115974329,0.46531506603153,0.591691715221845,0.13080804316162004,fashion_lifestyle_elite
2.7080161356694274,-0.1579014064130346,0.17226173655907473,0.023767649060068907,-0.34114963368726425,trendy
2.4618428070624283,-0.05781935169995982,-0.5436514899856206,0.46116338455499684,0.9806977460394131,main_stream
-2.291603018588001,-2.331904449798391,-0.1521223457407739,-2.600631801749856,0.29360176925572556,main_stream
1.3887081437035842,-2.2302395117538985,-0.6576487565862771,-2.4440272139414163,1.8858921658121068,main_stream
-3.2342623016090437,1.1482213824394931,-1.0285732320601944,0.5210948998065212,-0.6200038099801285,fashion_lifestyle_elite
3.7174497592831495,0.9486411702894828,-1.4101372816273026,-0.3017942825717405,1.7278987920796145,main_stream
2.901262335232799,0.6176823164604139,13.434306118192875,-0.6353552303189378,0.8658745416249454,fashion_lifestyle_elite
-0.8465295861467472,1.724467490127687,0.021579104156072636,0.816942398527363,-1.1583647112865036,fashion_lifestyle_elite
-2.6810105026763424,-1.1034906899783887,0.6513112507857985,1.399417964264878,-0.6867119333143744,fashion_lifestyle_elite
-4.0482597919935435,0.5871236141211809,-0.702919057962562,0.27965792301004094,1.9917091253694692,main_stream
-1.4987159561055696,-0.6330249253291712,0.5629903951260002,0.18066130655522358,-0.9883150157026988,fashion_lifestyle_elite
-1.6395654537340796,-3.526445454591103,-0.32659795926588225,-1.1049404125958826,-0.3290129092448238,main_stream
-2.750666841402182,3.2661828407685927,0.04262828751862475,-0.23667556532320713,-0.3784974866891318,trendy
3.776244299666199,-1.6106277479445186,-0.8047402022369338,-2.959188067564001,0.6538005498733979,main_stream
-2.512131433764811,3.1946406759446218,-0.16783582055550772,-0.16036194498153844,-0.1721986900030978,trendy
0.1663835373156102,-2.258296641104588,-0.37608360162842547,0.4810777118452266,0.6128431190729283,main_stream
4.780544057153376,-0.38638615481303523,0.09595445659699237,-1.1069852686610189,-0.9227872655813055,main_stream
0.24653730927320347,-0.14870605690552907,0.17650031059596544,2.7957089288076578,0.9665201870473203,fashion_lifestyle_elite
-1.7226243432214907,-1.4723477182724203,0.4304300135918952,-0.7153918693804193,-0.12701036591259357,trendy
-1.0201796603358733,-3.1653299099981385,-0.5262321335604017,1.7488666030808921,0.5528408960162533,main_stream
-2.7195801374854227,-2.278495486903355,0.7863004665601455,-1.740108478256396,0.5035024612750378,fashion_lifestyle_elite
2.592494336151539,-1.7554110537697447,0.2792435606249227,0.34511854331018577,-1.2682023197360823,main_stream
1.2069896239869953,-1.3325224682611072,0.92805622240665,-1.362218695221343,-0.08706204121151526,trendy
-2.123573595382986,-4.005587731292479,-0.2205704430689069,-1.6537285714789405,0.733992742910085,main_stream
3.682019602303428,-1.0460680579688928,-0.2005248620862897,-1.7061893804502153,-0.2889709048383634,main_stream
-1.9999371273472946,-0.3978635138342755,0.4341427827602519,0.5340487159636678,0.05326702164351884,fashion_lifestyle_elite
6.483371008836736,2.9630969535898006,-0.5108379014127574,-0.30981680875671364,-1.074485667976834,trendy
-2.5220458872631264,-2.3769640235918015,-0.9229518716253419,-0.6936385287283676,1.2238031297064338,main_stream
-3.037497916331611,0.5536273981836103,-0.3730932460228561,0.7882245805804413,-0.5032532206721961,fashion_lifestyle_elite
-2.135705932147956,-0.5102902692139379,-0.5321065178113127,-2.530679910831504,0.6477786941892093,main_stream
-1.1823406658661155,-0.8271403315318591,-0.9217292051618123,2.381491272107959,0.4385606808522465,main_stream
-4.464754896931529,3.058988559483517,0.36963354831334927,-0.32209206733153045,-1.1612198818909687,main_stream
3.788761315199154,-1.9406560462079425,-0.10779633829973749,2.439274624298204,0.4299654075853444,main_stream
-0.4419658207191414,-2.9221727393886314,0.053184468089206204,-0.47904017957589234,0.5023941748315622,main_stream
-3.195622814207842,-0.526479186309424,-0.4243431285102891,-0.07762012557590778,-0.7787781970508584,main_stream
3.917169021530638,0.906298974843925,-0.5330562924705781,-1.5530049255122071,-0.11499924450365606,main_stream
3.9245658592034993,0.4960969138684932,-0.8040436871162535,-2.0799661644708904,0.35734099172930855,main_stream
-1.9687232698571207,-3.8828785835395796,-0.5552596653908576,-0.9293364313624601,-0.14907772467047828,main_stream
3.968080514291198,-0.5011871817461905,-0.8877540781165221,2.1992982915508708,0.9121688747678854,main_stream
-2.259431192365061,2.5352102157554377,0.4910465559291162,0.09327900041500693,-1.5486891677952739,trendy
-3.417808182690575,0.8793244913441773,-0.64439118921834,-0.874382281629823,-0.33783890404476496,fashion_lifestyle_elite
3.715387997423823,-0.5335742103849848,-0.4613300666446534,0.7307653892002499,-0.7339984404398364,main_stream
5.276675483980777,3.740596994656781,-2.501147972578668,-0.7662930993506382,-0.543452421775796,trendy
-0.8854338016772302,-1.5927774995696897,0.3399366627546487,1.0430380458183564,0.6109845447775142,fashion_lifestyle_elite
3.09853745401865,1.065019358157669,-1.00156816103655,-1.3814524863196302,1.0577569101569633,trendy
-0.1214240328326915,0.6684206739770067,0.2763032185189656,0.5704167147289432,0.5240164749889911,fashion_lifestyle_elite
-1.1440965342929699,-0.9453920428620112,1.155358567692533,-0.8850979262735859,-1.0447728923368231,trendy
-0.27619319952045057,-1.003367459997357,-0.30878157338762346,-3.05044206798885,1.319352062423006,main_stream
-1.6365209890513788,-0.5234868997748524,0.3878401454853817,1.2060153335239887,-0.9636079410786679,trendy
-1.755446018748052,-2.406281346607591,0.5966809855086974,-1.5691333308684863,-0.26308023835032124,trendy
-2.487542423458159,1.4265286350372766,-0.28718562262681124,1.360544101697768,0.10833426987272017,fashion_lifestyle_elite
4.507366695640217,-0.18014414453523944,0.5633502256897714,-1.5058400085004195,-0.38416534199115454,main_stream
-5.3017826779598645,1.809393702997482,-0.18078155577756425,-1.2005117794222437,0.3588468506340337,main_stream
-1.668831481079017,-2.354384663197085,0.5093314183827407,1.0364225886102998,-1.559001206472657,trendy
-5.351050473691913,0.5209688491337927,-0.6159830302859329,-0.8527580862244244,1.970911962458738,main_stream
3.115640796703394,-0.6737525308419438,0.18009426900240758,0.3572663265905799,0.04915114006729998,main_stream
0.4435778595378936,-1.6157653104620513,0.4457636799254677,-0.7398395708704133,0.22441801597032104,trendy
-0.2556266165922488,-2.309860239114701,0.3007980109472277,-1.3207074595024535,-0.2463001276969132,trendy
-0.2832637276536085,-0.37001899105422076,-0.5796643133210728,1.3112837110823528,0.684476516385127,main_stream
4.002141043871358,0.45584539306186833,0.33511342432296004,-0.9569345740502085,0.29176882859958647,main_stream
-1.7191973671776821,-1.5808831552844231,0.34270268560044237,-1.6987263571628295,-0.2856533838880713,main_stream
1.8247802941444689,-2.1305690149829317,-0.4030895963384432,2.1457370470826396,1.4276268567495192,main_stream
-1.8168917326134106,-0.715794443734283,1.0705098259291963,-0.8344775067095788,-0.7880931392906115,fashion_lifestyle_elite
-1.4457982994231224,0.2609102325888264,-0.5858026230039666,2.0363384329571192,0.35301340771316553,main_stream
5.477167422110911,2.6690598458286505,-0.8372105083254868,0.2226670012564332,-1.5506620820000463,trendy
-1.323429942037419,-1.080244983035278,-0.46594868760742425,-0.8068987609857696,1.0392066477148882,main_stream
-2.120032633574928,2.304840510137078,-0.369932748449875,-0.32545060161834616,0.3887106342834859,trendy
5.221947056956578,-0.046837859721407665,0.3530485789407413,1.9209892448177028,1.405679160918691,main_stream
-1.7049792767469583,1.8344080003186,0.5685523177763777,-1.1614397234869263,-0.5471779096792888,trendy
-1.8167486978099203,2.6356276829263714,-0.29362849231792965,-0.4727628919203408,-0.1752879542247698,trendy
-2.0768169344950405,2.260690276934298,0.11900499952158204,-0.433640602398673,0.5266341999431615,trendy
-0.24423152315921554,0.6581129203599176,0.7069037424690082,0.21123822370230938,0.45704101206787473,fashion_lifestyle_elite
-1.9242292818441733,-2.8449375246049815,-0.30533579397343896,-1.0501752277940344,0.36758683148768656,main_stream
4.4843657496044305,0.17495712247137538,-1.8343440251343675,1.6837784087416845,0.6797759722716241,main_stream
4.212315314992584,0.8495419264973183,-0.29399289351684155,0.6368430857005999,0.41273293369431363,main_stream
-3.624106401458944,-2.321986516898484,-0.35300170597486624,1.3904313108464113,-0.6709514231545048,fashion_lifestyle_elite
-1.1770310918690876,0.25175889377942096,0.3934463548778283,0.12146509645396104,-1.398559832273784,fashion_lifestyle_elite
-0.22348090485437475,-0.6540890750170129,0.19243938410066438,-0.10029890624730843,-1.0602826963672216,main_stream
-2.6040072536981786,3.204163295309754,-0.17381964225256608,-0.33213048299357373,-0.7421556366658029,trendy
-1.6109232855531197,1.652454195135039,0.5467485527768551,0.6296168143407226,-0.35665756839983653,trendy
3.8501001177134193,1.8324578829869391,-0.7652198074093908,0.4373888198386621,-1.4229778832608981,main_stream
-0.13205411616843335,-3.507527284373311,0.005235420552078827,-1.4885403145478306,0.11289063055656531,main_stream
-3.242964031039459,-0.42512063469267053,0.559834952390344,-0.441911288636925,-1.0153760883687546,fashion_lifestyle_elite
-1.607917022440583,-0.8827911157588713,0.625594515345871,-0.8181851875484214,-0.2116061272647826,trendy
2.873731070590309,1.1538996040607008,-1.6289468799746611,-1.838173710448365,-0.31047007649974223,trendy
-3.4736855131812265,0.15304227877042875,-0.19973190631646823,-0.23792476078343838,-1.2162917595213256,main_stream
-1.1594622982803442,0.27824894520451454,0.10150266238634631,-2.0503091740639996,0.06542261287290389,main_stream
-1.7574169671732225,1.7335886553684565,-0.3292309544536664,0.8791246269952534,-0.39162724245950903,main_stream
4.971042343024857,0.8696450257797088,0.5895360425042021,0.6561365200938633,-1.3103107462313432,main_stream
-2.0830254255625547,1.233843111940387,0.3222686452174728,0.31379258811128297,-1.4910587191204097,trendy
-4.450257072442055,-1.9215645657296123,-0.8571234881613784,2.2998454426261024,1.1174628253656824,fashion_lifestyle_elite
4.600694363729676,0.9717114544274801,0.2325849034558349,0.33250735794952313,-1.529341519754238,main_stream
-0.8404504043578493,0.9807040376819341,-0.10368732931870905,-0.3515496070721941,0.3412592282216426,fashion_lifestyle_elite
1.9832375183459867,-0.5184852223388013,0.15161248277975828,1.2591421393205329,-1.1758718268158543,trendy
-1.881329115724482,2.2174282481947336,0.05326670487268883,-0.9754587589246606,-0.4534925073840037,trendy
-3.169899345070679,1.1127800854212537,-0.5400509484613881,-0.2924198608616212,0.1398875974122277,main_stream
-1.6707295850770634,-1.7625955079585358,0.16748661686012561,0.1943027626765762,-0.6696910584593458,fashion_lifestyle_elite
4.434429026090342,0.2970739996729275,0.058770560090005836,2.0990057192920917,0.016947188253940208,main_stream
-3.414172448227193,-2.150955708015786,0.225783462373908,0.5108622081679128,0.06521419239225511,fashion_lifestyle_elite
4.409725860158428,-0.5065132866484867,-0.052166916447205496,0.4291323180473345,1.4714904038852796,main_stream
-2.408667861346539,1.9722296232866359,-0.017357059731982295,-0.026404940613202733,-0.29444611258405307,main_stream
-5.655529245551866,2.55355312808644,-0.3015283055585877,-0.26878543364165247,0.2803384623552701,fashion_lifestyle_elite
-6.1458715321229835,1.9064258160485215,-0.387817531791907,-0.3123588777078515,2.1261535003351795,main_stream
-2.4429437052535965,3.347510908721349,-0.4744115335383459,0.11338902663750897,-0.46048131438016493,trendy
3.4689785058844063,0.15045314228641488,-0.5378289389051951,-1.4366353604321271,-0.3539144414296603,main_stream
-2.1275304553099086,-1.0405246029666033,0.8655255327395848,0.5379293440702744,0.15494987447077074,fashion_lifestyle_elite
-0.5614543040162056,1.714623622465088,-0.12354631015815094,-0.3426283469522097,-0.4582510399624521,fashion_lifestyle_elite
-0.9783495630196983,-1.7406890575978686,1.1422276503856947,-0.4461246460198235,-1.619448163898884,trendy
-2.1255710879249388,2.834845722701331,-0.11984338260331791,-0.4592374691512391,-0.5983400113341901,trendy
4.47687092542566,0.5857062243295224,-0.9427904108611159,-0.1217947101936239,0.05094869747487331,main_stream
-1.4346477590277846,1.870103976629008,0.03536694550251955,0.33152269919228283,-0.22880509542457353,trendy
-1.927126028264286,-2.9226159103511304,-0.036495896101559594,-1.2666586149347085,0.2983604535353502,main_stream
-0.44287195431572995,-1.3638109343770126,-0.7211967773821416,0.7908525407459749,0.5041643172087489,main_stream
-2.6150610319567704,2.9122547098940643,-0.03857160645988083,0.6973155730407331,0.08791849107662958,trendy
4.670983912968626,-0.025709055864789124,0.825292831570593,-0.6779958612319327,-0.715579572486332,main_stream
-1.275946038199978,2.05531115232801,-0.5232324563721003,0.037785757933658175,-0.9642336632038236,fashion_lifestyle_elite
-2.7678323518901546,1.45901729148293,-0.9350877545158466,-0.445157497003358,0.4329000455807751,fashion_lifestyle_elite
-1.5096592292188562,-2.6794335124087154,1.0935839057471597,-1.433790983585731,-0.3554070438746937,trendy
-0.8605504941797214,-1.4009285363981037,-0.3588531071222649,-2.1573308829275613,-0.2507191717964541,main_stream
4.621833151011427,0.5634258040924977,0.15553994427763254,-0.10594758818534523,-0.2860447775497948,main_stream
-5.295545490874582,0.04211325337696631,-0.39101108000104884,-0.4575329553978626,1.2790361596309248,main_stream
-3.3845089378071327,1.530228655418348,-0.6866964573803598,0.7988482422370236,1.0094779883385523,fashion_lifestyle_elite
5.442630193192389,0.7255403529535828,0.5203765076781336,1.1489747164539608,-0.9360486596675985,main_stream
-1.1805603847195527,1.11714620423638,0.04355977020467923,-0.35713002128490196,0.33871563710535485,fashion_lifestyle_elite
-1.5477343186892554,-2.078057244309068,0.1496544853370208,1.3942748960480154,-0.1574011337142868,trendy
-0.36419141122584103,0.7788329025433386,1.04138811144004,0.04213864804429838,-0.6216573674300685,fashion_lifestyle_elite
4.336695621348933,-0.8379612140357179,-1.2658329412905442,0.29602372709856967,2.6390127671368795,main_stream
-2.148005929055415,-2.041446691333454,-0.7522276498030273,-0.4699572059496505,0.40346580326396453,main_stream
-1.365895800038713,-2.1311029338122376,-1.019011581119115,0.9546953300707485,1.1655755770995344,main_stream
2.787147426889841,0.21604004394870718,0.081826138614634,0.5920675454322429,-0.4083471299432317,main_stream
4.901001700103028,1.1084218262006484,0.25302254914520045,1.0627564555699298,-1.1863086405227674,main_stream
-4.650793297361938,2.0931537826166515,-0.5548159755560976,-0.7278792281837391,0.1744598718409335,main_stream
-0.1440494013881975,-1.1069753932782234,0.3053692881008108,-2.1509641318908113,-0.23343709257126966,main_stream
-3.937358746117225,-1.2115477577713618,-0.7451409635730488,1.3129676210876804,0.21885677961816197,fashion_lifestyle_elite
-3.9864651805720124,-3.0018736734097495,-0.3479184792451177,-0.7271210333041435,0.1105324923859673,fashion_lifestyle_elite
2.3864107416918325,-2.434881553365515,-0.5924527074436184,1.5143737218386062,0.24923582135623362,main_stream
-2.1229745962104607,2.2054309130846628,-0.34575010165269093,-0.7130198721921556,-0.045288463103930934,trendy
-2.455886071787091,3.1860924893891145,-0.6063119418847203,0.2609318979324644,-0.32530385282038704,trendy
0.6247919238539956,-2.4031838443063327,-0.32310998566853993,1.5835590403966588,0.36403900552076235,main_stream
-3.985920551492095,-2.8246086962969734,-0.1980817347519557,0.9863747484053005,-0.4287599834634675,fashion_lifestyle_elite
-4.955823216406737,1.9002520410786665,-0.356536176407508,-0.6501905734919107,-0.7143970450556839,fashion_lifestyle_elite
-2.0327837778022606,2.357837153324841,0.7383338711405012,0.785665484392457,-0.9770560254214752,trendy
1.0714129591172525,-1.1793032718934713,0.33551417740719286,0.2599920772705697,-2.1017999703942056,main_stream
-1.0368489906501916,-2.447765772162185,-0.10335407526167736,-1.2681670641091414,-0.09267892979237694,fashion_lifestyle_elite
-1.053883127693436,-2.4533613509585166,0.09480598916338186,0.6553209668056847,-0.6222772212977152,fashion_lifestyle_elite
6.326528105576479,3.369902208782429,-1.7480638157176478,-1.6797851534635793,-0.18861827481282983,trendy
-1.424106828304292,-1.192980589065006,1.1893095109645138,1.2018649221838276,-1.202892471393615,trendy
-1.892455274397837,1.3549601191024379,-0.31784040947605496,1.3330343758680987,-0.6055875508698111,trendy
-3.3554977064742433,1.7401081020939184,-0.3996112074806866,0.19094858031567238,-0.70870764392688,main_stream
5.024327649825549,-0.990579520738792,0.03616191053313561,-0.6458844279974008,1.6561934526645763,main_stream
-1.7066081896420007,-2.629718505296489,0.9633801594336594,-0.4410515144261667,-1.112627289515098,trendy
1.1355827032582795,-1.1033533467739651,-0.11815861417547693,-0.31389780871297923,-1.8582573117620225,main_stream
-1.8762793325133347,1.0699304300042105,0.49593092962969626,-0.21562738476639048,-0.217839779983947,trendy
-1.8104657330467677,2.69905113246266,-0.5310034073877652,0.4983741590849067,0.5677780263104938,trendy
5.475515015619535,-1.7113857022452967,-0.07881435944875184,0.35751547805685996,2.1554308300211926,main_stream
-1.0728654551080368,1.694841457093624,-0.6716655977034798,-0.025863400466804864,0.7201810790406433,fashion_lifestyle_elite
0.5228306592496172,-1.3332825218998627,-0.011519664600734997,1.5359683116456275,-0.31731574218967534,main_stream
-2.3527878859956233,-0.14244069596259362,0.4225729616573178,-0.32932476022110135,-0.3858897677348373,trendy
-1.3857994149194488,0.6541193698263306,-0.09845113358247001,0.7738707595715459,-0.46449785890457373,fashion_lifestyle_elite
2.6757094948538374,0.30894112021001785,0.8015349710703841,0.0595688291335,-0.5938302838415465,main_stream
-3.8681041245331076,1.7991676612315255,0.03698961692908424,0.5058119102614576,2.2576528216186045,main_stream
-3.269832151062358,-0.6797303608273683,-0.6742677332155388,-0.32889912098213353,-0.2574682799268284,fashion_lifestyle_elite
1.3923120505338547,1.0252251613259435,9.114096329847877,0.2618114005465522,2.375195466682509,fashion_lifestyle_elite
-1.5349310956331153,0.21773559654230634,0.17767896196745478,-0.23676054912471,-0.12102013440693081,trendy
-3.2956315134003344,-1.7623184042202735,-0.3947967639158553,-1.495418499096961,0.652174601225921,fashion_lifestyle_elite
5.415182358320008,3.2031860637885687,-2.004150835128116,0.2049923084165786,0.347710374175611,trendy
-2.08877319212691,-1.8702788098992102,0.3296011259621396,-0.015410294472838799,-1.9155984392421912,trendy
2.626749031796121,0.15156762007568553,0.26913047751775265,0.5532070881620762,-1.3770467641093238,trendy
-4.11726949728208,0.914732241459504,-0.8020890958298681,1.4108393207476715,1.6139159034262514,main_stream
0.5189770001193617,-2.412769882286039,-0.040298436452135364,-1.7161322867231334,1.7282105799925256,main_stream
-0.22546127518754333,-1.7506243934126435,-0.35338879755641034,-0.9428557122863465,-0.22830338939554767,trendy
4.190684198417286,0.3924217938835931,-0.6118248957246666,-0.25922536594497436,0.5930410974701786,main_stream
-1.0917407615289278,-0.815322719134386,-0.48646724329248225,2.035592511207267,0.4413785140055393,main_stream
-1.3503295307247007,-2.6130446558719003,1.0705315822989814,-1.1670471846111437,-1.0824944225800577,trendy
-3.2095122788876242,-3.382080414470589,-0.16887250928926323,-0.3051730673298852,0.1888696725209001,fashion_lifestyle_elite
-1.9401223734754296,2.3925445865426425,-0.0034904260720449993,0.10052382876808912,-0.8736804773262203,trendy
-1.59404601342255,0.12955711251589647,0.010721835465312659,1.0589247047848531,-0.9978811329354977,trendy
3.6742693833468065,-0.9523905739619859,-0.4304615470629484,-1.5204428464732787,0.6918861001059567,main_stream
3.6554956354618513,-0.20985635827405566,-0.8615549789372441,0.4976863829927525,-0.7477085153942848,main_stream
3.0063659478326588,-1.5361338365958943,-0.7384997564749298,2.0694178873411553,0.13003312799143224,main_stream
3.6370774864081308,-2.378722727719693,-0.5098267364228466,-1.2270948788304208,1.4047813296585219,main_stream
1.7934580977478498,-0.25580338039572365,-0.005859298892222307,-0.1780986971632217,0.04165888508389005,main_stream
-0.49035699270684846,0.7721491796871995,-0.25885408987668684,-1.057974692597298,0.0046687304960394554,fashion_lifestyle_elite
-2.2283168375495976,-0.014208956505797342,0.30208196619157074,-0.6737763400943918,0.12115278940552568,trendy
3.664108635493898,-0.9236587743060136,0.05902792654181707,0.44302772909133364,0.7897549019524727,main_stream
-2.2801534731145434,2.4828596620044285,-0.39819262928116333,-1.1154398219280077,-0.3534998000159176,trendy
-3.3604881447105086,1.8497446531573178,-1.0171926141432799,0.796517152482763,0.3051854469829087,fashion_lifestyle_elite
-3.090357498054738,-0.05511655697709205,-0.11395505237561641,0.15088439048144878,-0.40575180509085257,fashion_lifestyle_elite
1.9264198980153213,-3.114700968387815,0.030541593022975325,-1.4843390758869244,1.0460030256041075,main_stream
-5.0393373662540375,2.2032588555491968,-0.5070833541313409,0.5926163875716433,0.15895559497012443,fashion_lifestyle_elite
4.009751370374332,1.8256819132822586,-0.7454936532808107,0.08159575054992749,-0.47793219936125286,trendy
4.6967099769475285,0.23813683923123258,0.5512270195742929,-0.8348038676759625,-1.2176781900118236,main_stream
7.292978214194181,3.3409898352145904,-1.754186286214275,-0.4708196688229794,1.087615661198068,trendy
-2.442883257475633,3.007535556201934,-0.029298314476785565,0.5197776265798514,-0.16571749462155677,trendy
2.6500395146900164,-0.3113568264040071,0.29044470178357695,1.734576939391214,-0.6084469045034884,main_stream
-0.4437295035046797,-2.2675036203541423,-0.45108139935103253,-2.1767656936107285,0.2659542387173608,main_stream
-2.4495635874299304,3.132797891386184,-0.41188795036213993,0.2008020625722408,-0.748595342078444,trendy
2.286859383015351,-3.1561406608587443,-0.6046747587876444,1.9249165005261804,1.5588674504832416,main_stream
-1.6279464044557657,0.07069555052087785,-1.2426538156176878,0.4605377662979628,0.6023918858165019,main_stream
-1.037715960133554,-2.3478824384361596,0.4646590312652785,-0.592033943947675,-0.5042086530263311,fashion_lifestyle_elite
-1.4530992682475556,-1.0735074423743882,-0.2976374545725298,-0.8867291249867915,-0.031544374788525245,main_stream
-1.185819210375335,-2.7490362727971136,-0.30653457552029656,3.1513894678458194,0.84041482465139,fashion_lifestyle_elite
2.6070474301127784,-0.7542592132926691,-0.7160164657340284,1.3496762980758872,0.03407198657810445,main_stream
5.4222769121678684,0.03157812641772833,-0.008463564923640273,-0.1865457370955404,0.9033421097038473,main_stream
-2.5548404974111416,3.005909379431296,-0.2728379228429298,-0.45662667788121486,-0.45139339423523095,trendy
5.231635485629294,2.022532518260597,-1.5491922126403155,0.12173462134699942,-0.31095703638812566,trendy
4.973339529649732,0.16057945914805918,-0.24796269722188952,0.017971696019644347,-0.20387803268634078,main_stream
-1.3878235077353336,1.1808244604747784,-0.6388285261541367,0.8745240502368476,1.1137035269078381,fashion_lifestyle_elite
2.9084171506351226,0.7877759648654878,-0.7833958068478348,-0.7781097455640763,0.7573268096779119,trendy
-0.40001899941933344,-2.333109184289315,-0.23750431665849484,1.4353753159895872,2.092851793079786,fashion_lifestyle_elite
-1.9312445222894155,-0.08736518933690705,0.3851897757973623,-0.2187681781742056,-0.7754047958509733,trendy
-2.1526057489168693,-0.6083215520821157,0.23789159997397577,-0.24193579170580487,-0.47683835935522084,trendy
-2.717781398829296,0.6119870683934425,-0.07503245443228407,-1.153685214022804,0.2482661155089512,main_stream
-4.308936789657719,2.401994569007039,0.23289984580094647,-0.42746224758697254,-0.44082629699637554,main_stream
4.309611117914462,0.3339441071825386,-0.9047696176266725,1.3372860701714586,0.2427860266186246,main_stream
4.9215414252757395,0.5621200362323416,0.1961406394958345,0.10495007816504842,0.8078583159555989,main_stream
5.213906717630593,2.66542610772614,-1.1374432660845937,-0.47026432777319777,-0.17100463792369086,trendy
5.266400745370982,-1.9339839592217234,-0.38156233837326403,1.2108585852612863,2.700658542450506,main_stream
-1.0303721705059397,-2.6028732784886555,-0.5785316299316114,0.8792128858339396,-0.17635765753439894,main_stream
-1.0277144342589153,-2.333885378146289,0.028743464315267368,1.5439926331674705,-0.08076050376173674,fashion_lifestyle_elite
-2.730869642378766,-3.2248314619192007,-0.8240735501281342,2.19877155182442,0.6116889190267557,main_stream
2.06405630311081,-1.4352002719993766,0.0420973740499071,-2.3536881873687308,0.20343113795039963,main_stream
-3.1122292152553546,2.5598681829758765,-0.02420782462907628,1.146778606738256,0.4958150138832592,main_stream
-0.8778042228545019,-0.2721209062963142,-0.17306623881270136,1.5424465034235195,0.8164601271325869,fashion_lifestyle_elite
-1.6790772752100802,1.8258824343134263,0.2243110689379908,0.9940725233522958,-1.1233260843471924,trendy
1.528142376430213,-1.0260582857950065,-0.10885913470657343,1.729262344127721,-0.6232768163510045,main_stream
0.6252887452054245,-0.4267274188301656,0.28340429676090356,-0.8157045112713935,-0.5297075955855898,main_stream
-0.9760223050141438,-1.2359799170022168,0.5125148529867911,1.9957934676416713,-0.23154913897107537,trendy
3.9976033004662423,-0.9526996889068047,-0.9604230213620049,-0.5676861093942122,2.0722335149775626,main_stream
-1.0244743234511633,-0.04978556269868289,0.09472741409738582,0.34624264460467813,-1.4546864832248991,main_stream
2.0930460101688335,-2.0648324717413895,-0.07383972783844306,0.3805634078069118,-1.5025089818371222,main_stream
4.509329476833492,-0.1293583162424778,-1.0322290819027364,-0.5626423141198691,1.4996003682658376,main_stream
2.812090113641567,-1.7461951297952714,-0.5679897355588129,-1.9333989053206646,1.5841858761664551,main_stream
0.3034611087073509,-0.44598370645003577,-0.43267760769832714,0.5954289637660415,-1.221492949401258,main_stream
-0.775746454583476,0.536586153813245,-0.14653899721910255,1.5506538564687071,0.7512931360532238,fashion_lifestyle_elite
-1.2903104170623925,1.083380337622481,-0.42132682155836715,0.9264809307583689,1.491294764899067,main_stream
4.043419963537402,-0.2571918895771116,-0.29705812683547006,1.899743505680171,-0.10120447858915194,main_stream
-0.650573745864784,0.9151360171752883,0.3355156113698474,0.21746241624018428,-1.1569966657324524,fashion_lifestyle_elite
-3.957176225782276,1.773756283976562,0.3656341079789805,-0.7262285686479742,2.0406197742973786,main_stream
-2.102493116400991,1.6367963460774997,0.2546069343882351,0.7864727644522073,-0.9326947113697854,trendy
-0.28580383321437186,0.6406788063153597,-0.5640889093489312,0.3427287744959591,0.4974553577170859,main_stream
-0.17649435170765385,-0.9062637072517313,0.06969546901133339,-0.6335494031931708,-1.7049205122749949,trendy
-0.09905314036522894,-1.5194122999353321,0.46348607139083275,0.8734055994516378,-0.7255791895808781,trendy
-0.13746355098264157,-1.0296892449877206,0.210765020868624,-0.23438755552760107,-0.8898386290623078,fashion_lifestyle_elite
0.6669804040084079,-1.9818189797738643,0.6798860164374444,0.11562426553180219,-0.3845784642825865,trendy
-5.160440499059752,2.1359084415092124,-0.23118936397836387,-0.1403499988335204,1.2330032296600033,fashion_lifestyle_elite
4.424040788306631,2.019015652325306,-1.187619676339299,-1.7237112175500076,-0.7143438196153276,trendy
4.228788890932392,-0.3969259822084788,-0.7259245870145284,0.2672813702101471,1.7670740635754212,main_stream
-4.071531678174714,0.13516522099852407,-0.34077535789318736,-0.966401308634395,-0.4111346155901103,main_stream
-5.032565276673021,1.9897519799300478,-0.24836701251554283,-0.5466843992763052,-0.6607052078963551,main_stream
4.566610071089193,0.23724985839112986,0.08971753481397067,-0.7237325882397575,-0.5202223208785153,main_stream
-4.0988967845261275,2.2300470691455594,-0.10777009776893152,-0.637291002604629,-0.9813288062162479,main_stream
6.257376642556696,3.381087631266057,-0.24703046011331678,-0.6449168845953732,-0.5796706141372951,trendy
-1.6418172416288155,2.2031096541352193,0.23017541020908963,-0.7024437316168426,-0.5654195610845836,trendy
4.398602507968741,-0.22459416137100707,0.20765360989673406,-0.6682893911512829,-0.034329758959111056,main_stream
-2.028326417575396,-0.2560691638860802,-0.5965012943651877,0.0023699300461600395,0.47360543405258704,main_stream
0.05685196569439012,1.2848997217372218,0.5538311787963766,1.106128859160135,-1.0754575041434793,fashion_lifestyle_elite
1.265493579306624,-1.0180443062230948,-0.13842682352495891,-0.4356121277625779,-0.18824335672007939,main_stream
-0.840454486363637,0.6556511280149695,-0.08745247781859562,0.8699204505818073,-0.9875489111443836,fashion_lifestyle_elite
3.933261156009831,2.4688518632075707,15.426190572474441,0.7026168564199691,3.037049200290993,fashion_lifestyle_elite
5.106026236212079,0.577775226000333,-0.1714646441021037,-0.4470949648011985,0.05750231535065808,main_stream
-2.577705732921605,3.0197868833307333,-0.6920153571711357,-0.8082453395119975,0.4770300681766113,trendy
-2.1697008285195682,-1.6051091620965274,2.7381597175807473,-0.04501367192844547,0.3598592658858382,fashion_lifestyle_elite
-0.6273575420996713,-1.8283129996656753,0.2966136440354566,0.3056635026380415,0.5995347411465836,fashion_lifestyle_elite
-0.9954581971977607,0.5227082502432808,0.5319006575943557,1.0741167286471587,-0.7424932715107339,trendy
1.1030301824196902,0.5075242345924295,0.09524677222224072,0.41916600292592127,-1.9014386522146987,main_stream
-1.4718397991042789,-0.02126826807862521,0.1536003002755159,-0.4546548234503237,-1.5213997680722615,main_stream
6.518168197292995,4.088513204228051,-2.1007841444271675,0.8449192916368178,-0.16603907235385137,trendy
-1.8158030937378875,-0.023611974355030377,0.32328787608352477,0.2014300152515268,-1.5480643450933258,trendy
-0.8394436560836631,-2.3993118244662126,0.4801993529742086,-1.0240042351608594,-0.4075256037414416,trendy
-2.705149487377237,-1.097202674060238,0.6602642395272705,1.460872006337124,-0.7500834067766915,fashion_lifestyle_elite
4.234575263047226,-1.8527099991979605,-0.36480353532805154,1.4211966146872104,2.4537716355229358,main_stream
-2.2253897325909135,-1.0639302969733635,-0.15799114259046249,-1.2100726263481008,0.6430307938175075,main_stream
3.454487731124034,1.1089208000282478,-1.336221379057518,0.665042315622555,0.7010758425278063,main_stream
-1.9096150056593448,-3.1969252330934794,-0.22383485608668025,2.1712313087820694,0.4238295301881696,fashion_lifestyle_elite
2.9030903572548024,-1.4729461609844352,-0.08451452376384352,-0.6499236203354557,0.7351369570718644,main_stream
-1.663463483335442,-1.6682250934628755,0.6401844771342284,-1.0977897758382837,-0.33209269868126595,trendy
-4.090043131894113,1.3407289658568604,0.19151463079266492,-1.9063900571262535,0.4405173134876823,main_stream
-2.7842622376498096,0.30354016234325953,-0.9340418422396723,-0.5323095150297105,-0.9459732566946342,main_stream
-1.6769397819056135,0.06533991681381125,0.455238515551228,0.6024291916089186,-0.7521805552796713,trendy
-0.7879588580823551,-1.2590037648419308,-0.02773788074491555,-2.475138488681072,0.269899197405615,main_stream
-0.22658022397538502,-1.1418631353627708,0.49846341131891625,0.7469778322343671,-1.3696694886774035,main_stream
-5.664608855823213,2.55296818112791,-0.0979114521421004,-1.0532311039453865,-0.18957520259247496,main_stream
-2.2103458265977727,2.475498584281799,0.033946717953988875,-0.37221103849833653,0.4044735248021006,trendy
-2.8700200022997233,-2.3360988669778333,-0.2153437401751904,-2.256934974597752,1.1584017100864281,main_stream
-0.9878944418163622,1.1872748100920965,-0.29136878988616655,-0.09703587871770696,1.405763808475584,fashion_lifestyle_elite
3.9510992588495286,-0.39819869905958716,-0.9633046833233471,-1.110583674025399,0.22016427843857794,main_stream
-1.8936585460225916,-1.1308189889808098,-0.1061197601630427,0.9096403309934054,0.012761852082759819,trendy
-1.7768099828245016,-2.937035285952728,0.8013180675132013,-1.3596563141811076,-0.8078394049915889,trendy
-1.454816461313887,1.1075944959858326,1.0662406919008252,-0.029809655374776353,-0.03009205850780282,trendy
-3.391420531206971,-2.683829090661791,-0.8186509890400229,-0.8913020248725115,0.342492159115756,main_stream
-3.694777325055886,2.7134453622965986,-0.6277313617755833,0.782755655103043,-0.17782889835822951,fashion_lifestyle_elite
2.9114797617919956,0.12333104482805764,-0.013548729702275912,-0.09311263126061349,-0.6767805961995925,main_stream
-3.272707972716601,-3.175181117029516,-0.1348690841311771,-0.12366585036909672,-1.5898466196833207,main_stream
-2.1441295324696603,2.70468970778385,-0.5992379513803403,0.8733497991850536,-0.007135662862165343,trendy
0.6318770151153532,-1.771399037232265,0.07811301211513597,-0.798598572492937,1.2872772348849926,main_stream
-3.3658902110375832,-2.1210562449872152,-0.5794445255007371,-2.303995086213449,1.1871996586591482,main_stream
4.592138470968231,0.09948325548890839,-0.37295797166713324,-0.35203462891838655,1.0700426382388402,main_stream
-0.7119813766142105,-1.841827926170766,-0.2750533374113747,-1.9840992730064486,1.4340443344997384,main_stream
3.888995599680595,-1.2036353650407954,-0.9836436484544167,0.3318747630165887,1.7868891026006377,main_stream
-3.0460029836429134,-1.5638972186732496,0.24688694360926197,0.8317138847397106,0.5169067828079995,fashion_lifestyle_elite
4.331119790813357,-0.18746289671116897,-0.21875069505223765,-0.430457240957831,-1.4843430908671305,main_stream
2.7257337422997185,0.24845216746716456,0.8855276015397755,-0.6472476965353349,-0.7816488796019971,trendy
-2.3219098226549635,0.42403630313135926,-0.744658690967499,-1.7960030915467993,1.3585112697536,main_stream
-2.123622185285068,2.3119995893714425,-0.4031037497077476,0.15761139884974182,1.0189396850329477,trendy
3.573204386169274,0.5419494105790919,-1.2973164712839964,-0.17927672208625256,0.8063476529902692,main_stream
-3.698021316974943,-2.0625289592293634,-0.20829304832876006,-0.5625485064865474,-0.4519135500605697,fashion_lifestyle_elite
-2.92354673642315,1.4816936410933577,-1.0711472610747546,1.3498552457686228,1.8274486756386252,fashion_lifestyle_elite
-2.659465541041677,2.1813778380430104,-0.465863709920836,1.1560833232901988,0.49676913342402884,main_stream
1.2661100216506496,-0.4738259052327214,0.012010931713353013,0.9239177906166772,-0.8484816880680988,main_stream
2.6559579410368745,-2.4533412172790645,-0.5025460666966747,-2.349450606732937,0.2718341548989122,main_stream
2.928784342338285,-0.533839977956532,-0.2115073800392716,-0.2489925390385288,-1.4684285410656805,main_stream
-0.8069543576055028,1.5896270281856557,-0.06736667582021338,1.133950748262352,0.6613486699016389,fashion_lifestyle_elite
-4.572369780089128,-1.3309617322945453,-0.6518565839425677,-0.05820888203032799,0.2578100656359257,fashion_lifestyle_elite
2.2740749762713013,-1.2202403511577087,0.018336825157142703,1.1232951100763875,0.3402013667550654,main_stream
5.6679869210129485,2.37675721211521,0.1974114081602417,-1.1512536306238512,0.3559308911119319,trendy
-1.0767909467801988,1.642434736215587,-0.10311468326962595,1.6448395086883925,0.4241010005521851,fashion_lifestyle_elite
2.8136115309814214,-1.1080270045856848,-0.4839903705593947,1.1554607259754024,0.9015550040569759,main_stream
4.434790695444588,1.1404579161608046,1.2849806947632743,0.08192492785044889,-1.9525829310830112,main_stream
3.281936627987431,0.756282840181495,-0.18005013416819987,-0.18710684771610053,-0.4863087515167285,trendy
-1.6815165482953986,-1.3844289159249021,0.7048333825304928,1.1415399756730424,0.8468810859695257,fashion_lifestyle_elite
-0.40187540244695497,-0.6959723851708792,1.2091920720060085,0.9753329848308847,-0.3651481902967719,trendy
-1.465043224996141,-2.4859859157805704,-0.48249693800711846,0.15869524051004769,-0.6870035934169021,main_stream
-1.102255275585095,-2.8846940812663675,-0.08174685917915159,-1.382491082380567,1.0420632341464457,main_stream
-1.4765469774174822,-1.3156802567629577,-0.12361499762261453,1.225863304755801,-0.5727230214133774,trendy
3.4769900930906474,-1.1487645128874828,0.17564415603283337,0.35420670751383243,-1.5685052034306601,main_stream
-2.324488859729888,2.5746997356116452,0.46906078949651575,-0.9422398820074915,-0.36005064691960936,trendy
-2.5879514831187476,1.9084980563263403,-0.8915308618371853,-0.42429561246855535,0.2534815154076822,fashion_lifestyle_elite
-1.7689843801775265,-0.4438606985534946,0.7932536790671786,1.5545461563724383,-0.2613378081148386,fashion_lifestyle_elite
5.102051181943523,0.9220879630281333,0.5173230059948507,1.6567809172556696,-0.5537909197362895,main_stream
0.4779774134171768,-2.951476073144809,-0.18119039626394845,-0.21250859700157607,-1.1275281594470827,main_stream
-2.8967413779992546,-2.8533855487507296,-0.5632242512485954,2.1668766803334814,0.031502101513198544,fashion_lifestyle_elite
3.656638378184624,-1.2294603520513452,-0.6090153809561035,0.19649733942809625,0.24876119984377318,main_stream
0.4491784873888099,-0.5770458681167491,0.09906672869421249,1.6067580165882542,-0.2353693690506346,main_stream
-2.854144510886105,2.910097024313449,-0.976311687811263,1.0036929739628535,0.8091478353001276,main_stream
1.8282074486531064,-1.0275179404181671,0.5264130513140861,-0.0862223022175798,-0.9996390370527385,trendy
-1.951580938095432,1.776686933866922,0.7461362458781404,0.07372998449010273,0.1632120033061524,trendy
-2.3224897122537524,1.8961813023795906,0.750779302113649,-0.7378104949936739,-0.6291469021106412,trendy
4.097434023134496,1.1017566741528604,-0.7867907818898874,0.15492057931909914,1.4581216663767678,main_stream
4.489961701232857,-0.20034807663955306,-0.38327040424822756,0.264396907912316,0.9088714015288025,main_stream
-3.095015019004719,-3.2567049653448907,-0.3002513160607855,2.4208840794778563,-0.0546905999614464,fashion_lifestyle_elite
-2.204489170989171,0.20998344855670942,0.3046766792566614,-0.024932761370183104,-1.0081760019983548,fashion_lifestyle_elite
5.265748711227253,-0.8183572098054923,0.2617912964562806,-0.1512960652187612,0.41423325233326735,main_stream
3.6362141002286377,2.454149901145488,-1.5387539216729609,-0.8097400714844004,-0.4827055748267616,trendy
5.073884865206789,0.564130185841583,-0.5021459125616433,2.155795399915324,0.22168744531429532,main_stream
-2.4644450551585635,1.4634220379997478,-0.296748542249098,0.34235549891218253,0.7933746182272574,main_stream
4.280790342249931,0.6140442540112047,0.6616738200685872,-1.3438067187925349,-0.41736417830892053,main_stream
4.45148001942828,0.7978148539013776,-0.5200421195095581,0.10696811663799646,-0.5214865000225954,main_stream
-0.6465249304265408,0.7969762274447382,0.46966311988931764,0.4081714993122444,-0.3135593736729678,fashion_lifestyle_elite
1.456145163599856,-1.0873395163614465,0.46583451031969547,-0.5150507074279086,-0.7996041568905022,trendy
-2.703723446616573,3.337454231971583,-0.26889820470024073,-0.1829346221475327,-0.9247154534678222,trendy
4.239932386421379,1.2757260202467824,0.3018055320811448,0.4127378768971084,-1.8129687233152563,main_stream
4.088788660708137,0.42835352728509374,0.393405150270095,-0.861142807903725,0.01201294359533951,main_stream
0.28161946055601683,-0.7549892615446798,-0.2722708214640968,0.7824138024734043,0.7426455965854218,main_stream
-2.880701054650669,-0.42849441401149646,-0.007883996153156787,-0.2488344918529389,-0.14851033921028045,fashion_lifestyle_elite
-0.5892403521402435,1.3968593240335916,0.3300910391288736,0.6193733650766996,-1.1789649267086661,fashion_lifestyle_elite
-1.4184968010837884,2.157613505308572,0.900118983387373,-0.16355841686887462,-0.557190317725847,trendy
5.179683890981083,0.58943362470183,0.7069084700103425,0.8775613146483171,0.3372860940898368,main_stream
-0.15079818148206006,-0.755535512111378,-0.04324484347450195,0.956489137643203,0.3510935077497028,main_stream
-2.3570057145529297,0.6424741778443813,-0.9096345703224613,-0.41960074800862107,1.3296243819728268,main_stream
3.6590126464775024,-0.8824153567064629,-0.9894905553013421,-0.6625767286905119,0.37211257421823585,main_stream
4.907640248433764,-0.1849253238854918,-1.1022421972880103,0.10886138332832004,1.3109417896726023,main_stream
-0.17372846695478025,-2.3937128211139878,-0.4753153116364137,1.7017177523573594,1.073302740834512,main_stream
-2.376097927485139,2.9219830056556915,-0.12439896734867688,-0.2698721268686489,-0.16681076905162656,trendy
4.103385901098759,0.9754378130995485,-1.0438036424097454,-0.35359318369693893,-0.1286523749353543,main_stream
5.383252278007885,3.7589884123278927,-2.4153631195091405,0.9533906038891728,7.804062928689545e-05,trendy
-0.5375082956964105,-0.7804133689222165,0.48155472853374687,0.7743244639433365,-1.0564555717252944,trendy
4.676322817800269,-0.627627878058688,0.3159846063868725,-1.458173295794156,0.04797893469993389,main_stream
-1.2557945421266514,0.4958425397940225,-0.3050179107418764,-0.124352646317238,-0.9307920691732394,fashion_lifestyle_elite
-5.192145621933799,2.3982555905064986,-0.32173068516233755,-0.3051528170688556,0.8911228504313726,fashion_lifestyle_elite
4.047328766520986,0.7192805223885635,-1.2885789347137966,-1.935283163035884,0.06653224702079172,main_stream
4.753003396440161,0.9006698081082746,0.10476535642516642,-0.6097563960667967,-1.2781164397375178,main_stream
4.282218155979227,1.1040574003757821,-0.7591413932863975,-0.06812970991368004,-0.41080657735423476,main_stream
-3.9820725677347704,0.877787070759292,-0.19169855274287467,-1.5920487404634376,1.3372729564255263,main_stream
-2.546266323477937,0.9463812291760139,-0.6617352374017326,-0.44641574631816805,1.1812711451438178,main_stream
2.1986490726390784,-0.2304256435533245,0.6811023020170913,-1.1770335199794733,-0.9895764126548768,main_stream
4.981572281264759,-0.2617106575492957,-0.5476595659080266,2.071061741249293,1.8782443481373436,main_stream
4.002591923063734,-1.3500660520693109,-0.6080811643130646,-2.598351631307823,0.336150685593531,main_stream
-2.1702447100505533,-1.60602244717728,-0.20601417251204404,-2.5058249220358033,0.9071149222425249,main_stream
0.08579027394205113,-0.631785734558505,0.19252629589710965,-0.23065165140377314,0.7256243947547305,fashion_lifestyle_elite
4.352745289287633,0.9154191051128133,-0.8754832882016063,-0.05821034844738776,1.5127785194095436,main_stream
-2.4077685374493307,3.076789571763962,-0.31368036891180856,0.04347617273193285,0.17970702844199524,trendy
-1.740548271267512,-0.980167271303373,-0.5562001839884815,-0.9119725253969003,-1.0494096621589009,main_stream
4.567544191705264,0.05979164498929868,-0.8963762338935564,-2.0006153297101044,-0.06190898493804158,main_stream
-1.3719508082441707,-3.1385608928717192,-0.24208548286866238,-2.4396110505920814,1.5806424062945452,main_stream
-3.1383217298637955,-0.1979777069044333,-0.16111646812286112,0.24680852648834617,-0.006195578457911253,fashion_lifestyle_elite
-4.461095107850042,2.7633951778245995,0.1888126610682329,-1.9883227712207838,0.22243424423983676,main_stream
-1.1132611014173637,-3.704858266186188,-0.5338430619261489,2.633195406228072,1.694188596499624,main_stream
5.276369021700875,-1.0780967297960535,0.12068000051384194,0.18887484693111656,1.430185440710512,main_stream
-2.3125056239935033,1.4198452141051696,-0.5183584839345724,-0.5932573271227541,0.6518487425366148,main_stream
-2.7053581823708446,-3.0690950720529884,0.18616214450850252,0.27476185105826384,-1.1366643893585162,fashion_lifestyle_elite
-0.1966379417016226,-0.5090999695010613,-0.44553635525504043,-1.0066332273506213,0.48832059725755694,main_stream
-2.9605677717897643,0.6722149438700111,-0.20991425904393682,0.04452960008909957,-1.5179472662785864,fashion_lifestyle_elite
-2.8492828436739575,-2.356456811148701,-0.05637263917608383,-2.718383615223122,0.8731740284384951,main_stream
0.6291732849082573,0.6021568803202879,9.288772929445477,0.24820530245471134,1.5004119451731794,fashion_lifestyle_elite
4.256177969855032,-0.9287778484140516,-0.4167872045867994,-1.2758486128113187,-0.7733687382253215,main_stream
-0.6160632587425802,-0.13913747565988613,-0.6669699131609744,0.5321603778347377,-0.07298594005410124,main_stream
1.659724886920864,-0.5860008352026989,0.23346792407947223,0.781279267424695,1.1034697226704235,main_stream
3.268993560767252,-1.2674021580237471,-1.0676400961620602,0.06796096162496093,1.243500676460036,main_stream
0.5904161515871043,-2.218124339876357,0.508812510170027,0.37428611926985117,0.2707500140105913,trendy
-2.559352292947312,3.145073011787584,-0.4092811564599575,0.39537157475125867,0.4859098403979391,trendy
0.9425043357264876,-0.6178461066624779,-0.5053146847864005,0.7375466261925125,0.869593754467665,main_stream
5.9579273358669,3.3071917192858695,-2.230509843438763,-2.008787837403638,0.9591748445179764,trendy
3.3798638467886306,-1.8828160377249596,-0.2152941046100256,-1.4278457049149138,-0.7944494037741106,main_stream
-3.8288165855753276,0.9116344502384025,-0.16550632828799342,1.6052216439446108,0.5202840771957328,fashion_lifestyle_elite
-3.7451528798630003,2.4652403644515455,-0.9374854259723638,0.8967963523512134,1.1996545883365568,fashion_lifestyle_elite
-0.1896962548341745,-1.8027689725807448,0.34777226542488315,1.464388890041277,0.8132167844221412,fashion_lifestyle_elite
4.883802844188773,0.22652535113675254,0.3995074658633608,-0.982136127289445,-0.39252009617672706,main_stream
-3.5519877201942807,-2.901479518853714,-0.2769646986242925,0.8167689546699678,-0.2535793484924211,fashion_lifestyle_elite
2.8735740237063037,-0.4103777344105182,0.39883954194953586,-0.4073182239654821,-0.6331936828569862,main_stream
5.525931793298155,3.06885071846137,-1.1876617118541082,0.17379781405927341,-0.1458544279622553,trendy
-0.4541663046097621,-1.3167013431435903,1.0851034577545569,1.0474024578302092,-0.5549321576530367,trendy
-4.120753094055571,-2.7977653034102743,-0.3425906925201671,-0.06667980983490757,-0.611553608707696,fashion_lifestyle_elite
-0.7138620270187533,-2.580348832601806,-0.29516485112472984,-0.7558689899600048,0.1168012691825498,main_stream
-1.2216551174961376,-1.2198025324408661,0.6946934035808023,-1.1041815430546102,-0.1885248816786496,main_stream
-1.1493954508973185,0.7951515715727685,2.992814241243613,-0.34353491179217693,-0.4559748579810841,trendy
-1.012421362769837,1.0435935059067294,-0.10327159545651504,0.2663896774314322,0.3738260845355563,fashion_lifestyle_elite
-3.142763265024093,2.319595624435386,-1.1778308360120862,-0.010208152650926177,1.9707820580746678,fashion_lifestyle_elite
-1.8889095493636385,-1.3800687813276775,0.01626624394155449,0.9265953282781685,-0.4154318083935114,trendy
-1.3716583695333746,-1.3676828827267014,1.17584312101288,0.08224224662487885,-0.8782698228133269,trendy
3.8110929748324587,0.5429171835043876,-0.64706753055538,0.12195981864655865,-1.3022376131748254,main_stream
-4.801387579486739,1.4704558877086282,-0.5425906661662792,1.1243633849165535,0.08662727584338109,fashion_lifestyle_elite
-3.1703156980701883,1.4211590171605581,-0.3952423159891185,-1.002282840231235,1.169572431111672,main_stream
-0.2395628133046375,-0.6020920436310981,-0.12654177140998452,-0.2943006845769127,0.8931158094142755,main_stream
-2.2288087446789313,3.330443164230536,0.17847391038991833,-0.3778280096796772,-0.8226437428932253,trendy
3.392560534675787,-2.132410235806583,-0.9353158130820208,0.07513212241516923,2.3983138183778956,main_stream
1.1260959224225076,-0.5285861415878002,0.11964657627927507,1.288560396602161,-0.11189376217984903,main_stream
6.115204722815735,1.8544353101025217,0.5763980160712538,-0.03767843653327053,0.03754217231878961,trendy
-3.219241486658486,0.5868877763202814,-0.49982489216567233,-0.2845932640743297,0.16280039056769535,main_stream
-2.50376852315499,3.4161981347045565,-0.1581361005569531,-0.36556072088494757,-0.9322401450522861,trendy
4.652916248042166,0.44843709476859467,0.9521867669668932,0.11496155874224977,-1.5075587743025316,main_stream
4.307490835751021,1.3128124256673126,-0.97757165828799,0.4119300324855024,-1.1140473210669146,main_stream
-0.5864108879148133,-0.06428349411980305,0.9479672204377264,-1.8146865794920901,0.27159643678866036,main_stream
4.163721200190154,-0.1619839605080881,-0.3713602724809926,-0.8657400477678422,0.6688844791427373,main_stream
-1.8694349618773154,-0.6948046509719461,-1.1278154849659336,0.16571709655432282,2.175687893031235,main_stream
-1.719610315552723,-3.0604032142678053,0.42995491927637747,-1.5461541731148751,-0.01409072454274043,trendy
1.413339968570042,-2.5616486249474564,-0.2101595900858944,-0.36629112535550773,0.07460467674968947,main_stream
4.4307285049841445,0.3153464981269298,0.14925737723736618,1.578235672200404,-0.7127326499706246,main_stream
-1.1756440629463092,0.34523363946480295,-0.021268419927628172,-0.24632933122856684,-0.38056062512445,main_stream
-2.364992956161785,3.2210819614078674,-0.37155242831576424,-0.18547448368742928,-0.39401346712204555,trendy
-3.571345459415802,-2.0289949153164057,0.34291716779555814,0.7236930845601229,-0.5652422913904631,fashion_lifestyle_elite
4.848007558006206,-0.756336777605025,-0.4086073897794811,-0.6081268449075631,2.5990653610044654,main_stream
-1.0860379520138392,-0.9013698906634404,-0.5897660204227921,1.1773510808223984,0.5274124532102312,main_stream
-0.4751011975889906,-1.2357839717879804,0.5146232623844691,1.1069527297843489,0.014255133538247403,fashion_lifestyle_elite
-0.791905770984843,1.7481275209813765,-0.17243889395448203,-0.01755099255323068,-0.8531522149157204,fashion_lifestyle_elite
4.225064143327462,-0.005262026400412943,0.38477700713621465,0.24302614078304463,0.4598621175767324,main_stream
4.679198728958039,-0.3791952738077158,0.2404234486404063,-1.2632435898877312,-0.3641096500175698,main_stream
4.770892167221984,0.21119508802892575,-0.09250489036144849,0.7855008298256314,-0.9331665264608124,main_stream
3.5981208490904573,0.4093619635105294,-0.15967119766863022,0.2960900784469484,-1.4449447370627737,main_stream
-0.10334998284641875,-2.622323288658625,-0.6818906355201473,0.6995374951206873,-0.34915660519433445,main_stream
-4.051190650887961,0.3405045349501273,0.07000818718679146,0.046668888856628184,-0.4925630117039834,main_stream
-2.5908971642359657,3.0653363828664912,-0.41120984835828095,0.206303783025408,-0.2720377313018936,trendy
-3.261239279580429,-0.3223926628882449,0.09935793679617319,0.5980171705751239,-0.357865143978004,fashion_lifestyle_elite
4.496105786296204,0.1282707528565913,-1.1895613863286447,0.7416228614705493,1.5116940524660922,main_stream
4.239233352813789,0.7735065963482289,-0.08322136677959867,1.8347278506249243,0.35946131597620257,main_stream
2.857567525882792,0.26924588638659064,-0.21159051960792935,0.4307842707360863,-0.8729696116766779,trendy
-4.772714747129503,-2.2384600988981647,-0.4466939987265625,-1.3401647388953,-0.016533049151476003,fashion_lifestyle_elite
4.607636116912565,0.7818053504130192,-1.3665536764087465,-1.0144110010676828,1.2067512724620513,main_stream
-3.410782288327488,0.31758774039080134,-0.3148871918011304,-0.7104515116167549,1.3138806695740428,main_stream
-2.566507438901565,-0.2892381420403099,0.024572907793960385,-0.8999067883584237,-1.0001680147444594,main_stream
5.288926175636567,0.5210033058791071,0.365464980862099,1.1776397663874507,0.6808820048152698,main_stream
-2.3204774157365207,2.9246793482710136,-0.13900908946710738,-0.5950064897995776,-0.47957689357999495,trendy
-4.379806255824303,0.3408982927022315,-0.3890259305644838,-1.5629608903332441,0.30889766733600554,main_stream
-2.0697954984244427,1.9058535054749248,0.5019668093590632,-0.5962187212038979,-1.047220024526597,trendy
-1.6662787227733407,-1.2343257154780733,-0.9521569342832056,1.809974694203559,0.30594690074086317,main_stream
-4.030065947224788,2.911571731787474,-0.4475015439056935,1.0059011158079962,1.0546966199744106,fashion_lifestyle_elite
1.1964333391948077,0.4977201641601721,0.20260378136704996,0.04922384542660086,-1.6871832794203363,main_stream
-0.35611287187682866,0.020341095135386355,0.022968713277712126,-1.4593034436216452,-0.6350306392415116,main_stream
-3.3941920586950514,-0.8743353313165604,-0.5976945714583916,1.4475749940762348,-0.4170306586571016,fashion_lifestyle_elite
0.507601237401,-0.17643825859040027,-0.9303257523618328,-0.7736315878661041,-1.5534172437240146,trendy
-3.0822839115701908,-2.268145285807223,-0.5164926186481724,1.2339341371071564,-0.11517772226930496,main_stream
0.5571642271462104,-2.081955652724849,0.5660305789557605,1.538575077885617,0.27014345737344975,trendy
-2.264600866630454,-3.111942453747056,0.49264670654415765,0.38991774752185915,-0.9022811311807057,fashion_lifestyle_elite
4.7646613313929675,-0.19904010406309,0.6107233560576731,-0.16300244252650178,0.8588867199458223,main_stream
-1.1567599867279366,-2.5067683039265996,-0.20385052788574534,-1.614137105111516,1.4855191571904243,main_stream
-0.30831439190258025,-1.1108366463439083,-0.17684613116977055,-2.5462450409606228,-0.014157470450427393,main_stream
4.5385174515974605,-0.08760669546592607,0.8719442944072768,-1.0980177942695464,-0.2987305143104224,main_stream
-3.1159482971938464,-2.381566572138134,-0.030863452113102662,-1.5300971913052446,-0.37094892479373226,fashion_lifestyle_elite
-4.204813194883695,-2.2469229395832104,-0.3993607172299595,0.926270935639521,-0.28448845382336935,fashion_lifestyle_elite
-3.6780313742473867,-0.9724168355917768,-0.6391557136345617,-1.6479975782650897,0.24173274960289912,main_stream
-2.7667091446164553,3.199083476622237,-0.7652521352608204,-0.8896578863775155,-0.02906846858357547,trendy
4.182843559496361,0.4789590926912297,-0.9166598406284431,0.44376411206680627,1.3586513965559661,main_stream
-0.2922210404664108,1.6366847740089128,-0.017106208466486063,-0.12092253162505733,-0.6912383768856393,fashion_lifestyle_elite
-6.365243169513265,2.518621723044268,-0.04395363938791808,-0.38898525179934534,-0.004491692623204728,main_stream
-1.283588883824409,-2.0305403221986014,0.8389017625988823,-1.226501244550337,-0.8693462078161389,trendy
-5.91214137418172,1.8290488288456732,-0.6499956246607937,-2.451655305830811,1.156614101553663,main_stream
-3.2823989312825845,-3.986501672661841,-0.9260741112934889,-1.0213599457140936,1.23633711430783,main_stream
-2.1279768389466645,-2.5882054677677386,-0.5016644022292683,0.23242916644120418,0.9201368126335989,main_stream
-5.037383980624643,2.333321237324801,-0.335389061315548,-0.2977055758119174,1.1102098464149681,fashion_lifestyle_elite
-3.0420751831142834,0.5643887271615695,-0.3794353457008593,-0.031936261781954654,-0.08350238174970134,fashion_lifestyle_elite
3.505154590485308,1.9336679591134696,-0.8014900733465113,-0.03788281678233286,-1.6769820346243731,main_stream
5.264843898435053,0.3795521482564914,0.7968218435860644,1.0882803555335974,-0.768219605067422,main_stream
-0.8245437266736462,1.1859778110882526,0.19748283371431707,0.9132287730176925,-1.419441974533317,fashion_lifestyle_elite
0.6030911404841488,-1.6664972808386727,-0.7004626846756279,-2.3177356552616994,1.2187188788176042,main_stream
4.955576916896527,-1.0423339793466964,-0.41914702832514006,0.015057292601941073,3.871266758648383,main_stream
-3.2573981541284645,-0.6718391920861801,-0.7819031883423639,-2.4697945634937826,1.439349045263485,main_stream
3.897076707459263,0.1701989637510067,-0.4163498096821343,0.2521694593909699,1.3835594377237255,main_stream
-2.07460210420393,-0.010256998604825153,0.4783584167723345,0.7887652490697199,-0.5946326941044238,trendy
-1.7589332575602483,0.12133620724224606,0.850577368813099,0.5537285958337456,-0.9989703692946639,trendy
2.0580694312950025,-0.9104664774812862,0.6425218493002242,0.9019562251193181,-0.24977696402341393,trendy
-2.659790407907692,-1.8537255285387824,-0.49107951325534643,2.379779966203808,0.4310077477300767,fashion_lifestyle_elite
-3.379864114297659,0.46078199858475866,-0.7511627652250749,1.2375757731364825,-0.260761851894875,main_stream
3.129816698753305,-0.5869593223456493,-0.8553743447738502,-0.7597159208323091,-0.9309882468049357,main_stream
-1.9476908337441339,2.5485222560435057,0.2611049140300933,1.3166155616480117,0.008243877599836889,trendy
3.262497490902378,-1.4086764326050265,0.029502502537738437,-1.181588816330076,-0.9127007743677951,main_stream
-4.381886500498824,2.573573295004248,-0.032355507177529,0.529735261985165,0.6873256617411375,main_stream
-3.0419494392619835,1.4711361392195408,-0.3025374912551556,0.43429616192854964,-0.11371804856027226,fashion_lifestyle_elite
-1.865297388830406,-3.015334701369255,-0.895499319572339,1.5592995555323403,0.02736617489519061,main_stream
-2.1395434920969585,2.981527045249676,-0.4085337113850249,-0.3749279162988328,0.031421242580569435,trendy
1.2818994587118735,-1.026942680841788,1.0483862676402462,0.026980088355100313,-1.8226048920092721,trendy
4.979393883551458,-0.24572074502604813,0.24127913192528205,1.7927007799281265,0.18160125211070507,main_stream
2.732671461348574,0.2891246190471696,0.028924037264690974,0.8398257088029345,-1.749093893967482,main_stream
-1.1890278200953512,0.7994786064354636,1.4820565080551864,-0.23512716095273883,-0.2378847248945751,trendy
1.961937150406431,-1.140785514612779,0.3166255188215551,-2.2773981591311108,-0.10550683818391851,main_stream
0.3727492830762581,-1.428150606329516,0.34357852552475954,0.4014652156246343,-1.0069102846687277,trendy
-0.4333360155008856,-0.8478579995486629,0.015979021405943122,1.631163134127803,1.1361527436580134,fashion_lifestyle_elite
-1.7006177060856649,0.5184456843571846,-0.12708872702622714,1.2061281212948685,-0.4270506291637706,main_stream
-1.2397739681982998,-2.624164002462903,0.5181708550269453,-0.9910297225655453,-0.8463119428347585,trendy
-2.7618558646500593,0.9511892955369985,-0.763421011568626,-1.3724880926523493,1.3261853882920132,main_stream
4.007297078233233,0.6764675664980629,-0.6269640185519183,-0.8433846639951353,-0.9108476243578051,main_stream
-2.092499351133455,-0.3584135926550137,-0.016877720296519075,-1.025956665750066,0.6644689975815438,main_stream
3.9237254319808343,0.4106583003503909,0.22818695943338121,-0.45007653875745884,-0.15048720991886583,main_stream
-2.842509407582276,1.559050854145273,-0.2990339010408283,-1.4404998497208739,0.2880410858946242,main_stream
-1.0620634704415048,-4.03083816192224,-0.12290299463207188,-1.9406001112914308,0.15086019883091945,main_stream
0.4338296453598688,-2.3953751461291986,0.25164113008946937,0.07214755078466178,-1.168390168231295,main_stream
1.2065684974641804,-3.3087402248141506,-0.6223890245587386,1.1631698761277696,1.1614088288629236,main_stream
-5.745866615501248,2.7927470586149203,-0.43988755423920456,0.4051267488930103,-0.12065650836456789,fashion_lifestyle_elite
-1.744515814211652,0.3908616079621783,0.4310374693411738,-1.4904310691199238,-0.37731626689666004,trendy
-0.5517728235378745,0.9839855617520968,-0.013883026750211762,0.5525858016168884,1.3420210571833864,fashion_lifestyle_elite
-2.4229176364683886,-3.319597676646622,-0.3769867368256245,0.09090058679952698,0.36463895379709627,fashion_lifestyle_elite
2.552302147739639,-0.9013763438677335,0.39931440192228257,1.001457432443061,-0.6777415503600477,main_stream
-4.0413676991811265,-3.2899408670701535,-0.1156216448302509,-0.07343887194552208,-1.3630115139954344,fashion_lifestyle_elite
2.2869186228568203,-1.8608912478718969,-0.578781113859575,0.8535208417032439,0.132063203127717,main_stream
-2.4256280215495334,1.9929359585554278,-0.5222652398681787,2.1810369281828597,1.4750777557475694,main_stream
-0.07701242681750708,0.5630228925271729,-0.06421563314346773,0.3974589079559697,-0.17408122668052217,main_stream
-2.0010061073196805,-2.6417388754497195,0.3100804952030508,0.9256785821645644,-1.1306015008436228,fashion_lifestyle_elite
-0.11509876470975647,0.7765524495826596,0.4300394096940502,1.5719124923954508,-0.41447300428856926,fashion_lifestyle_elite
1.239261111243322,-2.2311032259657533,-0.02379630194858522,-0.12294794578084817,0.0980905776774607,main_stream
4.478453675605749,-0.9621340009007534,0.008486510337397382,-0.20776708793585077,-0.33860739190167466,main_stream
0.33233681545697774,-0.9492859810228454,0.8156932925876252,0.940774981261558,1.8357433137969967,fashion_lifestyle_elite
-2.2653109252852457,3.002254900505494,-0.20163302808164707,1.0352636792394863,-0.19922200888686795,trendy
2.6091365451226984,-0.06465291593337587,-0.18348034536729593,2.1951143597934806,-0.29790139884118233,main_stream
0.579896388322929,-2.8364304082255614,-0.1333185219209371,-1.4193994826415244,1.111856091438843,main_stream
1.9142487925986604,0.5785087302260263,-0.514013125857572,0.9214278726740149,-0.8341639905542222,trendy
-2.726816355696981,-2.1704980235859876,-0.14083122105601054,-0.03403603456546782,-1.654709816929059,main_stream
-1.6421464824832424,-0.9407792756015818,0.6395690234507758,-0.2013579803551542,-0.19227807672616484,main_stream
5.402459536330611,0.4437969246374926,0.7710642610268583,-0.6575037180531652,-1.3414740080404182,main_stream
-1.6610616694360196,1.5663295979253453,0.931003656419337,-1.0059535964339101,-0.19741137412081255,trendy
2.585432908825681,-0.3410991453102042,0.3389708800188231,-0.4216647570985734,0.024710368379269425,trendy
-2.105271354496285,2.9701662670513267,-0.3516191201138906,0.8758514080635877,0.28711803544292763,trendy
-1.2113462293679012,-0.6046008358989254,1.1394240354122023,0.031842475538064456,0.15640830881396633,trendy
-0.37976135903201874,0.8097998457105137,0.7325564756950054,1.0539923894727226,-0.13724775740083145,fashion_lifestyle_elite
0.21864350929750861,-2.109790822412327,0.2686886578551845,1.8834028573366637,0.8857126200877252,trendy
-0.8750595098760555,1.597473940000666,0.16671846710835259,-0.2376110769161494,-0.9148245092846125,fashion_lifestyle_elite
6.5570507649862195,3.1055228183179024,-1.6527148871930168,0.4530144176397066,0.2338112761135734,trendy
-0.7405640451296419,-2.357778100438947,0.25311921364332274,-1.5726823095713798,-0.17771605749020986,trendy
-2.6799654015885963,2.9226952148902154,-0.5466842864511199,0.5836893376063522,0.6958982318147787,trendy
-3.314805765595202,-1.3322518201599194,-0.1471721408999578,0.435981244909698,-1.6179187882054378,main_stream
7.418566263299276,3.070583923639893,-0.4164109821213919,-1.6175036766566404,1.350802529487165,trendy
-5.091022433508333,1.7436057563407832,-0.3205715357958346,-0.5572119882458068,0.4482547743660557,main_stream
2.989205153167886,-1.7952179914535724,-0.5653207732207954,2.4939003135521025,0.8081673802030066,main_stream
-0.42785827346175587,-3.2535920128080638,0.07873984544171103,-0.41184412249110125,-1.1910184191948765,main_stream
-1.3430267164677745,0.4126354707445673,0.5678524915504447,1.0927512036024056,0.03890669826921995,trendy
3.379904168157536,-1.6434713052330805,-0.2807005231357659,0.1425807890694751,-0.04314142165864205,main_stream
-0.9206321880288214,1.6279060694782914,-0.12219650355088177,-0.8528683430795849,-0.3770275662148165,fashion_lifestyle_elite
0.9665487245399845,-2.181904307767313,0.030378007302059466,0.03189125383458922,-0.4705282511345801,main_stream
-2.910896212440168,2.0096923823354422,-0.7413496307570391,-0.4062325207332501,1.057052050362202,fashion_lifestyle_elite
-2.151988712701126,0.04372721031874157,0.03300680235470301,-0.34825419756900095,-1.3350927309294702,main_stream
-1.7048651611573225,-2.0150236447674934,0.9947082625652252,-0.4971333514435998,-1.6582581769210158,trendy
-2.200665554597728,1.0779592237862041,0.48069936443031186,0.09839577553092854,-1.2508037642280778,trendy
0.15178369641284956,0.7711932208226882,-0.41077779926806635,1.4639241460109509,0.17378531707946818,main_stream
4.039520954340826,-0.03186755616933126,-0.7975767987590574,-0.3203282757663175,1.315431634687536,main_stream
3.6104050347920413,-0.1223194148588235,-0.232079385817513,-0.3363613079612123,0.06379658864432271,main_stream
0.8233575489316984,-0.9946976127826098,-0.5970341211553893,2.397659348131195,0.0850355521662546,main_stream
-1.6072365762344978,-3.3488164851713575,-0.10751314318246466,2.0722164802039202,1.1834411899528305,fashion_lifestyle_elite
3.3830026691521984,1.1824526630194638,-0.772445639766643,0.380812821488559,-1.3468278581691833,main_stream
4.632828588784596,0.1456387428126023,-0.3287431859944465,1.3608076305970902,1.6209129637140565,main_stream
0.46191568894576285,0.5697905404828864,11.936758653840652,0.19191694605428664,1.7251124164675558,fashion_lifestyle_elite
-4.283484401763648,-2.4708388665902805,-0.5317923098821896,-0.17707937656151923,0.27288052280963926,fashion_lifestyle_elite
-0.33074129584144163,1.503784004210145,-0.4345122571479305,1.2427075131324277,0.3958041339771418,fashion_lifestyle_elite
0.6897554161325471,-1.7284639220559834,0.2706485181459623,-2.28416093471174,0.19340937760706184,main_stream
4.638249716775795,1.7631979902408708,-0.8222004301168738,0.04867131634268637,0.13745154565779175,trendy
3.7157823081832206,0.6485615513199211,0.25208904420915945,0.16491988743496164,-0.7517451078696449,main_stream
2.513937121690752,-0.9911638794062362,-0.33964290197131364,0.560493795163561,-0.4047047879452255,main_stream
4.763383325137629,-0.8048082610942412,-0.3444699733635124,-0.1521785979404394,0.8303296682659597,main_stream
-0.6814402980628069,-2.2019762370123814,1.02487579245945,1.3964536649557941,-1.0209886919787148,trendy
4.864364326238042,-0.1458025493867833,0.27827808466659887,-1.3086748020262247,0.8303726689226668,main_stream
0.10835833356042891,-2.1712414714736195,-0.2255683554369628,-0.32940115411716137,-1.4901897594515585,main_stream
0.36490360812752365,-1.3299428104992561,0.7928720546059371,0.8328004660804137,-0.7401255284705834,trendy
4.440292335968778,0.47707206148988607,-1.4819384102591702,-0.7971769246077246,1.4670338379824621,main_stream
4.168338373436859,0.3184908485158896,-0.06245825475706564,0.9428075721669364,0.5776326308407209,main_stream
-0.9996228123955814,-0.8099404378188044,0.06400660303506592,-2.482924178013278,0.1852712653215197,main_stream
4.996416227093285,-0.6096603620928657,0.6827374321032834,-0.7231695780853747,-0.09089337311108658,main_stream
-0.28868387070154927,0.05911150959557826,0.4984934266307652,1.7408491537308683,1.574936448325826,fashion_lifestyle_elite
2.057205251962836,-1.6483034846609783,-0.406654249054659,-0.060490575196499016,-0.663810353483379,main_stream
-0.4585305480341559,-0.45532668438212637,0.32288606119656066,0.11535566321627998,-1.2419052055299753,fashion_lifestyle_elite
-3.370004797591687,-0.5215872716129122,-0.360331803719621,-0.8867102376086491,-0.6688278566360335,fashion_lifestyle_elite
2.991333646674145,-1.7503015898760157,-0.012325109584547833,-1.8701572511743048,-0.41544518388508644,main_stream
-0.5560355442047672,-2.5768491572539918,0.7587533146601216,0.7217288874232671,-1.0549560532781115,trendy
-4.209662601402425,-0.25766294724384886,-0.5359986496530409,-2.0620300120476496,1.108610176450328,main_stream
3.3342659881171324,-0.2590498771181932,0.941205925207982,-0.9522045699616497,-0.6874442585945728,main_stream
4.944486145263759,0.12418559854627186,-0.47023225835949706,-1.417789285854887,1.510181612835478,main_stream
4.794223115354859,2.9444647156740316,-1.657619793908898,-1.6438460475670214,0.15630312277574265,trendy
-1.6304070462393838,-0.2787108635944447,1.1088879148170805,0.8027540354513722,-1.6423088794237635,fashion_lifestyle_elite
6.799880416446526,3.4676637961784094,-1.936874596591886,-1.5941849907500485,-0.1953485120356377,trendy
-4.088873708655746,3.29194678177255,-0.1355895130883317,-0.473137826930082,-0.5500964875804585,fashion_lifestyle_elite
-2.355694378198568,0.17913585048756725,-0.9213378996013302,0.29967267731433594,1.4072710607754129,main_stream
3.559036003086976,-0.3660868511640411,0.2881029833424211,-0.9152547072902515,-0.3493372661577221,main_stream
3.5630965107741885,1.758874255679896,-1.7456164137590562,-0.8259362756305804,1.1838290142387609,trendy
3.625767862526392,1.1478239520798892,-0.4666616781571871,0.27895568529193365,-0.4356415229455434,trendy
-0.672738055379896,-1.3331110151204602,0.5511941750889242,0.10588092742141199,-0.7152836550255137,fashion_lifestyle_elite
4.217560936020471,-0.2968197048238936,-0.5337886185375457,1.1009217311872839,0.1317428655655534,main_stream
-2.120928084698229,-1.5923070114501958,0.352063829660316,-1.1953622209433277,-0.04861801623855381,trendy
-2.540033137354195,-0.6394683080689344,-0.48419306076578283,0.2555980931830905,-1.7090357509351932,main_stream
2.3940512803512615,-0.367682574833713,0.18167209931647416,-0.2791539317384,-1.3776735659612915,main_stream
-0.09484032119597019,-1.4807841008333489,0.5291757096336309,1.247303510106411,1.1844258324036374,fashion_lifestyle_elite
-1.9512154690234214,2.6830679587507382,0.5165043438791763,-0.16787437368463629,-1.0352984522040916,trendy
-2.5750498472855794,-0.4409317396730029,-0.0552131211688725,0.9091237088455414,-0.4524045260185973,fashion_lifestyle_elite
-2.458552116172121,2.750895151932705,-0.6192054128370896,-0.1671559776772286,0.5518842908521832,trendy
-0.6825788532446331,-1.4540523551333895,0.6337980702525006,0.37579494443495476,-1.7360952769367615,fashion_lifestyle_elite
2.2007364413495987,0.2609000485470376,0.6194662074071685,1.1464449955173648,-1.2707620374262265,main_stream
-0.124353716256981,-1.1863540730472606,-0.714649996564231,-1.9784252989871178,0.5148276028889965,main_stream
-5.374396072182356,1.817394524337647,-0.3925638059354299,1.0623809568884268,1.11708275174278,fashion_lifestyle_elite
-0.8990971530255326,-2.8091433055968467,0.9557360451258589,-0.970671617050247,0.2501221451239241,trendy
-2.263144633877175,-2.632200038815232,-0.18953018960914472,-1.4666270627271054,-0.08184989908431231,main_stream
-2.7351847035346224,-1.3374515868929617,0.09148966738678989,0.42423428096390287,-0.09511068511932357,fashion_lifestyle_elite
-4.505107265468535,-0.24192222522461815,-0.7247813464483153,0.8790164074464513,-0.23009658694621368,fashion_lifestyle_elite
2.8735637736553468,0.6491965278470256,0.4649765007242442,0.7193095463998876,-1.5455520610676199,main_stream
-1.8013874812467838,0.3690804212064874,-0.8910562557734868,0.059189399662355126,1.8270578875793904,main_stream
-2.0429087438998037,2.774025023224292,0.11200618428534592,-0.4530396819608872,-0.2133283059584202,trendy
-0.23587898935348253,1.8614506374665063,-0.19507175131559676,0.8714541647433299,-0.41764508311390014,fashion_lifestyle_elite
1.868653985655577,-2.2007911893430534,-0.42868435735759347,0.06995922381439196,1.1510252772571905,main_stream
3.514385437025818,-2.503150188613557,-0.7286299350033598,3.26606232885628,1.2298952646594472,main_stream
-2.377570253575987,0.7210325174336679,0.5286711830535741,0.6442508347674263,-1.0776092382169289,fashion_lifestyle_elite
4.0445395896891485,0.12108661965016912,0.7923940478184959,-1.1329430215830403,-1.0156067993780054,main_stream
3.9846936565218747,0.5568887647137604,-1.374415022119173,0.49107975395104225,2.0583460963844775,main_stream
-2.2305615784998434,2.5894755482384513,-0.31731199577091795,-0.7284952491077114,-0.4337104655567227,trendy
-0.37289824030373314,-1.6898835769875038,0.13118174531806467,-0.6557429033459536,0.8536041618163008,main_stream
-2.0993819668235956,-1.4453613166998156,0.4336373428276575,-0.3163114312470948,-0.257544632755949,trendy
2.0731975389475688,0.5686282912374719,0.3385474520991085,-0.28388730108880295,-0.607231892208869,main_stream
-2.31726242391691,-2.135660956845652,-0.15456524338886043,-2.3957150260934146,0.34915573514104487,main_stream
-2.240876806881588,2.657737262429233,-0.5214510605559389,-0.5621357553942248,0.2056658839319262,trendy
2.623628745053857,-1.4557051848586215,0.2740350000407965,-0.36468123677791425,-1.3136518095052117,main_stream
2.5665984521372,0.752081040802653,0.6202530471033258,0.3939765115788611,-1.5402759246286952,main_stream
-2.163402894137006,1.3413401729642032,-0.08493525562837952,0.047301995576360924,-0.03737285150720517,trendy
-3.058576019999078,-0.8927882217027444,0.21460309328169333,-0.17138391531087635,-0.732650526510302,fashion_lifestyle_elite
-0.660037191980546,-1.4709035048486254,0.6588924627357973,-0.6008505039356902,-1.1835625210561713,trendy
2.0165811566356697,-0.2551998915687686,0.4172845464303266,-1.2641438652104735,-0.15538438451141676,main_stream
4.564078967104894,2.8771218383695474,-2.562009301296184,-1.146508143744496,-0.19270876896046804,trendy
3.780480802226455,-0.6771234967655417,-0.5386139375760471,0.46703483894495884,0.03588079468539842,main_stream
-3.4104728226244028,1.7249677963046024,-1.0772206079904616,-0.5771077120459881,1.3031261798212506,fashion_lifestyle_elite
2.854144534255004,-0.6009004426770908,-0.05610453945974892,-0.4715025651071101,-0.4549322850104041,main_stream
-2.721823484635889,-2.8662718877020485,0.22967218753282662,1.1426754349974626,-1.5609739575496862,fashion_lifestyle_elite
1.4036319955829875,-0.1321137153855223,1.0494746737380034,-1.750257688283889,-0.1669611234333823,main_stream
4.3532003198844995,0.2943908719303779,-0.09077543980310865,-0.9311399091446989,-0.26748468613315957,main_stream
-4.992206112726241,0.39338048852328655,-0.7787640282965763,-0.05743947545399638,1.75628921232657,fashion_lifestyle_elite
-2.5231295063707613,3.0354730082963775,-0.3658938650245482,-0.08607408776495583,0.28027003131980854,trendy
4.870888981036038,0.26621794458358405,0.16127878808470805,1.0721917013078166,-0.14661953310058765,main_stream
-3.699650420223125,-0.1961691493753247,-0.5322792974842218,-0.6461043346262166,-0.15194102627533745,fashion_lifestyle_elite
4.511889627361685,0.1970502549654005,-0.5342053978796178,1.6963980443382627,0.40950453145691684,main_stream
-1.1912791106761162,0.1433189747415983,-0.41599994345426605,-0.5070261253379886,0.27337480758637545,main_stream
-2.5988245271946857,3.4100696739027434,-0.5831610442679678,0.8087656524811091,-0.023223724835985848,trendy
-2.286092072419687,-0.7220828794584234,0.5746581616801443,1.355085817018996,-0.9613860886715284,fashion_lifestyle_elite
2.953277061781133,0.2903086724980273,-1.3990729529073394,-0.835964590143949,0.23653913363876175,main_stream
1.659472982380114,-0.7390712744991855,-0.3082421609759997,-1.8107864459876908,-0.03465339508920758,trendy
-1.8115947956506349,-0.26445157196789226,0.5196868051713602,-0.059496305550621374,0.1512858322747639,trendy
-4.237506321753506,3.2190604850212994,-0.41073768494077784,0.4867269451244451,0.5225244295183956,fashion_lifestyle_elite
-4.163585533059908,-1.803688205950783,-0.9281995679256921,2.3469642407786684,1.7286482837336208,main_stream
4.413957086968831,-1.6937749698555218,-0.7047157273567044,3.1053278933678543,1.0169124423230569,main_stream
4.220893595140547,1.1689322899608818,-0.6521973594087668,1.4188885910473066,1.0272197602903526,main_stream
-1.5313987148266361,-1.6178704180866783,0.823999202540437,-0.37115369265684106,-0.05842084234060311,trendy
-1.760260889480517,-0.25528799911734423,0.07680986179554194,-0.5101142646229142,-0.034035597350260766,fashion_lifestyle_elite
-4.0622203157722625,0.9977005846090883,-0.5550389550392372,0.6122241946735595,-0.05291222648564826,main_stream
-0.17578953739867972,-1.3432634999728403,-0.016453933693429658,1.0369768545087985,0.4570317972897864,main_stream
1.3096193492465822,-1.5235449216945431,0.6027971319123355,-0.05506284141802502,-0.018403965683111666,trendy
3.2615078566775213,-1.3928366262564293,-0.18204810021694934,0.39707596909123627,-1.621771540994466,main_stream
-2.2092247432270984,2.215911738014921,0.693059715214547,-0.022187505393388308,-1.2934425097524411,trendy
-1.1661267425069544,0.39985990490158047,-0.36941159516564515,0.6421113923157095,-1.3734926208378957,main_stream
3.619738162481324,0.8222835996267323,-0.8028399666363498,0.5038499133447644,-0.047421798999374674,main_stream
-1.851600091055237,1.3086075485073523,-0.28581043109185167,0.7270111201346124,-0.8956344867094472,trendy
-4.135975652664164,2.492060036297493,-0.4057807132663877,-0.04437032882565185,-0.6265298382947199,main_stream
4.120704194396407,1.108608599025286,-0.012317102680618046,-0.9102048729714132,0.37363117890887515,main_stream
-3.4196431014689406,0.35648225557752106,-1.201446467694647,1.612589345885933,1.0690290837242296,main_stream
-0.815926356281338,-2.2113827940407664,0.5720183573332304,-0.2736585243683718,-1.725626624436739,trendy
-0.836233658635619,2.0681664794266474,-0.07724661376612173,0.4556079588198938,-1.1810791344444156,fashion_lifestyle_elite
-2.3160023289522615,2.7652041815930057,-0.3839428008613992,-0.6063503337128681,0.22575966135404033,trendy
-1.368885841971551,2.915244765331587,3.30272228573482,-0.465075138916187,0.029941930402964476,trendy
0.012224022066518452,0.7874411845488033,0.5753285837208729,-0.20590518488131024,-0.18768855132238885,fashion_lifestyle_elite
4.813609839894143,-0.6253809549286344,-0.3899751206954351,-0.29552881114882734,2.0381365880738453,main_stream
1.544283841851878,-0.8071962830082688,0.35489109893238896,-1.6481697972567777,0.8960670177176131,main_stream
1.0679547487998315,-0.6903984848805552,-0.06207962068280473,-0.719171120587473,1.0848676881950994,main_stream
-3.64149414598275,1.5319302216651198,-0.42042192490859753,-0.9233462139123565,-0.6223118685662894,main_stream
4.933076953583727,0.5425381099133498,0.9790672207814999,-0.11436056853358935,-0.16886997893084935,main_stream
-1.4041320454341049,-2.7247859188771826,0.4224221126148299,0.37104125000408966,-0.824915959951651,fashion_lifestyle_elite
3.8731475957463317,-0.5681861245091974,0.03166076568354297,0.2207943102035229,0.6875820973145469,main_stream
4.5909574590233335,0.7636484404812981,-0.42312561407896837,0.44978415677437406,0.2526718755142839,main_stream
-1.6925320584974082,0.8361822253912015,-0.24957712068462176,-2.136219252347271,0.08168490672220935,main_stream
1.2726071022330827,-1.9202250323778445,0.21015212159933738,0.6783236127017973,-1.906338113739546,main_stream
4.580245613741836,1.2983287949373281,-0.7189874265053611,0.4352279599392729,-0.9165844204061854,main_stream
-2.9262282687749868,0.4991324202462229,-0.8885354937725485,0.39276894999690626,1.0501153355486799,fashion_lifestyle_elite
-0.28070505561231335,1.5704434852253752,-0.30879930124376664,0.678152508833884,0.2001492312125153,fashion_lifestyle_elite
-1.9465186972408683,-3.3101763549307743,0.3651177529049255,-1.1629333018192864,-0.8937810045184819,trendy
0.21919378593096397,-2.1321494465313626,0.476176790310778,1.4219602316971554,-0.5273962415009051,trendy
4.208451273455982,-0.35345970569002527,-0.4844996477826631,1.2404415244511875,1.200875602967483,main_stream
-0.5090070121982143,0.7825998955564962,-0.9387728814858494,1.0879382092033818,-0.034238956266877334,main_stream
-4.604818565203905,2.574479812066922,-0.7650393136295858,1.1818771654365254,1.2748844281820502,main_stream
7.043529685247774,3.8904338138663475,-2.0185146779008867,-0.4675784922655921,-0.7993366854065197,trendy
-2.1439246420018536,0.37312716403657864,-0.07419790642759508,0.0343065205729843,-0.4909974737719979,fashion_lifestyle_elite
-0.3732524533302835,-0.8308812527227359,-0.34617048109235904,1.8404397326611694,-0.09667354717967605,main_stream
-1.258605004855441,-0.3506529635409173,-0.2397485422006308,-1.1356785253286008,0.26105498687464057,fashion_lifestyle_elite
-1.9293306607191465,-1.6902166158157514,0.18872505120122898,1.583052486792313,-0.42312821767946207,fashion_lifestyle_elite
-3.729082298376207,-3.5180849764915263,-0.7764528852786081,-1.4651686425328505,0.9102608047908434,main_stream
-0.44693797207230385,-0.6105054038765321,0.2002432050216211,-1.4391546061604505,1.0618686756120448,main_stream
-0.3190345186515367,0.16768878536517573,0.7906645138944762,-0.9152799189483471,-0.2293141696874975,fashion_lifestyle_elite
4.799732306196376,-0.0028985698319955117,0.5316807370761129,0.2909896063498746,-1.3419294639952073,main_stream
-3.294814810901201,-1.0070162948875716,-0.3553819647728767,-1.9331095606639888,0.043140875015590205,main_stream
-4.7626314863903065,0.3371711649863061,-0.571952003162867,-1.2252940239979957,-0.053533890648926594,fashion_lifestyle_elite
