0,1,2,breuni_class
-61.77797858509473,78.62528419039974,-13.698127018140866,fashion_lifestyle_elite
-163.73341482468587,30.556835183561436,-17.965217729543195,fashion_lifestyle_elite
339.6495538150958,30.058836024902995,-22.72603778404139,main_stream
-193.0226824846907,-4.488932769094992,34.10405289819738,fashion_lifestyle_elite
-238.55335915449464,136.04028852231212,-64.8450046035932,trendy
74.88713516291219,-173.72146872946308,-93.3651562930411,trendy
-99.03803543427091,51.26415711859349,-5.546571858300671,trendy
-219.71738045426775,-0.7442911628693454,-41.98973165322782,fashion_lifestyle_elite
-288.84526360042156,-113.55193148472925,38.99852579876641,fashion_lifestyle_elite
131.505623515175,26.656157791478833,82.60946970292468,main_stream
-243.31997681749405,-69.02082608698099,36.18806206201848,fashion_lifestyle_elite
-302.2579583713305,-125.79237516710523,37.67753678876822,main_stream
-112.09725541631475,69.65047565152003,-26.376119270696467,trendy
-146.44292693348038,37.69336545125076,-20.13682469786237,fashion_lifestyle_elite
102.77725388835846,90.55323984789432,-33.176099894098755,trendy
310.5938853656346,55.50479695267356,-99.58620312453614,main_stream
-346.4918211890796,-160.53482740971296,21.45618540712742,fashion_lifestyle_elite
105.8553002257413,50.70761965397103,80.70047071327677,trendy
435.6195110429933,-22.2980405162726,-36.253722139944216,main_stream
360.93864416254024,32.46299137179805,-46.00592484570193,main_stream
-131.90458665718424,59.25548831690374,-33.69671210203168,trendy
-335.3486888077031,-120.08508871267658,2.412447303349866,fashion_lifestyle_elite
-122.26290306355048,43.0549215723998,-10.046188772471924,trendy
-181.75313777435673,-12.974188637940527,38.38469802059716,trendy
318.24537745971566,56.48399332529122,-56.98782022417332,main_stream
-182.6772443236853,39.41175894216174,-36.52424200639349,fashion_lifestyle_elite
-317.14976248620724,-105.07355370627384,7.431854548409758,main_stream
443.8528926558212,-26.384270633210885,-42.61527395223625,main_stream
244.30771094042507,15.73260715768927,82.55668858052275,trendy
-208.0595865886167,-4.395820650043985,19.17982139579072,main_stream
-112.5373684738975,62.158704226114196,-22.091722422388695,fashion_lifestyle_elite
-210.65258537260365,1.2426355965660738,-28.47978940472027,main_stream
-176.255048061753,-46.08813229393047,62.4969746018358,main_stream
352.48224554820933,2.9579863561055935,15.729009645249048,main_stream
-27.62359973367284,-3.8030467316572794,96.10259983138432,main_stream
-101.63906719598549,66.87254003492885,-24.42885126601683,fashion_lifestyle_elite
-201.3404127402555,58.002397792469765,-37.50886150635587,trendy
-260.30787009378685,174.14728083054536,-34.136320400513185,fashion_lifestyle_elite
449.18659480113905,-47.21021371384699,-10.164450588726831,main_stream
-150.36435480598112,53.10640406234011,-27.006948610549276,trendy
318.9637925475929,23.054413841251485,6.4636174248571265,main_stream
-357.4379222221758,-160.8717429661586,10.571840628690198,fashion_lifestyle_elite
-112.74191353761894,83.65230424046449,-36.56549438220068,fashion_lifestyle_elite
-26.784928728657643,17.25443283148429,97.19402738378828,main_stream
430.63379221057227,-9.290199990776914,-40.14252156109952,main_stream
-123.81058619666294,88.30129449845361,-35.128703756756494,fashion_lifestyle_elite
-284.52068215649416,-45.74461636827957,-51.60910917764816,fashion_lifestyle_elite
-213.16821883793784,34.78456959879783,-36.096388476894056,trendy
-122.2863254882415,70.38165655343202,-44.12392222911538,fashion_lifestyle_elite
-25.837147545398555,74.52780315605187,-18.367515554569607,main_stream
-232.56777673849328,-37.93118876566179,24.59577729466761,main_stream
-97.63292928179858,7.55943928310003,77.17598666345245,main_stream
369.18693267324863,43.269243869723326,-105.70876702295395,main_stream
-138.61492420643546,43.06753394165831,2.0027486359168645,trendy
74.93544091888474,-175.34717754589025,-94.87813986848485,trendy
-226.77747129478564,-71.08312498752738,50.83074176267777,fashion_lifestyle_elite
146.65911797914546,28.61535295071307,84.47856022158861,main_stream
-139.3589704833296,60.631199892279646,-31.42881132249326,fashion_lifestyle_elite
370.27360256787415,20.375465003015112,-34.68581465595716,main_stream
-296.4493000589745,-92.08220169162422,9.936325520339,fashion_lifestyle_elite
229.42254192890786,72.80185012136525,-9.415346962664069,main_stream
-315.6389668622421,-100.75059136491524,9.442352270976128,main_stream
-256.68591024244563,-60.741094404506654,14.49814402470571,fashion_lifestyle_elite
-161.39393716566937,40.62372985751981,-13.72895425984127,trendy
173.2431316836058,48.72883676180327,68.7139173537844,trendy
-188.5151824067935,18.165997232565307,-16.470037130209217,main_stream
-207.86141026571912,43.00664139849585,-37.763021037062714,trendy
504.5441966857757,-50.76595024381102,-74.4301496244512,main_stream
-186.36245048126324,22.194659970610896,-23.92093989703509,fashion_lifestyle_elite
241.79753642280855,48.04893567238333,55.71253947044562,trendy
459.7088243613215,-44.20678490595441,-21.800161572019594,main_stream
494.8021290255139,-23.03002187252896,-102.76959155087543,main_stream
69.88994111733933,42.71803350403567,73.16587907319351,main_stream
-340.38721730265416,-123.69121395334403,0.8658428967108756,main_stream
-159.40840529886685,37.69251857503715,-23.135750873957516,fashion_lifestyle_elite
236.4027142852296,73.83854059123958,-21.450709143383182,main_stream
49.33212241166294,24.53100673671001,113.79801944629449,main_stream
-183.8161648861992,48.57012481879016,-36.103387075249756,main_stream
419.81566035314415,-13.55002327512839,-23.94280742239535,trendy
-203.3107539201393,58.31567954993838,-45.64076906990121,trendy
-132.33787801817186,61.77958071657535,-33.63675542864382,trendy
425.8306771917366,-13.11954789832427,-33.14921400283211,trendy
-277.841988823385,-95.28690735961771,34.206636817775866,fashion_lifestyle_elite
-193.7615591202548,-28.018676128019163,35.582104363710144,main_stream
-119.01169054923807,3.8758543168676596,68.05654147232458,trendy
74.77534875671083,-169.94317810562157,-89.83631864955464,trendy
-164.45033435401152,30.10150096927727,-17.430900274800425,fashion_lifestyle_elite
-329.0245216081801,-147.34484223559912,27.487025156931136,fashion_lifestyle_elite
38.16423852916155,65.30204783047711,54.68664236504557,trendy
-330.3517328127223,-113.65511764201831,4.7524578161126545,main_stream
452.79241221745684,-2.737387504593318,-85.40320739174925,main_stream
24.984865687980026,8.082875662585504,121.52206025161509,main_stream
256.5934835929067,68.72732619865225,-72.71560224492188,main_stream
-97.32974794236445,75.33525085776219,-29.296641470520864,fashion_lifestyle_elite
-185.6820943153357,33.093766613084426,-41.72087297523216,trendy
432.38140978665933,-13.24691169296471,-43.13400827347728,main_stream
-199.67522052921248,21.84873236171595,-13.859101568071658,main_stream
-151.06104636109552,41.1726016551745,-7.267303954377369,trendy
292.4742709166465,9.48501083014153,58.55180208727353,main_stream
-209.07499735211283,40.02675692189552,-37.291317403543005,trendy
-228.60650226359778,146.6669922287847,-25.543064530185166,trendy
-137.39171936073285,46.122605468335124,8.118991915231272,fashion_lifestyle_elite
-279.7791539474302,-34.83862516681353,-66.95633649867854,fashion_lifestyle_elite
-365.3214975654172,-127.67982957373316,-44.03764000811229,fashion_lifestyle_elite
245.2947912491788,18.833569961397796,84.20890842369911,trendy
456.5876003166686,-77.31906724541442,18.782212962002607,main_stream
236.5251770437133,5.004023538638147,75.24574913000993,main_stream
-150.29620587132715,-5.96578410864794,55.055645360780474,main_stream
-193.12174525023443,48.75435827594263,-40.43787600967856,trendy
165.91807806271558,32.69614160596999,91.09281475618563,trendy
-177.74044975877783,10.637829897017035,23.83533976501145,fashion_lifestyle_elite
-103.0134801568332,71.34048814270268,-29.292291011227782,fashion_lifestyle_elite
-198.4619418249589,-22.067885399414845,39.00634981285234,main_stream
-368.9548865001136,-159.72051204359488,-5.313452722503275,main_stream
-143.44642624268164,48.25281064536067,-26.240815948705173,fashion_lifestyle_elite
-83.99768895290619,74.63046931980402,-20.89949756917251,fashion_lifestyle_elite
299.8776074649087,28.22420018032897,17.1066877702813,main_stream
459.50303651068515,-59.200265568019276,-7.807932107095231,main_stream
-201.9336468892442,43.558716212243084,-36.174449224101664,trendy
80.77562961742078,86.18049043012915,-32.60780150056329,trendy
-297.47857229490995,-80.97776483464061,7.577609419483721,main_stream
-117.71873864920508,76.25919074724997,-32.86957887150412,fashion_lifestyle_elite
-174.62315728944338,5.367583274839721,37.22281424701724,fashion_lifestyle_elite
-334.6466667348817,-135.89004296258855,8.291479984118203,main_stream
-199.51039658092486,26.672095577742045,-37.73406842410174,fashion_lifestyle_elite
-117.30637861579248,81.05800734050577,-31.76733983035666,fashion_lifestyle_elite
-166.9633890509681,28.613358768949567,-8.105154170946285,trendy
-166.25543241354634,37.54468211274298,12.425361727359256,trendy
-122.15461373562144,56.321430076088895,3.218788154494835,fashion_lifestyle_elite
288.6286282762211,24.435022675995647,33.636004286670456,trendy
264.02887079631245,25.89726721058146,55.28075638825447,main_stream
-145.51775391836034,-16.328546810539795,65.82829420078038,main_stream
137.1862475447805,26.496862485563465,87.40735377611637,main_stream
-273.5506509592317,-72.04558065404845,13.725066755102427,fashion_lifestyle_elite
414.91943857060176,-55.852716866838804,42.09523224026687,main_stream
-251.21301538113855,165.84907984790686,-30.290444669960934,fashion_lifestyle_elite
-123.58831788403516,87.69580235004572,-35.53292445489883,fashion_lifestyle_elite
-258.6760466540669,-23.472496496233305,-57.977639679096356,fashion_lifestyle_elite
-319.91331420255494,-107.62847666980366,-0.05206092785127266,main_stream
-157.79166690227115,20.547926017196676,28.675820268790016,fashion_lifestyle_elite
-78.90608594896507,-15.501316410524797,84.83151848154888,main_stream
-213.29863798092998,40.23222970337423,-40.123767818956544,trendy
369.1769261088314,-39.45414671816153,53.59312868530173,main_stream
-198.95533257976342,49.56673895410872,-34.91386754976707,trendy
-19.60131563056582,74.54225942994913,-17.77784911918065,main_stream
490.67247945119965,-52.35624047593658,-54.98132566903459,main_stream
-87.20392177614322,81.4706728500842,-14.371632300909022,fashion_lifestyle_elite
-144.43466719162456,3.4903571451240993,55.90377857003925,trendy
-112.41221913624139,52.37653037430407,3.1181069273149262,main_stream
-226.13737411142793,-53.65768461682862,56.5889136167788,fashion_lifestyle_elite
166.40144368650348,80.82104468353995,12.779364513551506,main_stream
181.34049807998855,31.172080514051768,95.15107277148863,trendy
-126.68151368939715,-15.100661402951006,74.66538729468549,main_stream
333.59717344598886,-25.57420254796428,59.2095582913204,main_stream
-186.54689109798719,2.5536111104337857,27.51864651817167,fashion_lifestyle_elite
74.83563074405184,-171.99266019124028,-91.75922759975614,trendy
-153.29793438879196,-25.150946977633716,64.82158652640861,main_stream
-300.99150224037913,-57.89407204780434,-57.26901989211861,fashion_lifestyle_elite
-149.860833205541,-16.945400568623665,57.20547624578385,main_stream
-153.62738197462997,48.42269796967644,-29.633374730079947,main_stream
-288.6594141365951,-75.5272358043104,13.033987708555806,main_stream
299.43624114015546,47.77967183555567,-9.848696716382488,main_stream
-8.247026374343445,6.76907211904772,113.11972535889085,main_stream
-266.9119644859053,-32.82336478412474,-45.5026438643203,main_stream
409.91897325753735,-50.96887602443992,38.336479938669704,main_stream
436.30220507451423,-71.4692190715983,33.98688560426879,main_stream
-105.8425769660864,-23.30310770770214,82.0970985212424,main_stream
387.1915250906797,-44.96790323769236,52.08015505034478,main_stream
-192.6352380708995,44.3708357520074,-43.82637302687174,trendy
-289.1464405964159,-90.3677527195392,17.993602694374633,fashion_lifestyle_elite
379.91109830616807,-40.25712435279689,54.06596320905571,main_stream
74.97610367977124,-176.70579533504562,-96.13408562659995,trendy
-183.79577534598897,29.87646096882721,-27.901516161615373,fashion_lifestyle_elite
438.57859012502473,-50.24833389814321,7.394652744627274,trendy
-115.25596006226381,69.00671108968969,-39.88723304469093,fashion_lifestyle_elite
-76.9077580419443,18.76420304143835,80.50790770082244,trendy
83.50213378796575,47.06859704935509,82.36154397229858,main_stream
-182.05606478191274,25.479188121885883,-25.11296023312826,trendy
-116.77468799882242,6.704727885351368,69.05074989894081,trendy
-248.90282976149405,-13.750459249188548,-53.583905928423704,fashion_lifestyle_elite
345.94691507316236,42.92032349746463,-48.446110345619324,main_stream
-348.57428454473603,-129.17713173734944,1.5306154365017406,main_stream
-163.16983715063805,32.8545455809314,-8.453835058738804,trendy
-344.8524801699641,-161.7380765706703,22.810572176481273,main_stream
297.87636511121906,51.424553223341206,-16.436534873658477,main_stream
93.51018625002601,48.54739731890327,77.45057209528676,trendy
21.64837608054484,33.43238437990596,104.07878994148977,trendy
-77.46623764779378,67.31396012886559,-13.95677933903155,main_stream
362.8267440767019,5.764043590174187,-5.646797292700201,main_stream
-77.27439502154367,8.280950914320467,80.48606596673693,main_stream
118.80088801837078,87.3235000792218,-1.377910427927879,main_stream
-171.94001441318883,1.5152908783617731,40.95315529171439,fashion_lifestyle_elite
-166.34248771134855,50.981327888081665,-37.35905877917788,main_stream
74.87448560714385,-173.2562811527755,-92.89993015336181,trendy
-67.17395563877747,10.411847006089436,89.10948818983373,main_stream
-177.89961559610393,49.58277602882441,-24.747482303001554,trendy
454.611705960436,-2.8432724109291043,-87.34454632247632,main_stream
-148.80777558513572,62.94448697559259,-31.211466507530176,trendy
-168.09001463799564,63.21255521029518,-47.71435081160828,trendy
-201.93227841779702,50.36706312215198,-45.28034143958134,trendy
-102.47487699213634,67.27707662832134,-26.97963722617691,fashion_lifestyle_elite
-92.37880253152393,-6.285487098283605,82.68714712055679,main_stream
495.8740316520044,-95.61705936288384,7.946902510391418,main_stream
406.60267171753054,-43.9379234174511,28.37082968093125,main_stream
-319.4969453427136,-69.94253132788388,-81.54738487007707,fashion_lifestyle_elite
-179.89876766019879,43.976378379502755,-41.55561965218614,fashion_lifestyle_elite
-41.39414924077783,69.83182697142776,-11.109905051384398,main_stream
-208.39162502569638,41.86109202440078,-38.79845421632243,trendy
-166.7040709318177,50.67299762560746,-40.72452229359742,trendy
456.231887586088,-35.98383699712043,-33.410700068620294,main_stream
29.083074755451236,-4.872213647005748,108.2162713799977,main_stream
-219.2314358175168,-45.81526748219721,39.70132910603656,fashion_lifestyle_elite
-140.33939331600138,18.00777746296467,47.2679576361681,trendy
452.03433887239527,-72.53215285951636,29.394467345087822,trendy
-215.33655221065862,-33.84871272294621,34.46813708522399,main_stream
-57.33341520651734,15.494654993719601,101.10329437176652,main_stream
-149.8573064600797,50.70701729828157,-35.962322663774856,main_stream
455.0727238481794,-4.702995859982919,-85.68033020393123,main_stream
-181.2209762895792,44.45033826511587,-38.57394959394891,trendy
-362.05247227314214,-104.02202951378736,-88.33201801737171,fashion_lifestyle_elite
474.4264469611093,-26.08839218884168,-75.59835417770648,main_stream
-132.80069024185426,66.43581812083181,-31.009033448868184,fashion_lifestyle_elite
165.19360148342307,92.52973367965058,-1.821659053780883,trendy
-161.13868558662034,57.65462737964832,-35.893742150363146,trendy
-252.9811240147038,-22.411764622224336,-38.16015855455215,main_stream
-191.8824429192848,6.100166050898961,25.539474383766102,fashion_lifestyle_elite
465.82109375695205,-42.60466761138341,-41.4564990353711,main_stream
-243.45590921352826,-77.3903168744919,44.259183518056375,fashion_lifestyle_elite
343.3963781219923,9.11876343596483,6.181838863644895,main_stream
-174.72664074019522,55.76748016746677,-35.10665063054772,main_stream
-376.1870135874272,-158.37621756885176,-11.476925190717449,fashion_lifestyle_elite
-368.3538262815676,-181.46273242414676,15.780643754579284,main_stream
-200.16498616196628,52.266906556040624,-35.982711171269266,trendy
357.1813638935795,-27.525321044414582,60.715065439261664,main_stream
-238.74553495372862,-9.085526994669184,-49.555159880449516,fashion_lifestyle_elite
-113.00399075380156,78.41840259298809,-35.13912814793084,fashion_lifestyle_elite
0.20086078489618545,13.045536011535559,102.67939418799263,trendy
-183.8255360522298,55.01420209561817,-50.11312209951245,trendy
487.52759732870135,-81.78243320329081,-5.592768312297715,main_stream
-150.51087698206445,66.85324659805747,-43.29766545536707,trendy
-93.79210220941934,-8.295043317146307,84.69955561996782,main_stream
-74.65115310020627,68.44638566914016,-15.128553942902618,main_stream
-202.20746494178408,42.732124562025575,-40.0657275316646,trendy
413.8886293412034,11.748481210921774,-66.61467233315769,main_stream
-131.80165649141384,68.70706665857455,-33.79164120805271,fashion_lifestyle_elite
-237.18129004728755,-46.3060284900079,17.437553380188593,fashion_lifestyle_elite
-68.4953114982524,8.879505996895505,87.33162448041804,trendy
-4.59849108890015,11.966836177051109,114.6562524900568,main_stream
373.9274423690977,39.469996838614556,-91.14951301163451,main_stream
-342.2416289055995,-157.78360622340202,20.341900277802548,main_stream
-275.5046011375074,-76.45946375358042,12.96685340787558,fashion_lifestyle_elite
476.8141464672339,-10.997558255067782,-97.86448095401369,main_stream
-137.46962469109383,68.10105670114675,-36.063405416783446,fashion_lifestyle_elite
-170.3432680850968,19.675345116567645,-27.46749101988715,trendy
-112.36209922756122,69.9524649160901,-30.544920995820732,fashion_lifestyle_elite
412.3976942464625,-58.44355075413276,38.37488370452985,main_stream
-103.86376526586773,-11.676220706171723,74.26308620954897,main_stream
-164.15988043621186,39.93229894022823,-23.600477030819338,main_stream
284.7888792965412,56.702957797537785,-11.515664492302136,main_stream
501.24321762655444,-37.38105173488925,-89.75607427313336,main_stream
-311.4941258343338,-97.08277385860801,9.823627204260806,main_stream
64.3571312095812,52.60147332526002,69.42064735793139,main_stream
-341.3065427889682,-88.95901492160671,-78.42139807761663,fashion_lifestyle_elite
-282.82255324287956,-107.53995003651232,39.91872714709744,fashion_lifestyle_elite
142.5566511089171,86.66987531294595,22.265980420221734,main_stream
-188.4264712605703,55.52272475206651,-34.13385921799687,trendy
-209.2789303254319,51.27476088947376,-38.449393677290594,trendy
-1.3388661071909764,77.3749171289793,-14.704421399196791,main_stream
-337.9556689830714,-84.08340541376076,-89.30465729363901,fashion_lifestyle_elite
-347.0587355694414,-128.78266832121713,0.45784266875299384,fashion_lifestyle_elite
-180.64834699718267,42.87224700709592,-46.4804632438621,trendy
84.91977806195618,88.6958520908101,-34.32718761449254,main_stream
-170.70164238335173,25.142666091812124,19.50138125637367,fashion_lifestyle_elite
-188.02456040813777,25.71841536257709,-12.69901155054825,fashion_lifestyle_elite
74.9609837733352,-176.2078493316332,-95.67993793879195,trendy
-145.99005572477012,32.279733335573,-19.769530151285934,trendy
-177.1365608096483,50.57951241269077,-45.96970525086193,trendy
-265.7021822027138,-25.825703471875766,-42.227647197677975,main_stream
411.0262328210473,-3.8183323129357087,-37.141154340558465,main_stream
-93.19186343309318,10.181955547166346,77.7024421865018,trendy
147.15808226341957,30.660967961482207,89.53714300675621,main_stream
-146.87882067413628,45.855076926426044,-7.09363178619888,trendy
-181.48478018337696,57.906349650349284,-52.97280369534666,trendy
434.52095171167724,-11.630523224155864,-47.87651921132911,main_stream
-147.23033417713063,72.5294302858553,-34.26609411145387,fashion_lifestyle_elite
-5.447664833557999,89.39893304986396,11.038753483938592,main_stream
-185.59189789962153,5.544055270233731,32.65317994405927,trendy
-130.8098301060814,45.505071043125724,-23.4381671064335,fashion_lifestyle_elite
295.0890561738225,44.69914920752565,6.842995061132515,main_stream
-291.09656817166973,-77.70847221724549,12.408719792322405,main_stream
-270.55257743846846,-89.75039251675062,33.3303274589331,fashion_lifestyle_elite
-194.8663930671059,113.38629766184519,-13.260885643985857,fashion_lifestyle_elite
-121.23741281776472,46.94025146086204,-5.827329507727046,trendy
-256.1196952338816,-89.85923838479906,49.73418526617528,fashion_lifestyle_elite
74.95520462909681,-175.9930680493222,-95.46326145346082,trendy
-155.1271145736894,39.977315306957266,23.914684784731755,trendy
238.83294757984007,83.68352716368729,-33.874884966382766,trendy
-295.49607880225346,-85.8443804048362,14.277258974481551,main_stream
81.46544136887296,49.61856322237134,78.22592178059477,main_stream
58.110284397236725,32.157263426015504,114.90736198136543,trendy
421.195572697953,-17.567896433766848,-32.526273622213374,main_stream
-150.07722498189466,58.04251312385148,-26.663877327942636,main_stream
-53.48388866665802,10.3041223601255,90.36048600268862,trendy
-237.35704211980698,-78.58606827011296,51.55025996994671,fashion_lifestyle_elite
-176.5837072512942,57.12156323137597,-52.62193070670827,trendy
-168.17632569453707,42.15370072303698,-37.45476852684705,trendy
348.44616606160787,-4.231081235571065,29.985945312791507,main_stream
384.041339917023,-45.56582623217735,50.79683924149534,main_stream
205.87018655249418,78.31303560126328,-10.900307931717121,main_stream
302.2494003637047,-14.932747600616445,66.87466663763355,main_stream
131.26314591475847,86.56887686266316,-45.46562349875815,main_stream
-121.3379897297271,73.22967014474185,-33.02739906563235,fashion_lifestyle_elite
-165.96131414504228,20.485980350722464,31.569990877617332,trendy
296.44126921666145,74.58940966851468,-43.36305920521413,main_stream
-186.44682394075826,52.71430169109295,-29.15954719782169,trendy
-291.9236521455896,-75.88217764371561,-3.192724431888889,fashion_lifestyle_elite
-301.5778011763311,-57.669749033847054,-56.21635693318115,fashion_lifestyle_elite
162.37905863048223,20.178241488744753,82.47817059441088,main_stream
-374.2861333537234,-138.154854448825,-34.09413863482832,fashion_lifestyle_elite
487.5748265125101,-93.59129428498402,11.37330112897068,trendy
483.44443220604586,-49.344325112417266,-51.08473956520223,main_stream
74.85169540470741,-172.52028696002074,-92.24075119863666,trendy
-208.70614260519207,43.82819465635403,-37.9486043527234,trendy
188.44091707512445,81.73165568097369,-43.20275705216591,main_stream
9.895174743985947,15.625323518578181,113.49716986583199,main_stream
-188.7767034142749,57.435981383842076,-49.77133903471682,trendy
125.92669665412781,94.99057800081711,14.133886884770686,main_stream
-165.43620532264507,36.47371115864958,-22.762434376903585,main_stream
-154.8741952501082,28.26999731880334,36.47510260032049,fashion_lifestyle_elite
-43.99205497213196,10.275653157783879,97.08910561747001,main_stream
-191.73639747082356,13.315771492117628,-23.836676746859602,fashion_lifestyle_elite
176.5659715851876,83.16522164007135,-17.134881073111693,main_stream
478.4657863168004,-12.127154467439393,-99.04987913896345,main_stream
-198.93594338448196,45.98269493103901,-34.05012261554669,trendy
74.73190033952346,-168.42544425380882,-88.37813672552775,trendy
469.33174148305784,-74.3951231628943,2.6159305556966785,main_stream
-150.28415492466138,75.35003821355934,-35.00244762811657,fashion_lifestyle_elite
335.4324717101897,25.18283040351147,0.2478597042946853,trendy
-147.94357182697587,49.99533246064982,-23.181828021530645,fashion_lifestyle_elite
-145.38300648338068,38.851947385967485,10.42817799648441,trendy
-170.33187951184485,7.894561274492496,35.59222430773641,trendy
-229.32402817924688,-5.650593628460614,-38.36257915316157,main_stream
-273.3389715938957,-65.1174276211633,15.292078786598893,main_stream
488.8715783800306,-81.07822487822705,-8.138509798434287,main_stream
490.4175946954859,-44.2346332040579,-67.28303167020968,main_stream
74.84076726809248,-172.11262395559095,-91.82846083834467,trendy
410.92049726747024,-2.2293978283581004,-36.711231539842366,main_stream
-141.05634945258228,50.90299866749297,-13.064663581042266,main_stream
-196.84715966945913,24.206174043333913,-8.562437441733742,fashion_lifestyle_elite
-279.4608368675545,-35.60987791696066,-67.65980614551171,main_stream
203.3271506223976,13.873268496357335,79.14113339077387,main_stream
-208.18610921404144,34.529978742947534,-28.65017735370626,main_stream
-174.22613038920326,58.70189479596454,-41.93829043050985,fashion_lifestyle_elite
-148.91154539072767,57.365913670326776,-43.08897894687609,trendy
91.72704867658084,83.90029038121526,-19.40887394017839,main_stream
148.23389129172364,30.459692776469723,89.31715656292964,main_stream
-135.76213810623463,45.98596364485982,-18.801607475866213,trendy
365.32678634494664,0.11767855522287562,12.633218227315492,main_stream
-97.83540892692093,54.39126317283617,-15.574405367976091,main_stream
152.6387258399142,64.72945246508095,52.63307504526384,main_stream
433.2542676945953,-52.89768597197148,14.494391399415807,main_stream
264.75127218052637,48.902497378582794,37.8103512737681,main_stream
-14.83718679468882,97.17718191079685,-1.5165233102505966,main_stream
-135.21888980646528,60.339246669595035,-43.21301987613056,fashion_lifestyle_elite
-146.50126682942616,57.7042975172285,-22.50842038596921,main_stream
287.70695073106725,62.7989975202398,-87.29893502898554,main_stream
-119.85469143182969,67.88067389893536,-39.7966367062038,fashion_lifestyle_elite
-302.58592784310207,-86.28189086454431,11.329447687352706,main_stream
-192.65240148749731,37.151210827308965,-42.89544315964324,trendy
-67.16829451564776,71.19464564311915,-10.044632014390457,main_stream
100.64249207918795,58.479871708726705,79.34005497755166,trendy
-31.78694752900608,77.81521977971246,-0.5124539056582741,trendy
-114.48259256730381,71.63049407942688,-28.666847762767773,fashion_lifestyle_elite
9.761737743360415,77.18185223108257,15.869082437524817,trendy
-368.02286274396073,-150.62690042286317,-9.926263113157503,fashion_lifestyle_elite
538.932480928662,-122.67285925833782,-7.913363090191295,trendy
418.23906409239584,-62.815269298287205,35.85193388208625,main_stream
-291.3249182201757,-103.9985811322343,27.37264436168396,main_stream
-333.04253856425544,-114.7907681180068,4.493963180059685,main_stream
445.4648621983902,-30.320699078693643,-33.78735059221498,main_stream
-256.0330017677532,-54.75443653853106,19.529622386076916,main_stream
74.8509940856917,-172.50823216863145,-92.23797790447112,trendy
-163.1727685061629,64.89558187600285,-38.44765380177109,trendy
472.97355794367365,-83.4076862131946,14.009574111969124,main_stream
-208.69249990184863,9.369665041074375,-34.005189048035206,main_stream
-115.39693357527868,84.34142705992758,-35.1901807408541,fashion_lifestyle_elite
162.42751978262882,24.789236490310486,85.52268432725539,main_stream
-131.69113069364732,64.5702711195039,-45.508122139551084,fashion_lifestyle_elite
-302.2306511858019,209.3690089695674,-66.73518352409073,fashion_lifestyle_elite
516.9705394635721,-56.92186657158049,-80.5256094453408,main_stream
-211.5328862307232,50.629721094888694,-40.56219175727151,trendy
-217.00671213266185,-10.066133906280653,22.643020925970525,fashion_lifestyle_elite
-143.4428932237499,42.36754951422935,9.23988332652114,fashion_lifestyle_elite
-115.61882150989028,66.9824593889203,-28.231818144866615,trendy
111.12932437366202,91.46650730020568,-40.94351095942506,main_stream
-41.24517366361545,17.63836835171307,109.55306521127658,main_stream
74.87590663116848,-173.34123061113215,-93.00947188082613,trendy
-139.4793391015864,46.50497624256103,1.4219004330755094,trendy
-8.937195500025945,14.353253334694012,102.7706371554574,trendy
-258.4577234876413,-22.99308068693808,-58.40647237425234,fashion_lifestyle_elite
322.16362892570857,6.494370474929143,26.63807391738263,main_stream
-127.01409278301585,-5.774455840742248,60.29772185074316,main_stream
436.00039374753743,-57.44278970738066,31.225167612072728,main_stream
-212.87281247199365,-12.186975022963429,28.642721297746,fashion_lifestyle_elite
261.48976630831714,3.101168663924015,74.12783194335343,main_stream
-130.24146086132376,10.0513193304703,56.90382655245623,trendy
-319.17707183269744,-99.27002203610986,9.705802711194188,main_stream
-203.03724298527092,-18.194011639900946,31.99037336608334,main_stream
-184.20988528518754,33.23610758005908,-34.66034381450801,trendy
0.2557964992727258,14.047750683469776,119.73750245587978,main_stream
-46.307992108675066,75.90421376024355,-14.14674732966243,main_stream
-364.21044075281435,-145.3158785670894,-5.86322527036303,main_stream
-198.1737235827328,52.73038266324566,-40.81307219065353,trendy
-207.04063426681745,-40.574883734054204,54.25176968398759,main_stream
-135.47942167797643,74.26587459822841,-33.507133132138804,fashion_lifestyle_elite
388.9136367278816,-49.74096793061088,46.19518726092634,main_stream
-190.50504110005392,12.671553010992554,-30.339489715035974,trendy
-117.59236514753368,3.2239378801928087,77.60332239018459,trendy
-141.01196075719565,55.376447045085285,-18.30178444297654,trendy
-254.39293218105334,-78.16704160258988,40.29747396646807,main_stream
-292.2360996726468,-82.78893704038279,5.569260854587217,fashion_lifestyle_elite
381.6066974412916,-39.055652284609785,54.76560656889546,main_stream
-177.20810112937104,-52.498925372018114,69.54068276655181,main_stream
-193.6906729760537,53.039452289388755,-50.281277973800194,trendy
141.95286665978162,30.291856740357733,89.13085482263173,main_stream
-262.0869391783895,-83.23972141868022,37.07477004875328,main_stream
454.6862778040141,-53.18450027677172,-13.592401004218184,main_stream
1.4384759338210058,20.346508435413824,119.74719071554034,main_stream
346.3519334359195,-20.83931739949203,57.097185833737576,main_stream
-228.0702819269617,-48.32691751826969,30.024429781540146,fashion_lifestyle_elite
453.3196315059981,-57.455143502522255,-2.567924044537502,main_stream
321.8737243331785,0.9334240463547234,49.0386757600217,trendy
-172.8085298247186,-13.14806354799582,38.57076831405156,main_stream
-190.38438327136166,49.84013620925524,-33.2041340793493,trendy
411.18376785812114,-36.94565302422233,29.83771811664378,main_stream
-250.81662229089085,-82.38604792964892,41.64923060871667,fashion_lifestyle_elite
-273.5465346782416,-59.89774427914812,-0.26832431184869815,fashion_lifestyle_elite
-201.47033541135394,48.34601560543939,-38.57995720387921,main_stream
104.2088280703264,84.25827232410167,-30.22665995766691,main_stream
252.02438235760272,3.8534473150006803,75.24032547103724,main_stream
246.16420724535968,77.01219161509198,-42.310462605791336,main_stream
-124.72504415946902,86.15580682347525,-35.65483571713007,fashion_lifestyle_elite
-307.673450086649,-132.4309857018979,34.96183397069526,fashion_lifestyle_elite
149.14347503777222,85.71880035115758,-7.122802560445766,main_stream
74.69618907952785,-167.21297158421194,-87.24136249846445,trendy
-134.17696301641664,68.5597760347373,-31.738024216126618,fashion_lifestyle_elite
171.04608148621838,83.61622869194332,-13.312497583291828,main_stream
387.41238277314045,22.259054708880285,-55.4887765245101,main_stream
332.65846052237686,25.670611797395868,-2.9197966182289203,trendy
-188.21577956738042,0.9386132123745914,33.07309952805719,fashion_lifestyle_elite
-91.79858358837605,69.9470741396333,-15.027773136696986,trendy
-53.16641696968911,19.79679919751707,108.61216162774657,main_stream
-45.185439134429274,-0.6137435562883301,96.80885892463837,main_stream
-184.70740504551233,30.936821158031805,-20.209134729419446,trendy
280.67216494604315,66.52794695076669,-39.56602025897665,main_stream
-188.24184080788896,49.58465283517948,-42.87898262032639,trendy
-252.15460296801658,-22.920151853243652,-28.03653882380442,fashion_lifestyle_elite
-185.6339163300076,23.58476503848284,-31.42270968879152,fashion_lifestyle_elite
476.87176774369453,-10.872369807284134,-97.78593994531327,main_stream
95.74449546959453,46.07308425958625,81.43990264258301,main_stream
-289.23333226199225,-44.41845132106692,-68.99854927894397,fashion_lifestyle_elite
284.00383057006667,63.47118262560214,-35.3508603663134,main_stream
-7.952286107198696,94.8355826029003,-9.03347061412337,main_stream
-206.21394311688164,52.46374847978667,-38.87872271253767,main_stream
158.21195254484078,92.22858181023535,0.2548448677604249,trendy
-161.24282585197108,52.877037724298,-31.05523822711078,trendy
-178.02233126932703,44.60289374304488,-38.597719970899206,trendy
429.8620748276122,-48.049597120377165,12.744174158744839,main_stream
438.9499209800847,-72.11943918175281,28.052472703534693,main_stream
-298.5160548655689,-52.06176272835885,-73.64886834714017,fashion_lifestyle_elite
-227.67005979986175,-1.5579562795082138,-49.57855542480455,fashion_lifestyle_elite
453.176127126199,-2.371459399108094,-84.97433006843562,main_stream
513.7215514184538,-100.9289579224517,-3.2450884611727284,trendy
479.06658052215556,-86.68557633622818,11.040564879317055,main_stream
-161.14652126200363,32.060826621240295,10.077454477980378,main_stream
368.595910556589,6.308064602920768,-12.082050081078119,main_stream
494.32958683842827,-96.63327054405994,7.654891674281799,main_stream
-106.09052196846856,70.82364411705922,-28.7002487414232,fashion_lifestyle_elite
185.54482840814913,54.035087869345865,48.69741881452512,trendy
-214.48981193392044,45.353409926510274,-40.82728823429735,trendy
428.10062083530556,-44.40706959876795,7.771202401867414,main_stream
435.355585660229,-65.20006039419367,27.582606898285665,main_stream
-18.638911938679406,84.6317811335995,-4.484027442160883,main_stream
-197.35694547418294,-18.129462919192594,34.668332986567385,fashion_lifestyle_elite
-115.3099016176298,84.32311164669161,-32.50333547911977,fashion_lifestyle_elite
-149.87401397936935,59.92223928582403,-39.9191887857156,trendy
471.3296188460968,-13.955426638900754,-89.7597348606864,main_stream
-61.15817716305307,64.95443145189917,-11.459368580223133,main_stream
-168.32502862253972,7.1789452526222535,33.525245739057134,main_stream
362.4616442837374,-38.10953110050721,53.10773897859528,main_stream
474.37913228640423,-65.74817995489163,-14.814534918638024,main_stream
-94.63506046092509,59.49966136183921,-0.4904948956289016,main_stream
-188.4276596301816,52.78336219248613,-32.900937184790564,trendy
459.3551016577745,-37.855960932433625,-39.146938706333636,main_stream
74.95927545913464,-176.13694939085397,-95.60257849843285,trendy
-75.87635924934565,72.40424996785207,-12.931267289365028,trendy
425.4457189258788,-10.449335309043462,-42.448735930671376,main_stream
-141.23261878260152,50.16684702793966,-26.05595800630003,fashion_lifestyle_elite
-364.47865047069155,-155.1857796132437,-2.484057296801402,fashion_lifestyle_elite
456.2862492642645,-69.26747832436844,20.810697654692547,main_stream
515.9716545029198,-75.637955422263,-50.83774298587693,main_stream
469.4617174054062,-57.322557803256466,-19.415978940850632,main_stream
-311.99078686578173,-110.99247242547393,19.15531265946994,main_stream
-199.12224146770117,-6.591937662072661,13.768129209197593,main_stream
242.29569049505938,32.7977189501622,51.59713527650889,main_stream
468.6644576512932,-74.56762756902334,4.776099287906165,main_stream
364.37966764100145,-38.111576309716284,53.677001960107646,main_stream
-150.805751342618,-8.146818223849664,60.17083469781859,main_stream
-100.60197836124615,66.66726234498167,-21.951061295726685,fashion_lifestyle_elite
429.6459746466856,-57.40745071350646,28.238215720490317,main_stream
-216.218243601266,38.67344683534924,-39.479948405269774,trendy
-49.90431822006163,18.549144774689815,109.82597171153917,main_stream
467.25983214263243,-86.50643602699105,20.984071000358906,main_stream
-75.40714325251722,-3.340304898717614,86.21792535878942,main_stream
-220.8007205139122,-50.95543229212334,39.158587869084734,fashion_lifestyle_elite
-309.7590268618828,-91.48776944682884,11.298106136502561,main_stream
-184.50450680162,40.32098733973136,-13.918896493693316,main_stream
448.5696489416477,-7.2843323587419535,-72.141172926634,main_stream
-174.00699555384247,26.157690079978234,5.3692189780243975,main_stream
-205.49434140393592,-52.14379278255599,52.63562005151472,fashion_lifestyle_elite
82.52153694491783,48.19760638995905,78.62542038810511,main_stream
-234.53047697762685,-46.21125262630207,29.46139760054118,fashion_lifestyle_elite
-210.3465757970744,-43.427116976400946,55.61765612932116,main_stream
-185.8773196023091,104.04002592367354,-11.193308702172864,fashion_lifestyle_elite
436.20731410815125,-69.84868412929585,29.524140129949714,main_stream
-90.43489126370308,65.64238873853562,-13.594781270883994,main_stream
176.23336978879144,28.523233619641452,89.17320668210893,main_stream
349.9676458543202,-21.397079390322205,57.63963156018171,main_stream
7.901403248065755,86.57536759763832,0.9275215766650982,trendy
-208.9211328359906,43.03246981152018,-37.344900197573075,trendy
82.62236683531665,87.35773742157386,-34.56011432703366,main_stream
74.99821637791149,-177.45868646058574,-96.84186299446904,trendy
319.19030167007236,-14.051908396911125,59.97345401739372,main_stream
-323.4162588351923,-78.95608045669947,-58.55664250546524,fashion_lifestyle_elite
-278.4786279531325,-71.37676138618917,6.606806918896857,fashion_lifestyle_elite
-114.51899801380688,53.646038248470134,8.368263783678861,fashion_lifestyle_elite
474.9127330761346,-62.42141231951076,-22.42775531052746,main_stream
-321.62226152609054,-70.75213605705403,-83.08085209278633,fashion_lifestyle_elite
273.6430473972821,30.432921133728133,28.524297752203953,main_stream
74.8925537283299,-173.8670716689817,-93.47060357701652,trendy
-79.61659617353713,63.39617045277432,-9.43275122740383,trendy
-268.02021766208486,-96.42122293391944,40.873039294424146,fashion_lifestyle_elite
-5.634864885445019,-3.4144884055957285,101.96015390874135,main_stream
-66.93335597290135,16.545675755614184,85.86370407685713,main_stream
-140.59730142716498,54.3901650572238,-4.1421653635779405,trendy
-139.6043833225597,55.102043685233426,-26.866386558270772,fashion_lifestyle_elite
-257.01538100622025,-56.50494504774744,12.217462342793162,fashion_lifestyle_elite
-197.7250360366338,21.92888481746618,-29.421802256259234,trendy
-97.20364286398012,14.54103688808844,74.67932312693806,trendy
430.0623303179986,-59.56648057714393,32.56368329514083,main_stream
-366.4463063104766,-120.82098254954813,-51.392466719448926,fashion_lifestyle_elite
-216.13226657115874,-30.519558164641953,21.113189475123917,main_stream
68.44220940281947,46.21585144980415,87.50727864401513,main_stream
-196.48363750365144,50.46640112160739,-46.273672999399665,trendy
295.69617883082833,-4.573073267545082,62.30570741011044,main_stream
103.90582610592392,87.26456992045709,-32.844507269617374,main_stream
74.6660282730315,-166.192362817098,-86.28703026747354,trendy
-245.7975973082286,-28.604495901444963,-11.20940064621261,main_stream
-209.28182531141957,44.05149033855817,-38.76866775571674,trendy
433.5183135861372,4.874678482067758,-76.50295053750177,main_stream
479.6543875840421,-55.119660311465545,-35.47448170000351,main_stream
3.360563340517872,27.486890896670236,122.22562411849312,main_stream
416.94323513762544,-61.481112540177165,36.549410576446945,main_stream
-199.48332555893057,16.38154874327335,-12.084010871642153,main_stream
-75.18363670345671,-2.463963694076141,89.6774126287618,trendy
59.838650408448565,81.76099237526687,-24.541892831959334,main_stream
342.37565803995074,49.12480515521787,-92.09069641678121,main_stream
-60.09720486710346,16.501550748659113,102.68473075518463,main_stream
-207.65589255187788,42.99814095154556,-36.92767483822068,trendy
-250.06093541546417,-87.64601729188391,48.69316239704076,fashion_lifestyle_elite
450.066718578332,-76.00396109141926,23.807954272255024,main_stream
-132.22718580630243,56.68671752897124,-30.164467553901492,main_stream
-122.00477670134654,59.156046659042595,-24.76882459286782,fashion_lifestyle_elite
-124.78199130316578,82.06057440109333,-34.36503042035858,fashion_lifestyle_elite
323.2045323659063,15.57585543486588,12.606065287853905,main_stream
408.1304007181684,-3.3173322816072357,-36.09447543293396,main_stream
462.17191658342017,-42.898203135434024,-36.96221962967057,main_stream
281.9563855205782,62.72824799249445,-85.45477885022379,main_stream
-22.948841602603586,79.81903254070858,-17.514053558556256,main_stream
-312.75171541744334,-112.0965579989093,11.56235999081548,main_stream
-211.79851908064353,38.86863135041943,-37.16307969840153,trendy
-204.8933089626369,-39.89817888285971,40.71846120148914,fashion_lifestyle_elite
469.5150822684525,-81.79822214597573,16.23334982525821,main_stream
412.4222713975379,-23.562622796043332,-7.94969742562762,main_stream
308.45228542822866,32.994995614235904,5.600643808919244,trendy
-317.0031059524969,-139.48704673383503,34.56364051716092,fashion_lifestyle_elite
499.6786784429089,-99.09460163597902,8.567506999995889,main_stream
-226.74049776395748,-46.92210886723676,39.762618607773845,main_stream
-180.67343814902577,-9.395789626685835,39.04673867434069,main_stream
495.3973392295375,-23.536105865812445,-103.10365715955376,main_stream
-197.86104660277098,48.4026943413812,-40.4792520490852,trendy
-307.48085812658877,-117.5989432871453,24.785964734565617,main_stream
-162.86912109516922,59.63270404290784,-40.23569294639986,trendy
-209.05864292002798,20.057039767690064,-29.325207066462454,main_stream
-297.4069385282458,-84.31447021168887,6.613207013344177,fashion_lifestyle_elite
119.53536462682301,82.56723579176654,-42.03774841065538,main_stream
76.43150270933774,55.61641094588357,79.78241927783323,main_stream
-321.3066767877106,-73.3130605507222,-64.33377503511419,fashion_lifestyle_elite
167.57668614658192,43.38859061620248,108.40210093679086,trendy
-294.72321510371097,-46.92024082702774,-67.85853034668757,main_stream
-0.7660723365228943,79.48136323310757,12.456893625199998,trendy
-204.21021982218699,-30.320999139402364,43.32349348370036,fashion_lifestyle_elite
483.4301489558914,-70.41182764476,-16.85249495297752,main_stream
-49.67204028285901,6.701881866776027,89.42539286981231,main_stream
67.1511912465222,38.34033109765689,91.64209346678891,main_stream
481.0578398319289,-69.74100244471816,-16.08857642063457,main_stream
-219.09515943961293,-66.84691835717966,55.528121869653646,fashion_lifestyle_elite
-354.85434441970074,-98.60153580908452,-86.47398125255218,fashion_lifestyle_elite
-264.6793440443804,-81.41445246651958,35.75106085549569,main_stream
-210.393612825994,46.271035290909275,-38.78067330457115,trendy
396.41593261147676,-12.929503894051985,1.4226448115796115,main_stream
-105.07470872777174,74.27671704212077,-36.158430419507816,fashion_lifestyle_elite
-372.9666207122186,-160.77822740938552,-2.2469044686600737,main_stream
-51.69282533071812,16.45992109423227,90.1572685185781,trendy
-367.5876314837797,-180.3540492711414,16.013303268831084,main_stream
-222.22380387552357,-59.16661399935289,57.75315564086278,main_stream
-217.63100327153046,-17.89608435198471,15.44420080098775,main_stream
-358.6846294258151,-138.9361506236823,-8.074455848025663,fashion_lifestyle_elite
-274.8422126210216,-89.24633424041555,29.512159768960124,fashion_lifestyle_elite
455.7329564305175,-33.97138519776681,-36.481590761381135,main_stream
469.4176822966021,-8.868119265843646,-94.43635359381001,main_stream
-154.2700729147627,54.69806814677828,-49.35301970892205,fashion_lifestyle_elite
105.72306213175155,29.306446247138812,88.29986970616595,main_stream
454.24018493703755,-78.52886370649385,23.645919567003556,main_stream
-220.6737557431695,-31.031912772579357,33.45779174873423,main_stream
385.7086276165834,-46.80073030403195,47.167633910985245,main_stream
-180.01906501966812,22.573187667039416,-30.37054614253433,trendy
-170.3357305958686,29.140478340879287,-30.156443601858513,trendy
158.91138966939775,92.00477473788796,-6.802644362293036,trendy
-272.80446010738086,-32.34150833902421,-63.11485506746942,fashion_lifestyle_elite
-265.38624668342914,-25.245320839681863,-54.05108938916163,main_stream
374.1923141316955,-32.49974439225586,51.14277710550969,main_stream
-181.97413680831585,45.69121525292943,-48.294498661760116,trendy
290.4019479440129,-2.6545738054019234,61.035723989656105,main_stream
-291.5458524063212,-79.93855718937186,12.752762667618695,main_stream
-300.7084923787118,-58.43206523831596,-49.194352677976795,fashion_lifestyle_elite
-208.46971434336007,9.265646133796405,-33.63660812582217,main_stream
-196.05000924771122,50.16430323163578,-39.857883698261155,trendy
100.7979156532285,101.67708615618962,2.8293062554362387,trendy
454.48866947787565,-3.707594169474507,-86.21881692595521,main_stream
225.1500983694393,73.89956055150081,-63.15540420279191,main_stream
-116.99058655257674,62.0527202209229,-17.066773822742594,trendy
195.35507386836719,15.872944223125048,79.62904978674769,main_stream
111.98124722360693,51.601971042216974,89.54621598059512,trendy
-141.9096749299593,57.13103482152637,-35.65057065861789,fashion_lifestyle_elite
-134.25262888522596,43.405929925068,-8.36729869065642,main_stream
-44.440087160875024,11.314669750799434,93.62166524541085,trendy
-189.46218917284023,-18.47419188629207,34.31374709760242,main_stream
411.0015706915182,-50.12270312254752,39.01845547312281,main_stream
-158.19953520775724,9.918341145574121,48.111488351210284,main_stream
330.3242255712601,26.80470090408687,-7.373053721325928,main_stream
-230.26612455737924,-6.506843268658001,-25.04351674215806,main_stream
-51.89024308687583,-14.050194257111729,94.32474880792948,main_stream
101.30249825032229,39.94845651403336,93.83742009003142,main_stream
29.37939450908808,80.21224311552437,-16.75920963950334,main_stream
-369.05092059458553,-153.21460159957775,-7.194360740067085,fashion_lifestyle_elite
-152.10116883140776,36.26083841752954,21.884771763182975,trendy
-122.88650737249127,65.28361951913335,-30.93380436693208,fashion_lifestyle_elite
-199.63581209719712,-52.42275549123803,58.015312658231736,fashion_lifestyle_elite
173.33729237097597,87.7758340771816,-19.876215398561808,main_stream
-266.21522678182015,-95.11246745588466,42.24670167928718,fashion_lifestyle_elite
229.20392441224777,17.372316809542998,80.49841502975453,main_stream
-198.25677860053023,47.225583210199005,-53.119746867108866,main_stream
-44.61588194153002,79.99576548976778,-7.30387699022853,main_stream
-218.45157014270828,-0.12242027191681326,-35.77205036974596,fashion_lifestyle_elite
-68.36601275682969,83.30053828736091,-17.092978357929436,fashion_lifestyle_elite
135.40927149791682,38.1245134823222,95.01922947419685,main_stream
386.105668483825,4.9848994229511305,-26.95546028520825,main_stream
-101.97041832936097,78.68636813684236,-27.54755184389279,fashion_lifestyle_elite
-200.800327781741,50.34128827630931,-47.66916157702528,trendy
203.53804704820155,79.839652444583,-46.48597384837682,main_stream
56.29071040338431,8.32884309804348,102.92079257533007,main_stream
272.70848736613556,32.45117794121688,41.75665379174958,trendy
-153.3942519979065,-33.335484613108605,65.49223455580648,main_stream
-97.68300350329022,9.618538652962643,71.65471559007955,main_stream
516.3359449578535,-56.185551910449455,-80.45478117180137,main_stream
-156.7438552402727,53.70457609726254,-20.009697537185975,trendy
253.0231116517642,69.16280041154178,6.032633575210667,trendy
-194.84038285697832,49.77284433457987,-47.60182541347434,trendy
-87.85742323872539,27.83656547731115,70.91604687141714,trendy
-88.60169073909162,78.7828225082255,-15.29429491369278,fashion_lifestyle_elite
7.194892790306162,78.22472073478063,8.30631967619338,trendy
-124.06631366448174,85.74551695430199,-35.41877130273535,fashion_lifestyle_elite
74.94721506413204,-175.74481856943257,-95.24915969250138,trendy
-8.548427447757927,17.726044440478233,104.92370571031893,trendy
-218.89436533520853,29.164767260099254,-24.190660148778175,trendy
-285.4499499710719,-40.60550932639716,-53.847428304708096,main_stream
74.7152791295343,-167.9124193214883,-87.93912753743379,trendy
-348.099938303795,-129.18102113544768,1.5878532185152292,main_stream
196.13899969974733,77.90506372581598,-1.9072748598967486,main_stream
6.692491736379876,-0.6768877919584122,109.87500935589577,main_stream
-167.0283968946972,38.757396498746814,-29.713358390388095,trendy
250.7275281658841,70.62636563798739,-7.444780067390651,main_stream
-128.75799335203874,75.0998574835373,-34.2172838879832,fashion_lifestyle_elite
110.821556475125,28.975733039209878,82.8308921609656,main_stream
-254.45786707830467,-44.93473702019162,4.233613421592943,fashion_lifestyle_elite
-142.47477561059324,30.737609487493547,43.93808984131129,main_stream
-90.75045639683191,9.973788341254217,79.46852517813653,trendy
-153.47262078008367,36.37296291425748,-14.237606371622071,trendy
-35.75802647355212,92.03301142178933,-6.249496224750626,main_stream
410.35532253392705,-59.39291369885586,39.95134596643551,main_stream
353.22381083582644,23.398951378964266,-12.387484568740009,main_stream
-15.449325206895281,101.27104936642442,7.57578226358907,main_stream
-227.06269664070743,-0.840024511111861,-26.421293980663982,fashion_lifestyle_elite
422.4024376289686,-28.782990813656564,0.4625235295869909,main_stream
405.4473935414712,8.508097860625119,-53.57206983537709,main_stream
-224.62582492348477,141.87598657903098,-21.22382593160654,fashion_lifestyle_elite
-290.6891143717956,-116.01514339307685,38.31097560804955,fashion_lifestyle_elite
-115.82745605482224,80.71547371380822,-34.520613654981354,fashion_lifestyle_elite
82.17149372486303,29.72909208542786,82.1115438167196,main_stream
541.5262719081163,-63.864696578674476,-101.30723780212077,trendy
276.06525769186067,69.81804473281596,-62.3677643124372,main_stream
257.66147835722336,62.31120487685242,-0.6336186180265311,main_stream
450.9811735611146,-74.9244653429731,22.88721680035934,main_stream
-99.15873744688528,52.28700091921946,-4.566947512030897,trendy
499.2183542890605,-78.65609392910422,-23.887714390943707,main_stream
72.35704195442466,35.25710973155584,99.04783699422268,main_stream
-17.062202806906424,72.17012558484763,9.271232908558682,trendy
481.4318538147422,-66.82184542176935,-16.990086003621755,main_stream
406.35512306896294,-35.03014415551497,12.415602376414782,main_stream
-1.6473272893112274,22.26096559376892,119.1502519125788,main_stream
431.0252160762338,6.547717997608428,-74.6126961271025,main_stream
-112.44426647422588,69.0605659706,-27.942405571920823,fashion_lifestyle_elite
218.87058801962823,19.804693043065217,82.23736744877095,main_stream
-105.66976965507357,62.9202554485749,-9.593777940215933,fashion_lifestyle_elite
-255.11185042034876,-78.05394057127815,35.54723467188485,fashion_lifestyle_elite
271.03473350530845,-3.9577885390621703,69.69959124712734,main_stream
-95.54121104826038,63.717561736979,7.545551183640083,trendy
-303.0869039216397,-114.935397263956,29.238342118861215,main_stream
322.5805847901727,12.982095606243044,22.807045983595476,main_stream
466.98153358485445,-85.76953287922615,19.540654357405046,main_stream
74.78846725344695,-170.3462782839103,-90.17941071606467,trendy
-182.497936801582,28.56450112950398,-29.67885404845955,fashion_lifestyle_elite
74.88794420875266,-173.74609218424348,-93.38611413369553,trendy
-301.64800994877646,-86.91920129373021,5.636663186354073,fashion_lifestyle_elite
-146.11569931454733,18.348007370293022,36.64541635090808,main_stream
299.42566184237825,19.83764615438666,23.03267794694879,main_stream
479.6852305696146,-67.00382148529172,-11.394237474193343,trendy
464.5584827775095,-81.55854388741491,17.93392627448087,trendy
-124.3481094266864,52.77418743546211,-5.0376334406247905,fashion_lifestyle_elite
443.87180611753706,-26.31513005389231,-42.69474930746673,main_stream
-162.84707040920662,-7.066478689817275,53.417941333276914,trendy
-230.34876458337132,-5.311108408607291,-39.168544808030184,main_stream
254.37522515591385,48.561501847472584,17.496050917691747,main_stream
-114.70465980553232,67.506387439074,-28.55489266823498,fashion_lifestyle_elite
-164.2496776433389,58.690171525471555,-38.37948295726962,trendy
-246.38329487057274,-15.014028468339584,-54.44756864521488,fashion_lifestyle_elite
-200.27083542348035,48.570965366362245,-36.86849514777167,trendy
-138.95262086388536,58.6183768801905,-24.419454204053867,fashion_lifestyle_elite
159.08058511329256,80.68722509092099,-53.3758753890467,main_stream
60.82705086149137,50.75770980100555,101.68523457869881,main_stream
-351.0610642604626,-139.30186807009002,1.6912128104739748,fashion_lifestyle_elite
-30.129630451272337,12.764925387151917,95.25258219570699,trendy
-127.43099486191679,-30.015191719137842,75.8756095136862,main_stream
-285.9944261810181,-41.56627220568572,-54.210985546111125,fashion_lifestyle_elite
-354.19654507274424,-99.02624655323541,-84.43600551917348,fashion_lifestyle_elite
218.55621921182797,77.62974227691655,-56.87725378529245,main_stream
-183.1254617985739,28.913971379275786,-19.1528433211271,main_stream
-201.14843076761454,56.67590454723786,-41.10185628078336,trendy
-121.99403551957226,68.82760831333812,-42.05419593502573,fashion_lifestyle_elite
161.24068522893347,33.0439942442612,94.8336321706185,main_stream
227.58768316134783,76.59808826328407,-11.300548977864404,main_stream
-238.93464261910972,-9.237976485391243,-53.35201944878339,fashion_lifestyle_elite
427.84747171467535,-10.037861878107195,-43.15921890958881,main_stream
415.0588243796118,-19.34924552807287,-3.736812526757981,main_stream
-190.73028366350326,49.86102170638464,-32.462595879911824,trendy
16.048856439621403,20.76667896971485,108.05514283063117,main_stream
-147.39039110668435,3.9960517422033583,55.47929930709233,trendy
242.4523684703027,31.029733992755755,58.68420607491218,main_stream
-190.3232372540342,-28.555156811488605,53.42091650594396,main_stream
-182.37891031082697,57.249523037880486,-48.009161322103154,trendy
273.43392952244557,26.976328389658637,40.571565359744945,main_stream
194.43530439144442,78.19967740174,-51.88687915717657,main_stream
-170.94771356442502,30.627531627511196,-11.672052119060316,trendy
-240.8465091087537,-67.35823905112053,37.4945732356927,fashion_lifestyle_elite
43.920000906374426,16.07196003120443,109.74258154151603,trendy
218.6635652343145,25.621000802268284,76.27415689396153,main_stream
74.82683156441213,-171.65085315078767,-91.40418064333817,trendy
375.6824217395253,-34.24507511310263,49.57429983238208,main_stream
-272.77065794995497,-70.1838962696729,12.383662107998067,fashion_lifestyle_elite
262.57569453649495,32.376237070178576,39.83317838800894,main_stream
-277.32640373386346,-34.80157042142596,-66.84216883049041,fashion_lifestyle_elite
198.22631714463043,35.51978992614021,73.13697591599525,main_stream
435.89472756084064,-36.82743525508144,-19.379778005672463,main_stream
-362.97554047750407,-175.95687916506444,15.036498305372234,fashion_lifestyle_elite
-212.2843049661078,36.24475673001272,-37.56354709526831,trendy
462.1303111352768,-36.708686113788374,-46.42325321645717,main_stream
-277.67583284758337,-94.25587711850339,32.12514846679829,fashion_lifestyle_elite
460.0060095803051,-33.5793065161577,-50.20840730083129,main_stream
-55.607455178972444,20.970124602774554,111.68050320147906,main_stream
-216.94425717626734,41.4697144321757,-40.53083245514681,trendy
-209.36294285263355,6.597516335079366,-39.903362197466116,fashion_lifestyle_elite
378.59467548230134,-32.179284337329136,53.12610790545861,main_stream
226.47869898357285,17.34419471500841,86.16879575300115,trendy
-155.85316503168193,8.988050683025314,45.50183920453917,trendy
-301.0591045455348,-86.15330571152069,5.944694112189653,fashion_lifestyle_elite
-344.82128736345715,-93.17965924361079,-76.28353115377662,main_stream
346.07791388815184,5.039001316057385,19.96427017935066,main_stream
434.74196593755215,-33.510154157589575,-16.420062175032303,main_stream
-110.43572760787144,7.657833507648065,68.30201410129344,trendy
-179.17180966638992,21.36447771866384,-1.0955134962266693,fashion_lifestyle_elite
-279.89730022416074,-73.18569677290462,16.354016411198028,main_stream
-36.25437032299672,69.40011308674627,-11.057480024690129,main_stream
99.84086322918338,99.02774808496058,-25.465478370781476,trendy
257.5981501612512,69.57360900117109,-28.447282738412706,main_stream
-167.19427941388142,47.04959692739484,-27.91608909246237,trendy
-113.85645297132095,50.49869406144169,-20.254825133617075,main_stream
416.2159782198587,-22.45819119906186,0.9689505963360149,main_stream
-165.75622255398292,51.81565219201785,-47.626928197998225,trendy
-245.31757118475645,-44.40003692049698,20.002918177460337,main_stream
425.1769781111315,-49.367620226259895,18.796160730247806,main_stream
-265.10166498992834,-31.72009712294015,-25.339095934278827,main_stream
14.952534349814073,14.111802632145464,106.06040495292955,trendy
-130.4632786388146,68.38342119395178,-38.282099095700666,fashion_lifestyle_elite
-200.69625608008153,43.68059387861265,-35.6035934547313,trendy
-172.01214557191562,68.28089291946031,-33.31944359618087,trendy
-85.24425205034665,78.60097347079056,-25.65707032550786,fashion_lifestyle_elite
441.08057124804674,-72.6930165845216,27.267377761571932,main_stream
187.10482919482286,19.762080312229187,83.86214750149183,main_stream
155.53280447462026,33.42982267669601,94.0641543120079,main_stream
-257.27574815531466,-47.75789880225076,10.937643426251864,main_stream
455.2054775660036,-3.2013433736282626,-87.48061255208337,main_stream
-188.4768997984157,5.186307336739463,31.268901990712322,fashion_lifestyle_elite
282.44383371133785,68.09160503386802,-38.94300065157983,main_stream
469.00572509631377,-71.19006406921349,-1.5753825754161082,main_stream
-140.41295238163778,51.1523843889654,-5.620193770451599,main_stream
105.37787125342123,82.24008779443906,43.8275514583861,main_stream
503.0384939013749,-66.52840510633018,-45.201398574027,main_stream
-289.04231980885123,-68.26556683605561,-9.568761240223397,fashion_lifestyle_elite
-112.61603104535773,79.95776265356722,-33.66943273503952,fashion_lifestyle_elite
-121.76394107042499,-13.099712143509981,78.47630680783423,trendy
-18.337828887715656,74.30903891968438,-3.1576858538076964,trendy
401.66477706974814,9.390420991148202,-43.65514171482809,main_stream
-84.92503285815428,71.8756468031911,-11.31120306344147,main_stream
-295.0241859240172,-79.35494543394059,9.746086570507995,main_stream
74.69656140565817,-167.28080313640024,-87.35006984837072,trendy
-221.33031433144663,12.014605504091334,-43.48633094702987,fashion_lifestyle_elite
-80.10285627247978,58.73523738801051,-14.262498140076532,main_stream
-162.3102897220817,37.33967165695218,-22.5298985664081,fashion_lifestyle_elite
-208.07360793046246,5.372282516033896,-37.206547314040066,fashion_lifestyle_elite
-271.6482124583205,-95.4824166986779,39.93067248551093,main_stream
5.833160587798886,15.482890367999804,123.52530164092572,main_stream
-85.39713553891755,69.68144784391905,-20.09324535270626,fashion_lifestyle_elite
476.8434509884174,-12.87864411344516,-96.6461027918216,main_stream
-254.61706606614712,-57.064640241871686,18.612421178497016,main_stream
-328.4004017380846,-147.97039798805997,27.16844669881226,fashion_lifestyle_elite
