data_to_neuron,neuron_to_neighbour,breuni_class
0.2557324263343838,0.3142664042860195,fashion_lifestyle_elite
0.2343930311088069,0.3142664042860195,fashion_lifestyle_elite
0.195992760071991,0.3142664042860195,main_stream
0.3541507592576916,0.3142664042860195,fashion_lifestyle_elite
0.3055930116176056,0.3142664042860195,trendy
0.2099805409946469,0.3142664042860195,trendy
0.2041960795199874,0.3142664042860195,trendy
0.1362729351862278,0.1385918965131539,fashion_lifestyle_elite
0.1276872130482607,0.1385918965131539,fashion_lifestyle_elite
0.254941878183165,0.1385918965131539,main_stream
0.2062622576589807,0.1385918965131539,fashion_lifestyle_elite
0.2512166866176627,0.1359246656570944,main_stream
0.1047192306622457,0.1359246656570944,trendy
0.2314005154682143,0.1359246656570944,fashion_lifestyle_elite
0.1015559158564204,0.1359246656570944,trendy
0.1882021789952837,0.1359246656570944,main_stream
0.1013838973933342,0.1576822211306782,fashion_lifestyle_elite
0.279664220302965,0.1576822211306782,trendy
0.1534753702333432,0.1576822211306782,main_stream
0.1298926033566367,0.1576822211306782,main_stream
0.1921334542289718,0.1576822211306782,trendy
0.5552809710243944,1.0,fashion_lifestyle_elite
0.6590018414694119,1.0,trendy
0.20547624825843,0.1255573570432685,trendy
0.1935885460042316,0.1255573570432685,main_stream
0.2293685691925535,0.1255573570432685,fashion_lifestyle_elite
0.3687816775731771,0.1255573570432685,main_stream
0.3065401524368493,0.1255573570432685,main_stream
0.4015299948033934,0.1255573570432685,trendy
0.173819215102824,0.1255573570432685,main_stream
0.1955805896531031,0.1255573570432685,fashion_lifestyle_elite
0.2916589857831248,0.1255573570432685,main_stream
0.1436686723208099,0.1649985640413891,main_stream
0.1846688837378062,0.1649985640413891,main_stream
0.2782040643880369,0.1649985640413891,main_stream
0.1042885817897845,0.1422005534829311,fashion_lifestyle_elite
0.1134895693471935,0.1422005534829311,trendy
0.1314649523589377,0.1422005534829311,fashion_lifestyle_elite
0.1730633048149497,0.1422005534829311,main_stream
0.1957288559454005,0.1422005534829311,trendy
0.1315281655105347,0.1422005534829311,main_stream
0.1092787577751908,0.1556331308821168,fashion_lifestyle_elite
0.0670484355506217,0.1556331308821168,fashion_lifestyle_elite
0.2437118428193576,0.1556331308821168,main_stream
0.1479828890341611,0.1556331308821168,main_stream
0.1327529928487119,0.2153562542905081,fashion_lifestyle_elite
0.3159588847117598,0.2153562542905081,fashion_lifestyle_elite
0.1096978828171681,0.0666974731495508,trendy
0.288787083517021,0.0666974731495508,fashion_lifestyle_elite
0.1789939522292857,0.0666974731495508,main_stream
0.169259716016981,0.1844821169116896,main_stream
0.2054262379039723,0.1844821169116896,main_stream
0.1963516457697986,0.1844821169116896,main_stream
0.3089817916025343,0.1844821169116896,trendy
0.145352804728625,0.1104267377949599,trendy
0.1127259693111193,0.1104267377949599,fashion_lifestyle_elite
0.1576062637008829,0.1104267377949599,main_stream
0.1320303380843359,0.1104267377949599,fashion_lifestyle_elite
0.1720352247385738,0.1104267377949599,main_stream
0.1386715251549103,0.0757394837043405,fashion_lifestyle_elite
0.1361738140154927,0.0757394837043405,main_stream
0.2638067109648874,0.0757394837043405,main_stream
0.2423316957325643,0.2081496358019098,fashion_lifestyle_elite
0.1924872138477728,0.2081496358019098,trendy
0.241407625962724,0.2081496358019098,trendy
0.01785417004199,0.2081496358019098,main_stream
0.059555938958678,0.2081496358019098,trendy
0.1519124036599771,0.0105843149852588,main_stream
0.206965693293897,0.0105843149852588,fashion_lifestyle_elite
0.2908196562740803,0.0105843149852588,trendy
0.4704462788984972,0.0105843149852588,main_stream
0.0788820645190679,0.0105843149852588,main_stream
0.1086115428657947,0.1881184921228365,main_stream
0.1408607445089251,0.141616441410954,main_stream
0.099026222521082,0.141616441410954,fashion_lifestyle_elite
0.1931962747236464,0.141616441410954,main_stream
0.0670892817343224,0.141616441410954,main_stream
0.1265899200065894,0.141616441410954,main_stream
0.2326840518672535,0.141616441410954,trendy
0.2876145110204233,0.141616441410954,trendy
0.1394371335990455,0.158247986952512,trendy
0.1699377273567718,0.158247986952512,trendy
0.2734842086085168,0.158247986952512,fashion_lifestyle_elite
0.2109987967387811,0.158247986952512,main_stream
0.1019441748821736,0.158247986952512,trendy
0.1905205404372922,0.1162306385017416,trendy
0.1424212043213986,0.1162306385017416,fashion_lifestyle_elite
0.1123978382888863,0.1162306385017416,fashion_lifestyle_elite
0.2044140155682122,0.1162306385017416,trendy
0.0610310299891502,0.1162306385017416,main_stream
0.056711993683754,0.1162306385017416,main_stream
0.1255596072767751,0.1162306385017416,main_stream
0.1277360307710676,0.0450211315242284,main_stream
0.0623330776884922,0.0450211315242284,fashion_lifestyle_elite
0.1828987293778898,0.0450211315242284,trendy
0.321539148111364,0.0450211315242284,main_stream
0.2438653575700141,0.0450211315242284,main_stream
0.1347668067524457,0.0953445381834982,trendy
0.27308888984089,0.0953445381834982,main_stream
0.2819924695826366,0.0953445381834982,trendy
0.1894568065426262,0.0953445381834982,trendy
0.1361651265501487,0.0953445381834982,fashion_lifestyle_elite
0.1649610237408027,0.0953445381834982,fashion_lifestyle_elite
0.1321869022024702,0.0795646640268359,fashion_lifestyle_elite
0.2656711231091977,0.0795646640268359,trendy
0.2000331298972608,0.0795646640268359,main_stream
0.2105418508925133,0.0795646640268359,main_stream
0.2588908359431539,0.0795646640268359,main_stream
0.1525459569225241,0.0795646640268359,trendy
0.1705539609134217,0.0795646640268359,trendy
0.0919535104583939,0.1791492078166249,fashion_lifestyle_elite
0.132261968971964,0.1791492078166249,fashion_lifestyle_elite
0.1430062634913568,0.1791492078166249,main_stream
0.2203515102610793,0.1791492078166249,main_stream
0.1228244681293682,0.1663491423922447,fashion_lifestyle_elite
0.1361783108697782,0.1663491423922447,fashion_lifestyle_elite
0.1160353545560158,0.1663491423922447,main_stream
0.2594179600745623,0.1663491423922447,main_stream
0.1012578665249741,0.1478483090050258,trendy
0.1263079114032885,0.1478483090050258,trendy
0.2481459775313448,0.1478483090050258,main_stream
0.1014377423780488,0.1478483090050258,fashion_lifestyle_elite
0.2125228236207352,0.1478483090050258,fashion_lifestyle_elite
0.3645379551875776,0.1478483090050258,main_stream
0.1435254914497693,0.1650929026586972,fashion_lifestyle_elite
0.2054056249105065,0.1650929026586972,fashion_lifestyle_elite
0.1594709647531392,0.1650929026586972,trendy
0.2332510586649202,0.1650929026586972,trendy
0.1376398036489628,0.1650929026586972,fashion_lifestyle_elite
0.0693271482273346,0.1650929026586972,trendy
0.1793673925961541,0.1650929026586972,main_stream
0.1165946750135341,0.1966073355286617,main_stream
0.2769099206686934,0.1811541328179147,main_stream
0.1957436406752427,0.1811541328179147,fashion_lifestyle_elite
0.2079245883911049,0.1811541328179147,main_stream
0.2942049991402265,0.1811541328179147,fashion_lifestyle_elite
0.2031139826664718,0.1579156556253709,fashion_lifestyle_elite
0.2636360802197308,0.1579156556253709,fashion_lifestyle_elite
0.4095810419420725,0.1579156556253709,main_stream
0.2374907251817324,0.1579156556253709,fashion_lifestyle_elite
0.1303934273964997,0.1553986838595077,main_stream
0.2017510646874676,0.1553986838595077,trendy
0.3739310722243591,0.1553986838595077,main_stream
0.3470234039142209,0.1553986838595077,trendy
0.18197103485186,0.1897147573768127,main_stream
0.2242959409235836,0.1897147573768127,main_stream
0.2040954981157285,0.1453651899077424,fashion_lifestyle_elite
0.1648788032725014,0.1453651899077424,trendy
0.1556357416169825,0.1453651899077424,main_stream
0.118212195246533,0.2000763315947925,fashion_lifestyle_elite
0.2288396331992318,0.2000763315947925,main_stream
0.1328144578937432,0.04022191771301,trendy
0.0822584899774283,0.04022191771301,main_stream
0.1159714116427337,0.04022191771301,main_stream
0.0,0.04022191771301,fashion_lifestyle_elite
0.0998180775309095,0.04022191771301,trendy
0.1143286938096685,0.04022191771301,main_stream
0.0620267458105656,0.04022191771301,fashion_lifestyle_elite
0.0668319407367642,0.04022191771301,main_stream
0.136064268951626,0.04022191771301,main_stream
0.0515225261406475,0.04022191771301,main_stream
0.0706721490137494,0.04022191771301,main_stream
0.1522015683306585,0.5813549171001943,main_stream
0.6003065592927226,0.5813549171001943,main_stream
0.7764264164514421,0.5813549171001943,main_stream
1.0,0.5813549171001943,main_stream
0.1869097728223952,0.18654949080779,main_stream
0.2238158946791553,0.18654949080779,main_stream
0.0590524666159905,0.18654949080779,trendy
0.1845841208935477,0.2344333996601562,fashion_lifestyle_elite
0.0697689836014334,0.1665665560620667,main_stream
0.1299199239137125,0.1665665560620667,trendy
0.0466951006640848,0.1665665560620667,fashion_lifestyle_elite
0.1355968987222224,0.1665665560620667,trendy
0.1726225680080649,0.071084175623726,fashion_lifestyle_elite
0.3602212222070534,0.071084175623726,trendy
0.0396870781646225,0.071084175623726,main_stream
0.1345109046046811,0.071084175623726,trendy
0.0940490721588681,0.071084175623726,trendy
0.1526323522949232,0.1765354136083307,fashion_lifestyle_elite
0.0340843433264561,0.1765354136083307,main_stream
0.1567108840431795,0.1765354136083307,main_stream
0.0689116959623237,0.1765354136083307,trendy
0.2067561218222826,0.1765354136083307,main_stream
0.1223701272742995,0.1765354136083307,main_stream
0.2060768405246256,0.1457265649007476,trendy
0.1252228961896254,0.1457265649007476,trendy
0.2313747100254615,0.1457265649007476,main_stream
0.4621846585069554,0.2470208612700696,main_stream
0.1248241960413071,0.2470208612700696,main_stream
0.2003323656797856,0.2470208612700696,main_stream
0.1474076419621304,0.2470208612700696,fashion_lifestyle_elite
0.2404519227964193,0.2470208612700696,main_stream
0.1946674894455208,0.2470208612700696,trendy
0.1477618428062226,0.0771303416908709,main_stream
0.0855282028837238,0.0771303416908709,trendy
0.0449594015440791,0.0771303416908709,main_stream
0.0499672748835732,0.0771303416908709,trendy
0.0779410081448352,0.0771303416908709,trendy
0.0261541203189451,0.0771303416908709,trendy
0.0525047123736842,0.1586122443672678,fashion_lifestyle_elite
0.1498738298005203,0.1586122443672678,main_stream
0.0739583721089458,0.1586122443672678,main_stream
0.1205984232425559,0.1586122443672678,main_stream
0.1159228942745401,0.1586122443672678,fashion_lifestyle_elite
0.3448571384502594,0.1808508239460675,fashion_lifestyle_elite
0.3660297940869204,0.1808508239460675,main_stream
0.0925176336259894,0.1808508239460675,trendy
0.1904400683393919,0.1490547457713125,trendy
0.2631823254787144,0.1490547457713125,main_stream
0.1682293619379727,0.1490547457713125,main_stream
0.2070792492069667,0.1544506174114866,fashion_lifestyle_elite
0.2747196119141273,0.1544506174114866,trendy
0.2355756195484432,0.1583814827597245,trendy
0.2448281601167551,0.1583814827597245,main_stream
0.1954604026870446,0.1583814827597245,main_stream
0.293837400122558,0.1583814827597245,main_stream
0.2121131519244593,0.1583814827597245,main_stream
0.3404839212266894,0.1583814827597245,trendy
0.2962693391725547,0.1583814827597245,fashion_lifestyle_elite
0.1311222487660941,0.1981947752269192,main_stream
0.1511318095974222,0.1981947752269192,fashion_lifestyle_elite
0.1154513706251837,0.1981947752269192,trendy
0.0908383788295268,0.04738979461305,trendy
0.1110544608723755,0.04738979461305,main_stream
0.1659932693695809,0.04738979461305,fashion_lifestyle_elite
0.1405159100079513,0.04738979461305,main_stream
0.2459553366993435,0.04738979461305,fashion_lifestyle_elite
0.1161848408611223,0.04738979461305,main_stream
0.1772506376102862,0.04738979461305,main_stream
0.2023396644811996,0.1697030614584883,fashion_lifestyle_elite
0.3226041355354997,0.1697030614584883,main_stream
0.2084993405162103,0.1697030614584883,trendy
0.1321626485534306,0.1697030614584883,main_stream
0.2939624216052707,0.1697030614584883,fashion_lifestyle_elite
0.1917221302493884,0.2537432751056404,fashion_lifestyle_elite
0.1514099925330645,0.2537432751056404,trendy
0.0928052010112562,0.2537432751056404,trendy
0.2086631167187719,0.2537432751056404,main_stream
0.1451728026902287,0.1908614517958455,trendy
0.2384445571240483,0.1908614517958455,main_stream
0.1841481320109021,0.1908614517958455,main_stream
0.142397457416247,0.1908614517958455,trendy
0.2760549715186263,0.1908614517958455,main_stream
0.3080261974244611,0.1908614517958455,fashion_lifestyle_elite
0.2388732803914586,0.1908614517958455,fashion_lifestyle_elite
0.2247723021268546,0.1908614517958455,trendy
0.2430267722171515,0.1908614517958455,main_stream
0.184151952446462,0.127004178818991,main_stream
0.1830886235121204,0.127004178818991,main_stream
0.1187630651710304,0.127004178818991,fashion_lifestyle_elite
0.1689211042427974,0.127004178818991,main_stream
0.1776791556294803,0.127004178818991,fashion_lifestyle_elite
0.1523589480424143,0.127004178818991,trendy
0.0937125440606393,0.127004178818991,fashion_lifestyle_elite
0.2281477235735428,0.238747155726585,main_stream
0.2002621774309435,0.238747155726585,main_stream
0.2119831788235089,0.1848459312100949,main_stream
0.1702722331741728,0.1848459312100949,main_stream
0.3393725940685036,0.1848459312100949,main_stream
0.264718436917142,0.1848459312100949,main_stream
0.123349323262168,0.0266656624175365,main_stream
0.0683801118681421,0.0266656624175365,fashion_lifestyle_elite
0.0890881442409561,0.0266656624175365,fashion_lifestyle_elite
0.0763750691116608,0.0266656624175365,main_stream
0.1155167837084336,0.0266656624175365,trendy
0.2102475618468948,0.1294304427907572,trendy
0.1965911209951227,0.1294304427907572,main_stream
0.1980192167716944,0.1294304427907572,fashion_lifestyle_elite
0.1802728690841061,0.1294304427907572,fashion_lifestyle_elite
0.2060069994295449,0.1294304427907572,trendy
0.2380163539409467,0.0527689559073857,main_stream
0.0862242005592695,0.05943947051862,fashion_lifestyle_elite
0.1881491759972612,0.05943947051862,fashion_lifestyle_elite
0.1573366378791715,0.05943947051862,trendy
0.0728272371593075,0.219394540091614,trendy
0.1018615507656656,0.219394540091614,trendy
0.1258102004424722,0.219394540091614,main_stream
0.1722271638740925,0.219394540091614,main_stream
0.2935713465882394,0.219394540091614,trendy
0.1991183280643528,0.1604412428833589,main_stream
0.1525725612795706,0.1604412428833589,trendy
0.1191491842839649,0.1604412428833589,trendy
0.1441225757285113,0.1687987164714826,main_stream
0.3030251302860997,0.1687987164714826,fashion_lifestyle_elite
0.1617081673549252,0.1687987164714826,main_stream
0.143286930348618,0.1687987164714826,trendy
0.1272259710464066,0.1687987164714826,fashion_lifestyle_elite
0.1314425549259375,0.1687987164714826,main_stream
0.2003921542958585,0.1687987164714826,main_stream
0.2483805847378088,0.0610711395469101,fashion_lifestyle_elite
0.2373865809694059,0.0610711395469101,fashion_lifestyle_elite
0.0589076984605938,0.0610711395469101,trendy
0.2589110333843824,0.0610711395469101,fashion_lifestyle_elite
0.2387378758825032,0.0610711395469101,trendy
0.2519849878616939,0.0610711395469101,trendy
0.1818433916924131,0.0610711395469101,trendy
0.3235689424557934,0.0610711395469101,main_stream
0.2053766868907814,0.3053281450336746,main_stream
0.2431355505933448,0.3053281450336746,trendy
0.0421365224059896,0.3053281450336746,main_stream
0.1165128342693649,0.3053281450336746,main_stream
0.1193803920687084,0.21810268077575,trendy
0.2840476369150473,0.21810268077575,fashion_lifestyle_elite
0.3022790799861928,0.21810268077575,trendy
0.3573779959118866,0.21810268077575,trendy
0.3680447112956383,0.1596422994838642,main_stream
0.2113238338673931,0.1596422994838642,main_stream
0.0562225475245999,0.1596422994838642,main_stream
0.1542331378365289,0.1596422994838642,main_stream
0.1553355241467106,0.1596422994838642,main_stream
0.2138837872068479,0.1145380326924996,fashion_lifestyle_elite
0.0495899058949997,0.1145380326924996,trendy
0.0499540954475072,0.1145380326924996,main_stream
0.0050895808674537,0.1145380326924996,trendy
0.1789326312001359,0.1145380326924996,fashion_lifestyle_elite
0.1363472721242961,0.1145380326924996,fashion_lifestyle_elite
0.2548193437473885,0.1597051683635446,main_stream
0.1900564514176821,0.1597051683635446,fashion_lifestyle_elite
0.1853038768280017,0.1597051683635446,trendy
0.1949489972141011,0.1597051683635446,main_stream
0.1778103598523213,0.1597051683635446,trendy
0.1112033817688024,0.1597051683635446,trendy
0.1258592768099153,0.0627834959015773,main_stream
0.1401136829876282,0.0627834959015773,main_stream
0.2272632809559215,0.0627834959015773,trendy
0.1105291545892361,0.0627834959015773,main_stream
0.3034921195234548,0.0627834959015773,main_stream
0.1237862936828508,0.1600317565826421,fashion_lifestyle_elite
0.1509182428142766,0.1600317565826421,main_stream
0.2387179038677574,0.1563766944848468,fashion_lifestyle_elite
0.1239576027817448,0.1563766944848468,main_stream
0.2460529384131788,0.1563766944848468,main_stream
0.2292691188639623,0.1563766944848468,trendy
0.2611414944674458,0.1563766944848468,trendy
0.1281965576788251,0.0661150720682326,main_stream
0.1666347848856811,0.0661150720682326,fashion_lifestyle_elite
0.1240566858147496,0.1488385530805667,trendy
0.1623352842533286,0.1488385530805667,fashion_lifestyle_elite
0.1619287872149402,0.1488385530805667,trendy
0.1821414263640218,0.1655456960482906,trendy
0.1699943739416167,0.1655456960482906,main_stream
0.2344288074952922,0.1655456960482906,main_stream
0.2093264366810356,0.1655456960482906,main_stream
0.0973003885936006,0.1655456960482906,main_stream
0.2198017972043774,0.1502858309416891,trendy
0.1686306361333141,0.1502858309416891,main_stream
0.197212187932084,0.1478777692175385,main_stream
0.1968816274349776,0.1478777692175385,fashion_lifestyle_elite
0.1826111436920937,0.1478777692175385,main_stream
0.0394618876544213,0.1478777692175385,main_stream
0.2741659167612043,0.1616211181875247,main_stream
0.2452090465520308,0.1616211181875247,fashion_lifestyle_elite
0.1785039378350749,0.1616211181875247,trendy
0.2271830597015601,0.1616211181875247,main_stream
0.0662248082501154,0.1311417737956486,main_stream
0.2238508665686092,0.1311417737956486,trendy
0.1842744129153283,0.1311417737956486,main_stream
0.0694260169116161,0.0747254300515899,main_stream
0.2813895594578232,0.0747254300515899,main_stream
0.2315329588042037,0.0852023122454563,main_stream
0.1540446483057437,0.0852023122454563,main_stream
0.2392146977989909,0.0852023122454563,main_stream
0.5427211483169698,0.2389372341657092,fashion_lifestyle_elite
0.0992569974375711,0.2389372341657092,main_stream
0.0718840689706867,0.2389372341657092,main_stream
0.0717971833874842,0.1500911096848459,fashion_lifestyle_elite
0.1437892331012879,0.1500911096848459,main_stream
0.1719580068798472,0.203127907442677,trendy
0.2852925039422814,0.203127907442677,main_stream
0.2578758919484686,0.203127907442677,trendy
0.1629912677069256,0.203127907442677,trendy
0.2682759849473774,0.203127907442677,fashion_lifestyle_elite
0.2352680264461417,0.1742275587173775,trendy
0.1037936057454308,0.1742275587173775,fashion_lifestyle_elite
0.1736290373367379,0.1742275587173775,trendy
0.269760022702926,0.1742275587173775,main_stream
0.0344797172751684,0.0919895594610658,main_stream
0.1110326566377911,0.0919895594610658,main_stream
0.069679396705942,0.0919895594610658,main_stream
0.1369836174835937,0.175078670001183,main_stream
0.1462281957642202,0.175078670001183,trendy
0.2488700174673978,0.175078670001183,trendy
0.1886778706762843,0.175078670001183,main_stream
0.2903724822018375,0.175078670001183,main_stream
0.1613819591367618,0.1445930421291867,fashion_lifestyle_elite
0.2752330634328803,0.1445930421291867,main_stream
0.1773492879078178,0.1445930421291867,fashion_lifestyle_elite
0.1767836067003211,0.1426605941672143,fashion_lifestyle_elite
0.1891775470704513,0.1426605941672143,main_stream
0.2607319139393088,0.1426605941672143,trendy
0.1747982984676058,0.1426605941672143,fashion_lifestyle_elite
0.2941998001005543,0.1426605941672143,fashion_lifestyle_elite
0.5292573530840707,0.1670085731171997,trendy
0.1482157293888495,0.1670085731171997,main_stream
0.1546230219088944,0.1670085731171997,main_stream
0.2837969561968371,0.1670085731171997,trendy
0.1775415676043028,0.001125905548605,trendy
0.0966471751706306,0.001125905548605,trendy
0.280390900528974,0.001125905548605,fashion_lifestyle_elite
0.1633949401774717,0.001125905548605,main_stream
0.1267818980674358,0.001125905548605,main_stream
0.2123424705040689,0.001125905548605,main_stream
0.1601255172812679,0.001125905548605,fashion_lifestyle_elite
0.1219485312589298,0.001125905548605,main_stream
0.1674115577378389,0.0557642706190884,trendy
0.2248526171544614,0.0557642706190884,main_stream
0.1945298907223545,0.0557642706190884,main_stream
0.0517481737286707,0.0557642706190884,trendy
0.3292985394610163,0.0557642706190884,main_stream
0.2840318364404249,0.0557642706190884,main_stream
0.1672449202585962,0.0557642706190884,main_stream
0.0772914966350926,0.0831593898771009,trendy
0.1803808728669431,0.0831593898771009,main_stream
0.1280188986641213,0.0831593898771009,fashion_lifestyle_elite
0.1112977898394952,0.0831593898771009,main_stream
0.2444015165018815,0.0831593898771009,trendy
0.1846806827233698,0.0831593898771009,trendy
0.1543316542485235,0.0831593898771009,trendy
0.0731538230628104,0.1235625666459645,main_stream
0.0918744503277962,0.1235625666459645,fashion_lifestyle_elite
0.0780920058274245,0.1235625666459645,main_stream
0.1489186152605604,0.1235625666459645,main_stream
0.1119904561013208,0.1235625666459645,trendy
0.1391431457016951,0.1235625666459645,main_stream
0.1468610803610426,0.1235625666459645,main_stream
0.5952324608337831,0.0980371236974789,main_stream
0.2695887051190835,0.0980371236974789,main_stream
0.1590629926115345,0.0980371236974789,main_stream
0.152115820532997,0.0980371236974789,fashion_lifestyle_elite
0.1761266367096977,0.1720226239972262,main_stream
0.1053434451200969,0.1720226239972262,trendy
0.3223696297214158,0.1720226239972262,main_stream
0.1092047805403186,0.1720226239972262,trendy
0.0602974600028035,0.1720226239972262,main_stream
0.2235178535326594,0.1720226239972262,fashion_lifestyle_elite
0.1403987880367323,0.1720226239972262,fashion_lifestyle_elite
0.1352837266953843,0.1539454554094384,main_stream
0.169481228102003,0.1539454554094384,main_stream
0.1675057129685196,0.1539454554094384,main_stream
0.282167174142726,0.1539454554094384,main_stream
0.1088149066382961,0.1539454554094384,fashion_lifestyle_elite
0.185532399530982,0.1539454554094384,fashion_lifestyle_elite
0.1966660170235764,0.5461402943319775,main_stream
0.2448894457584625,0.5461402943319775,trendy
0.0388616592647411,0.1531137969562516,fashion_lifestyle_elite
0.2619679827926811,0.1531137969562516,main_stream
0.2195677609624598,0.1531137969562516,main_stream
0.2477431786300223,0.1383726974968538,trendy
0.06891089160658,0.1383726974968538,fashion_lifestyle_elite
0.1518671172990836,0.1681622744056686,trendy
0.1105240957359554,0.1681622744056686,main_stream
0.1756061861888625,0.1681622744056686,main_stream
0.2720187851247618,0.2199863392544302,trendy
0.2761086055315638,0.2199863392544302,main_stream
0.2138015605149683,0.2199863392544302,trendy
0.357657694795976,0.2199863392544302,fashion_lifestyle_elite
0.2464962011019743,0.0747523686761679,fashion_lifestyle_elite
0.1974142548198986,0.0747523686761679,main_stream
0.2449711662452227,0.0747523686761679,main_stream
0.1078135975546371,0.0747523686761679,fashion_lifestyle_elite
0.2130118622345531,0.152465830490673,main_stream
0.1825131530362898,0.152465830490673,main_stream
0.2590290694848743,0.152465830490673,main_stream
0.1851839940369148,0.152465830490673,trendy
0.2641127644097037,0.152465830490673,trendy
0.1969736081637895,0.152465830490673,trendy
0.1259154326555024,0.1494719186594615,main_stream
0.0911453449902746,0.1494719186594615,main_stream
0.1512629201713763,0.1494719186594615,fashion_lifestyle_elite
0.1360917327155307,0.1494719186594615,fashion_lifestyle_elite
0.2803642521596249,0.139456116537907,main_stream
0.2418104564083547,0.139456116537907,trendy
0.0420642906749301,0.139456116537907,main_stream
0.1868346709446599,0.139456116537907,main_stream
0.1807669523810813,0.139456116537907,main_stream
0.2530208676725805,0.1854609975509487,main_stream
0.0986447569552188,0.1854609975509487,fashion_lifestyle_elite
0.1468195439527802,0.1854609975509487,trendy
0.0760547779507208,0.1511742269793533,trendy
0.1788450776013067,0.1511742269793533,main_stream
0.1458395728874882,0.1511742269793533,main_stream
0.1605105578982777,0.1511742269793533,main_stream
0.0679829057981377,0.1511742269793533,fashion_lifestyle_elite
0.2515074804201272,0.0749682312251676,fashion_lifestyle_elite
0.2734262134404625,0.0749682312251676,trendy
0.3102732989768405,0.0749682312251676,main_stream
0.2921155644181251,0.0749682312251676,main_stream
0.1121399243652258,0.0749682312251676,main_stream
0.4246450103092592,0.0749682312251676,main_stream
0.2911681026152813,0.0749682312251676,main_stream
0.2151520323844795,0.1950056106528565,main_stream
0.16059470378083,0.1950056106528565,trendy
0.1634317027937861,0.1950056106528565,main_stream
0.0980085795398179,0.1950056106528565,trendy
0.3858210257707452,0.1548787663565648,trendy
0.2058320344153298,0.1548787663565648,main_stream
0.2711900837219803,0.1548787663565648,fashion_lifestyle_elite
0.2518037643669209,0.1551532288930513,fashion_lifestyle_elite
0.13299390264332,0.1551532288930513,main_stream
0.130678325350513,0.1686773699150905,main_stream
0.2388824561964639,0.1686773699150905,main_stream
0.2195087259663117,0.1686773699150905,main_stream
0.1210883563502411,0.0,main_stream
0.1692074420239947,0.0,main_stream
0.2430379593761202,0.1374621531704169,main_stream
0.2546369592165247,0.1374621531704169,main_stream
0.329528897129438,0.1374621531704169,main_stream
0.3460185730211388,0.1374621531704169,fashion_lifestyle_elite
0.6410386077185586,0.1374621531704169,main_stream
0.2963472288109736,0.1485111097897797,trendy
0.1489178742340098,0.1485111097897797,main_stream
0.2367745572414747,0.1485111097897797,main_stream
0.1089282947097458,0.1485111097897797,main_stream
0.123794178599399,0.1799150572722331,fashion_lifestyle_elite
0.2680799970993799,0.1799150572722331,main_stream
0.2027808990054775,0.0637964386397128,main_stream
0.151822279198504,0.0637964386397128,main_stream
0.3426047111463347,0.0637964386397128,main_stream
0.2128126413423328,0.0637964386397128,fashion_lifestyle_elite
0.1704821999784983,0.0637964386397128,main_stream
0.3057963621060321,0.0637964386397128,fashion_lifestyle_elite
0.1081572862848984,0.0637964386397128,main_stream
0.2938690544320509,0.0637964386397128,fashion_lifestyle_elite
0.1479493639378539,0.0637964386397128,main_stream
0.263343401589367,0.0649003969306502,main_stream
0.2001758556124037,0.0649003969306502,main_stream
0.1732920647628758,0.0649003969306502,main_stream
0.1526934150086986,0.1709354111867113,trendy
0.5197726922693968,0.1709354111867113,trendy
0.0566317264232061,0.1709354111867113,main_stream
0.2015196705993412,0.2425020197512934,trendy
0.2586701745233608,0.2425020197512934,main_stream
0.1673075823091164,0.2425020197512934,fashion_lifestyle_elite
0.1391312063965696,0.2425020197512934,fashion_lifestyle_elite
0.2732923913606361,0.2425020197512934,fashion_lifestyle_elite
0.1812660171945057,0.2425020197512934,main_stream
0.2608324879834195,0.2425020197512934,fashion_lifestyle_elite
0.2236136912070749,0.1690755221102276,main_stream
0.4247824210033743,0.1690755221102276,trendy
0.293060003711483,0.1690755221102276,trendy
0.0579788495622264,0.1690755221102276,fashion_lifestyle_elite
0.068436435877303,0.1506253473337454,main_stream
0.1213269126318958,0.1506253473337454,main_stream
0.1070588012189789,0.1506253473337454,trendy
0.1389911916587373,0.1506253473337454,fashion_lifestyle_elite
0.2309432619117172,0.318138910705981,fashion_lifestyle_elite
0.3473629437812413,0.318138910705981,trendy
0.2692273680946002,0.318138910705981,trendy
0.261508067801496,0.318138910705981,main_stream
0.1478040203589539,0.1191365174961216,fashion_lifestyle_elite
0.1942120709124064,0.1191365174961216,main_stream
0.2199394606326408,0.1451848785277005,main_stream
0.1122199296944075,0.1451848785277005,trendy
0.089412573993881,0.1443376326846527,main_stream
0.1714135363996723,0.1443376326846527,main_stream
0.2604633176550174,0.2329452992051675,trendy
0.1160526570654392,0.2329452992051675,main_stream
0.2852348722288917,0.2329452992051675,trendy
0.2278470814993808,0.2158628362537528,main_stream
0.146024599432287,0.2158628362537528,main_stream
0.1937551964352683,0.2158628362537528,main_stream
0.1954165503516824,0.1276292618422398,main_stream
0.1877987211166719,0.1276292618422398,main_stream
0.0912305787862812,0.1276292618422398,trendy
0.2912737694166774,0.1526434152236312,main_stream
0.2976055672925696,0.1526434152236312,main_stream
0.1655040623516024,0.1526434152236312,main_stream
0.1337423052994794,0.1526434152236312,trendy
0.1088509774388535,0.1526434152236312,fashion_lifestyle_elite
0.1730346469955109,0.0425361694170773,main_stream
0.1277018384253006,0.0425361694170773,main_stream
0.140180759110544,0.0425361694170773,fashion_lifestyle_elite
0.1159103752259142,0.0425361694170773,fashion_lifestyle_elite
0.1427525534233784,0.0425361694170773,main_stream
0.1602910732414399,0.0425361694170773,main_stream
0.1020174701721345,0.0425361694170773,main_stream
0.0735422056270863,0.1296679059102464,main_stream
0.0928099411829949,0.1296679059102464,main_stream
0.1093358267360543,0.1296679059102464,main_stream
0.1779552374600843,0.0617886115852369,trendy
0.0652163988605111,0.0617886115852369,fashion_lifestyle_elite
0.1205662663655812,0.0617886115852369,main_stream
0.1086972041363067,0.0617886115852369,main_stream
0.4119553205932443,0.0617886115852369,trendy
0.1776980226880229,0.3075352225471531,fashion_lifestyle_elite
0.2842096727368317,0.3075352225471531,main_stream
0.0276934652315622,0.3075352225471531,main_stream
0.2527701785974189,0.3075352225471531,main_stream
0.0717062027979107,0.3075352225471531,main_stream
0.2708286616781139,0.3075352225471531,trendy
0.119996116700224,0.3075352225471531,main_stream
0.2434950692921753,0.3075352225471531,trendy
0.1285217551356618,0.2161640892846206,main_stream
0.3306346444521829,0.2161640892846206,fashion_lifestyle_elite
0.1063722913460068,0.2161640892846206,main_stream
0.2911492444735649,0.2161640892846206,main_stream
0.1508119997382148,0.2161640892846206,fashion_lifestyle_elite
0.2586040122235806,0.2161640892846206,trendy
0.3105690398859449,0.2161640892846206,main_stream
0.0703260539847734,0.114870432790223,trendy
0.1682484855502557,0.114870432790223,fashion_lifestyle_elite
0.1604208690120473,0.114870432790223,main_stream
0.2928368807066032,0.114870432790223,main_stream
0.1254774214493404,0.0566695811971027,main_stream
0.1375632882286438,0.0566695811971027,main_stream
0.1183213973630397,0.0566695811971027,fashion_lifestyle_elite
0.3055044151333612,0.0566695811971027,fashion_lifestyle_elite
0.1967676403758004,0.1619843922429401,main_stream
0.217290354121786,0.1619843922429401,trendy
0.1803530797661757,0.1619843922429401,main_stream
0.0768828663480346,0.1704302173440479,fashion_lifestyle_elite
0.2203044577306036,0.1704302173440479,main_stream
0.1356522174145709,0.1704302173440479,trendy
0.1863874052711482,0.1704302173440479,main_stream
0.1633039490765727,0.1103541675516275,main_stream
0.2098003386864973,0.1103541675516275,main_stream
0.2365589102691433,0.1103541675516275,fashion_lifestyle_elite
0.2544040225423763,0.1103541675516275,fashion_lifestyle_elite
0.1457795719063937,0.1498993309638758,main_stream
0.2633037901273607,0.1498993309638758,main_stream
0.1598703885407061,0.1498993309638758,fashion_lifestyle_elite
0.2220802316511644,0.1618177029910152,main_stream
0.2076814382991593,0.1618177029910152,main_stream
0.133385735647224,0.1618177029910152,main_stream
0.1418590069270691,0.1618177029910152,main_stream
0.3061427567404508,0.1618177029910152,trendy
0.1778398596712706,0.0356130485398963,trendy
0.1088190439207333,0.0356130485398963,trendy
0.1376915913100981,0.0356130485398963,fashion_lifestyle_elite
0.0805472173480135,0.0591268200310704,main_stream
0.1119471333160017,0.0591268200310704,main_stream
0.0550998593655988,0.0591268200310704,trendy
0.132079711497506,0.0591268200310704,main_stream
0.0962601201626184,0.0591268200310704,main_stream
0.1340708423190334,0.0591268200310704,fashion_lifestyle_elite
0.057307448455772,0.0240014401823783,main_stream
0.1450625585507858,0.0240014401823783,trendy
0.1911308810737574,0.0240014401823783,trendy
0.0195001378415859,0.0240014401823783,main_stream
0.1617717636793209,0.0240014401823783,main_stream
0.0572347217641606,0.0240014401823783,trendy
0.0759415369224354,0.0240014401823783,main_stream
0.1256690496245716,0.1246020673573934,trendy
0.3662362229409271,0.1246020673573934,fashion_lifestyle_elite
0.1220901000336243,0.1246020673573934,main_stream
0.1154910425674138,0.1246020673573934,trendy
0.0445840098910722,0.1445135321485053,main_stream
0.1650131324762886,0.1445135321485053,main_stream
0.2778677433895948,0.1445135321485053,main_stream
0.1596776657026208,0.1445135321485053,main_stream
0.1497767791756551,0.1445135321485053,main_stream
0.2708137946803935,0.1445135321485053,main_stream
0.2363585007527226,0.1445135321485053,main_stream
0.0308083711735661,0.1583462836612345,main_stream
0.1316186204531601,0.1583462836612345,fashion_lifestyle_elite
0.1046588457856459,0.1583462836612345,trendy
0.1570673352116324,0.1583462836612345,fashion_lifestyle_elite
0.1803380899625578,0.1583462836612345,fashion_lifestyle_elite
0.1731890039428699,0.1998115503388734,main_stream
0.2904585674168904,0.1998115503388734,fashion_lifestyle_elite
0.1107124150932697,0.1998115503388734,main_stream
0.1531665394909136,0.1998115503388734,main_stream
0.3167113483038751,0.1998115503388734,main_stream
0.2530175736394376,0.1425176911515435,fashion_lifestyle_elite
0.1919049087242387,0.1425176911515435,fashion_lifestyle_elite
0.0999370320865988,0.1629839055106641,main_stream
0.1634993169138728,0.1629839055106641,main_stream
0.3150955959232606,0.1629839055106641,fashion_lifestyle_elite
0.1758592917859053,0.1629839055106641,trendy
0.0923012612698357,0.2500471637684491,main_stream
0.2153545056016612,0.2500471637684491,main_stream
0.2784996545743433,0.014404173814327,trendy
0.0757332542933381,0.014404173814327,main_stream
0.2274145830931163,0.014404173814327,main_stream
0.2316898013154991,0.014404173814327,main_stream
0.2649304584678607,0.014404173814327,trendy
0.06823169353951,0.1390434079021486,trendy
0.1003868338189168,0.1390434079021486,trendy
0.202344875996657,0.1390434079021486,trendy
0.319499758551145,0.1390434079021486,fashion_lifestyle_elite
0.146984717020833,0.1090627870217315,trendy
0.2209247525726277,0.1090627870217315,fashion_lifestyle_elite
0.2597908772001485,0.1090627870217315,trendy
0.4559248235334718,0.1090627870217315,trendy
0.2004633785714549,0.1772712680557274,trendy
0.1628173928737575,0.1772712680557274,main_stream
0.1655658609402056,0.1772712680557274,trendy
0.2053447897099696,0.1772712680557274,main_stream
0.1857346898452776,0.1772712680557274,main_stream
0.1540063662814829,0.125753357857127,main_stream
0.1426107419731622,0.125753357857127,trendy
0.1134846112195596,0.125753357857127,main_stream
0.2847533739146719,0.125753357857127,fashion_lifestyle_elite
0.0610341724503121,0.125753357857127,main_stream
0.2357683412342799,0.1802201813303806,fashion_lifestyle_elite
0.2472488377347489,0.1802201813303806,main_stream
0.0953191088002795,0.1802201813303806,trendy
0.2020369029186028,0.1802201813303806,trendy
0.3240855954891514,0.5025423865729955,main_stream
0.2898765243044318,0.5025423865729955,main_stream
0.1132642879223243,0.1655166036275599,main_stream
0.233396208821152,0.1655166036275599,main_stream
0.259615252572202,0.1768407344249059,fashion_lifestyle_elite
0.0548628778655346,0.1768407344249059,main_stream
0.0675048697304132,0.1768407344249059,main_stream
0.1817020012267808,0.1862039021950845,fashion_lifestyle_elite
0.1748720339984727,0.1862039021950845,fashion_lifestyle_elite
0.2649388185628589,0.1862039021950845,fashion_lifestyle_elite
0.2529221072786986,0.2716352454399651,main_stream
0.1153387156764213,0.1255330470995889,trendy
0.1973228375099729,0.1255330470995889,main_stream
0.0606920810697078,0.1255330470995889,main_stream
0.3459992348146158,0.1830240444072912,main_stream
0.0966573808032376,0.1830240444072912,trendy
0.1960127592416534,0.1830240444072912,main_stream
0.1954123489638679,0.1830240444072912,main_stream
0.151798806870909,0.1830240444072912,trendy
0.0290989992532599,0.194087540389108,main_stream
0.1898878594081234,0.194087540389108,main_stream
0.1126420121288302,0.194087540389108,main_stream
0.1085434804885986,0.1677947498017686,main_stream
0.2014713614049094,0.1677947498017686,fashion_lifestyle_elite
0.3025240197476492,0.1677947498017686,main_stream
0.2107700049800889,0.2020144047847041,fashion_lifestyle_elite
0.2549665129928871,0.2020144047847041,fashion_lifestyle_elite
0.1478669978588363,0.2020144047847041,main_stream
0.2110249094818971,0.2020144047847041,trendy
0.0877983847768399,0.2096670127179246,main_stream
0.1577085215535602,0.2096670127179246,main_stream
0.1456905939007445,0.2096670127179246,main_stream
0.1080256445630983,0.0684099988243336,trendy
0.171931317148157,0.0684099988243336,fashion_lifestyle_elite
0.204661406942069,0.138875177357654,trendy
0.3285867979420411,0.138875177357654,fashion_lifestyle_elite
0.2143711936761244,0.138875177357654,main_stream
0.1163871397937284,0.138875177357654,main_stream
0.151048728292199,0.138875177357654,trendy
0.2067969085858872,0.081512908404024,trendy
0.1301231964607923,0.081512908404024,fashion_lifestyle_elite
0.2175919798008102,0.081512908404024,main_stream
0.163849301705985,0.081512908404024,trendy
0.0955165637920277,0.1894850080835164,main_stream
0.0800294623908827,0.1894850080835164,main_stream
0.3087002538760728,0.1894850080835164,fashion_lifestyle_elite
0.0770289291154588,0.2015775286225752,trendy
0.1507835968875194,0.2015775286225752,fashion_lifestyle_elite
0.217854495959131,0.072401691865091,trendy
0.0719673257882514,0.072401691865091,fashion_lifestyle_elite
0.2314098999767008,0.072401691865091,main_stream
0.1114247120765408,0.072401691865091,main_stream
0.3300509868292293,0.072401691865091,fashion_lifestyle_elite
0.1846080361849931,0.0830554100549429,trendy
0.3075090479343889,0.0830554100549429,main_stream
0.1489047635406987,0.0830554100549429,fashion_lifestyle_elite
0.1966790610880824,0.0830554100549429,fashion_lifestyle_elite
0.2756880341719593,0.0830554100549429,main_stream
0.1250058793636992,0.162547510613508,main_stream
0.1831749536452922,0.0960232472841175,trendy
0.0654099460816501,0.0960232472841175,fashion_lifestyle_elite
0.1639691894661166,0.0960232472841175,main_stream
0.0825904728454092,0.0960232472841175,main_stream
0.1409953024874988,0.0960232472841175,fashion_lifestyle_elite
0.1128229051288546,0.1791448155406413,main_stream
0.2105432536214405,0.1791448155406413,main_stream
0.187052472476811,0.2375433311630354,trendy
0.1455074186820565,0.2375433311630354,main_stream
0.2809981794804165,0.150325322333491,trendy
0.0795886063519797,0.2819685996914699,main_stream
0.097397011427297,0.2819685996914699,main_stream
0.0916522687285715,0.1998913183848374,trendy
0.1606293794252242,0.1998913183848374,main_stream
0.1789125993643143,0.1998913183848374,main_stream
0.1856995367675623,0.3689708803025947,trendy
0.0943211532626109,0.3689708803025947,fashion_lifestyle_elite
0.1384032546680677,0.3689708803025947,trendy
0.1961252148082137,0.3689708803025947,main_stream
0.1338290971782267,0.1497126976376008,trendy
0.2135021727663383,0.1497126976376008,main_stream
0.2084350792509059,0.1497126976376008,fashion_lifestyle_elite
0.2416747044521545,0.1723236275812945,main_stream
0.2178118978569189,0.1723236275812945,fashion_lifestyle_elite
0.1378802608843042,0.1723236275812945,main_stream
0.0643483002247692,0.1627081596442647,main_stream
0.2507264893347823,0.1627081596442647,fashion_lifestyle_elite
0.2601928505971262,0.1581462806774442,trendy
0.2238704042409392,0.1581462806774442,main_stream
0.208176714993542,0.1581462806774442,fashion_lifestyle_elite
0.1564243869512145,0.0734868491302045,main_stream
0.1746499442007253,0.2523265110678311,main_stream
0.0947161245078538,0.1647764459946425,trendy
0.2301672485031118,0.1647764459946425,fashion_lifestyle_elite
0.0894097689194057,0.2228962166805619,main_stream
0.1377566594676816,0.2228962166805619,trendy
0.2732370020447182,0.2228962166805619,trendy
0.1106605808837336,0.2228962166805619,fashion_lifestyle_elite
0.1273201734564955,0.2228962166805619,main_stream
0.1878725335815287,0.1394759008588058,main_stream
0.0923147441352258,0.1394759008588058,main_stream
0.1378889614948542,0.1394759008588058,trendy
0.1748035086875229,0.1394759008588058,fashion_lifestyle_elite
0.1545200798099919,0.1394759008588058,main_stream
0.2465988199930605,0.1394759008588058,main_stream
0.1951586843818583,0.1592313489240116,trendy
0.1058849256574904,0.1592313489240116,main_stream
0.1165502596975459,0.0876759261815059,trendy
0.1742736695919304,0.0876759261815059,main_stream
0.1229857490869218,0.0876759261815059,main_stream
0.2611841491206672,0.0876759261815059,trendy
0.2042287978519514,0.1313251101049952,main_stream
0.130049641081407,0.1313251101049952,main_stream
0.2232347392555943,0.1313251101049952,main_stream
0.2453459038464962,0.1608809896471669,trendy
0.3308217335086559,0.1608809896471669,fashion_lifestyle_elite
0.0773715800007848,0.2237928195473509,trendy
0.1273923662937622,0.2237928195473509,trendy
0.1080417042078848,0.2237928195473509,fashion_lifestyle_elite
0.0990870424115347,0.1715853358801695,main_stream
0.1630770023807549,0.2277301121245615,main_stream
0.1257022514079475,0.2277301121245615,main_stream
0.1670606133894044,0.2277301121245615,main_stream
0.1350320283416654,0.1259264245079209,main_stream
0.1180516412303978,0.1259264245079209,fashion_lifestyle_elite
0.1546579464267396,0.1259264245079209,main_stream
0.1526203476294449,0.1550001778834963,main_stream
0.3007659395861904,0.1550001778834963,main_stream
0.050484206816031,0.1550001778834963,main_stream
0.1868075891581812,0.1515093530145284,main_stream
0.0817709752275925,0.1515093530145284,fashion_lifestyle_elite
0.2177820547502114,0.1509858616907679,fashion_lifestyle_elite
0.29562028277725,0.1509858616907679,trendy
0.154557252279026,0.2017294796382035,trendy
0.1810114393843272,0.2017294796382035,main_stream
0.1781774232554183,0.2017294796382035,main_stream
0.1697827056979349,0.1675886707491535,main_stream
0.1179006692620049,0.1675886707491535,trendy
0.2662766677068073,0.1609244980831429,fashion_lifestyle_elite
0.2608268321697355,0.2666365611382509,main_stream
0.3124644898251689,0.2367170720739967,fashion_lifestyle_elite
0.1982169199146198,0.2436273648781626,fashion_lifestyle_elite
0.2279788466265767,0.1621617913482062,main_stream
0.1812173319575307,0.2021616204260338,main_stream
0.3242011154122423,0.2026816952670432,fashion_lifestyle_elite
0.0265207092210088,0.2026816952670432,main_stream
0.1670991384323817,0.2026816952670432,main_stream
0.419597458593712,0.6735274270787431,fashion_lifestyle_elite
