size_dog,eye_circularity,skull_circularity,ear_size,eyes_distance,ear_form,hair_tone,nose_elongatedness,weight_dog,muzzle_form,skin_tone_main,skin_pattern_complexity,body_length,tail_length,hair_curlness,hair_length,leg_front_number,leg_back_number,breuni_class,index
95.0,48.0,83.0,178.0,72.0,10.0,162.0,42.0,20.0,159.0,176.0,379.0,184.0,70.0,6.0,16.0,187.0,197.0,fashion_lifestyle_elite,0
91.0,41.0,84.0,141.0,57.0,9.0,149.0,45.0,19.0,143.0,170.0,330.0,158.0,72.0,9.0,14.0,189.0,199.0,fashion_lifestyle_elite,1
104.0,50.0,106.0,209.0,66.0,10.0,207.0,32.0,23.0,158.0,223.0,635.0,220.0,73.0,14.0,9.0,188.0,196.0,main_stream,2
93.0,41.0,82.0,159.0,63.0,9.0,144.0,46.0,19.0,143.0,160.0,309.0,127.0,63.0,6.0,10.0,199.0,207.0,fashion_lifestyle_elite,3
85.0,44.0,70.0,205.0,103.0,52.0,149.0,45.0,19.0,144.0,241.0,325.0,188.0,127.0,9.0,11.0,180.0,183.0,trendy,4
107.0,56.6,106.0,172.0,50.0,6.0,255.0,26.0,28.0,169.0,280.0,957.0,264.0,85.0,5.0,9.0,181.0,183.0,trendy,5
97.0,43.0,73.0,173.0,65.0,6.0,153.0,42.0,19.0,143.0,176.0,361.0,172.0,66.0,13.0,1.0,200.0,204.0,trendy,6
90.0,43.0,66.0,157.0,65.0,9.0,137.0,48.0,18.0,146.0,162.0,281.0,164.0,67.0,3.0,3.0,193.0,202.0,fashion_lifestyle_elite,7
86.0,34.0,62.0,140.0,61.0,7.0,122.0,54.0,17.0,127.0,141.0,223.0,112.0,64.0,2.0,14.0,200.0,208.0,fashion_lifestyle_elite,8
93.0,44.0,98.0,194.8,62.0,11.0,183.0,36.0,22.0,146.0,202.0,505.0,152.0,64.0,4.0,14.0,195.0,204.0,main_stream,9
86.0,36.0,70.0,143.0,61.0,9.0,133.0,50.0,18.0,130.0,153.0,266.0,127.0,66.0,2.0,10.0,194.0,202.0,fashion_lifestyle_elite,10
90.0,34.0,66.0,136.0,55.0,6.0,123.0,54.0,17.0,118.0,148.0,224.0,118.0,65.0,5.0,26.0,196.0,202.0,main_stream,11
88.0,46.0,74.0,171.0,68.0,6.0,152.0,43.0,19.0,148.0,180.0,349.0,192.0,71.0,5.0,11.0,189.0,195.0,trendy,12
89.0,42.0,85.0,144.0,58.0,10.0,152.0,44.0,19.0,144.0,173.0,345.0,161.0,72.0,8.0,13.0,187.0,197.0,fashion_lifestyle_elite,13
94.0,49.0,79.0,203.0,71.0,5.0,174.0,37.0,21.0,154.0,196.0,465.0,206.0,71.0,6.0,2.0,197.0,199.0,trendy,14
96.0,55.0,103.0,201.0,65.0,9.0,204.0,32.0,23.0,166.0,227.0,624.0,246.0,74.0,6.0,2.0,186.0,194.0,main_stream,15
89.0,36.0,51.0,109.0,52.0,6.0,118.0,57.0,17.0,129.0,137.0,206.0,125.0,80.0,2.0,14.0,181.0,185.0,fashion_lifestyle_elite,16
99.0,41.0,77.0,197.0,69.0,6.0,177.0,36.0,21.0,139.0,202.0,485.0,151.0,72.0,4.0,10.0,198.0,199.0,trendy,17
104.0,54.0,100.0,186.0,61.0,10.0,216.0,31.0,24.0,173.0,225.0,686.0,220.0,74.0,5.0,11.0,185.0,195.0,main_stream,18
101.0,56.0,100.0,215.0,67.2,10.0,208.0,32.0,24.0,169.0,227.0,651.0,223.0,74.0,6.0,5.0,186.0,193.0,main_stream,19
84.0,47.0,75.0,153.0,64.0,6.0,154.0,43.0,19.0,145.0,175.0,354.0,184.0,75.0,0.0,3.0,185.0,192.0,trendy,20
84.0,37.0,53.0,121.0,59.0,5.0,123.0,55.0,17.0,125.0,141.0,221.0,133.0,82.0,7.0,1.0,179.0,183.0,fashion_lifestyle_elite,21
94.0,43.0,64.0,173.0,69.0,7.0,150.0,43.0,19.0,142.0,169.0,344.0,177.0,68.0,9.0,1.0,199.0,206.0,trendy,22
87.0,39.0,70.0,148.0,61.0,7.0,143.0,46.0,18.0,136.0,164.0,307.0,141.0,69.0,1.0,2.0,192.0,199.0,trendy,23
99.0,53.0,105.0,219.0,66.0,11.0,204.0,32.0,23.0,165.0,221.0,623.0,224.0,68.0,0.0,6.0,191.0,201.0,main_stream,24
85.0,45.0,80.0,154.0,64.0,9.0,147.0,45.0,19.0,148.0,169.0,324.0,174.0,71.0,1.0,4.0,188.0,199.0,fashion_lifestyle_elite,25
83.0,36.0,54.0,119.0,57.0,6.0,128.0,53.0,18.0,125.0,143.0,238.0,139.0,82.0,6.0,3.0,179.0,183.0,main_stream,26
107.0,54.0,98.0,203.0,65.0,11.0,218.0,31.0,25.0,167.0,229.0,696.0,216.0,72.0,1.0,28.0,187.0,199.0,main_stream,27
102.0,45.0,85.0,193.0,64.0,6.0,192.0,33.0,22.0,146.0,217.0,570.0,163.0,76.0,6.0,7.0,195.0,193.0,trendy,28
80.0,38.0,63.0,129.0,55.0,7.0,146.0,46.0,19.0,130.0,168.0,314.0,158.0,83.0,9.0,20.0,180.0,185.0,main_stream,29
89.0,43.0,85.0,160.0,64.0,11.0,155.0,43.0,19.0,151.0,173.0,356.0,174.0,72.0,5.0,9.0,185.0,196.0,fashion_lifestyle_elite,30
88.0,42.0,77.0,151.0,58.0,8.0,140.0,47.0,18.0,142.0,165.0,293.0,158.0,64.0,10.0,11.0,198.0,205.0,main_stream,31
93.0,35.0,66.0,154.0,59.0,6.0,142.0,46.0,18.0,128.0,162.0,304.0,120.0,64.0,5.0,13.0,197.0,202.0,main_stream,32
101.0,48.0,107.0,222.0,68.0,10.0,208.0,32.0,24.0,154.0,232.0,641.0,204.0,70.0,5.0,38.0,190.0,202.0,main_stream,33
87.0,38.0,85.0,177.0,61.0,8.0,164.0,40.0,20.0,129.0,186.0,402.0,130.0,63.0,1.0,25.0,198.0,205.0,main_stream,34
100.0,46.0,85.0,172.0,67.0,9.0,157.0,43.0,20.0,150.0,170.0,363.0,184.0,67.0,17.0,7.0,192.0,200.0,fashion_lifestyle_elite,35
82.0,44.0,72.0,118.0,52.0,7.0,152.0,44.0,19.0,147.0,174.0,340.0,177.0,82.0,2.0,2.0,180.0,185.0,trendy,36
90.0,48.0,86.0,306.0,126.0,49.0,153.0,44.0,19.0,156.0,272.0,346.0,200.0,118.0,0.0,15.0,185.0,194.0,fashion_lifestyle_elite,37
106.0,53.0,98.0,176.0,54.0,10.0,216.0,31.0,24.0,171.0,235.0,691.0,218.0,74.0,1.0,9.0,187.0,197.0,main_stream,38
81.0,45.0,68.0,169.0,73.0,6.0,151.0,44.0,19.0,146.0,173.0,336.0,186.0,75.0,7.0,0.0,183.0,189.0,trendy,39
95.0,48.0,104.0,214.0,67.0,9.0,205.0,32.0,23.0,151.0,227.0,628.0,202.0,74.0,5.0,9.0,186.0,193.0,main_stream,40
88.0,37.0,51.0,105.0,52.0,5.0,119.0,57.0,17.0,128.0,135.0,207.0,125.0,86.0,8.0,16.0,179.0,183.0,fashion_lifestyle_elite,41
94.0,49.0,87.0,137.0,54.0,11.0,158.0,43.0,20.0,162.0,178.0,366.0,186.0,75.0,5.0,5.0,183.0,194.0,fashion_lifestyle_elite,42
93.0,37.0,76.0,183.0,63.0,8.0,164.0,40.0,20.0,134.0,191.0,405.0,139.0,67.0,4.0,7.0,192.0,197.0,main_stream,43
119.0,54.0,106.0,220.0,65.0,12.0,213.0,31.0,24.0,167.0,223.0,675.0,232.0,66.0,20.0,1.0,192.0,202.0,main_stream,44
93.0,46.0,82.0,145.0,58.0,11.0,159.0,43.0,20.0,160.0,180.0,371.0,189.0,77.0,2.0,4.0,183.0,194.0,fashion_lifestyle_elite,45
91.0,43.0,70.0,133.0,55.0,8.0,130.0,51.0,18.0,146.0,159.0,253.0,156.0,70.0,1.0,8.0,190.0,194.0,fashion_lifestyle_elite,46
85.0,42.0,66.0,122.0,54.0,6.0,148.0,46.0,19.0,141.0,172.0,317.0,174.0,88.0,6.0,14.0,180.0,182.0,trendy,47
89.0,47.0,81.0,147.0,64.0,11.0,156.0,44.0,20.0,163.0,170.0,352.0,188.0,76.0,6.0,13.0,184.0,193.0,fashion_lifestyle_elite,48
91.0,45.0,79.0,176.0,59.0,9.0,163.0,40.0,20.0,148.0,184.0,404.0,179.0,62.0,0.0,10.0,199.0,208.0,main_stream,49
78.0,38.0,63.0,115.0,51.0,6.0,142.0,47.0,19.0,130.0,162.0,299.0,146.0,77.0,2.0,4.0,181.0,185.0,main_stream,50
92.0,38.0,71.0,174.0,66.0,7.0,154.0,43.0,19.0,133.0,181.0,355.0,130.0,70.0,4.0,24.0,189.0,195.0,main_stream,51
98.0,55.0,101.0,228.0,70.0,9.0,210.0,31.0,24.0,168.0,236.0,661.0,245.0,72.0,1.0,6.0,188.0,197.0,main_stream,52
101.0,42.0,62.0,175.0,67.0,6.0,149.0,43.0,19.0,139.0,169.0,341.0,165.0,65.0,7.0,11.0,202.0,209.0,trendy,53
101.0,56.0,104.0,185.0,53.0,6.0,257.0,26.0,28.0,168.0,275.0,956.0,230.0,83.0,5.0,26.0,180.0,184.0,trendy,54
94.0,36.0,66.0,151.0,61.0,8.0,133.0,50.0,18.0,135.0,154.0,265.0,119.0,62.0,9.0,3.0,201.0,208.0,fashion_lifestyle_elite,55
97.0,44.0,96.0,195.0,63.0,9.0,185.0,36.0,22.0,144.0,202.0,512.0,165.0,66.0,4.0,8.0,191.0,199.0,main_stream,56
89.0,47.0,84.0,133.0,55.0,11.0,157.0,44.0,20.0,160.0,169.0,354.0,176.0,74.0,5.0,9.0,182.0,192.0,fashion_lifestyle_elite,57
107.0,53.0,103.0,221.0,66.0,11.0,209.0,32.0,24.0,163.0,222.0,653.0,212.0,66.0,0.0,1.0,191.0,201.0,main_stream,58
85.0,39.0,68.0,119.0,52.0,5.0,128.0,53.0,18.0,135.0,148.0,241.0,142.0,75.0,8.0,8.0,182.0,187.0,fashion_lifestyle_elite,59
103.0,50.0,98.0,212.0,63.0,9.0,193.0,34.0,22.0,161.0,214.0,567.0,185.0,64.0,5.0,5.0,198.0,204.0,main_stream,60
77.0,38.0,63.0,135.0,59.0,5.0,130.0,52.0,18.0,130.0,145.0,247.0,139.0,79.0,13.0,21.0,183.0,187.0,main_stream,61
96.0,40.0,70.0,120.0,50.0,8.0,137.0,50.0,18.0,141.0,162.0,269.0,139.0,80.0,10.0,13.0,183.0,183.0,fashion_lifestyle_elite,62
83.0,42.0,66.0,156.0,67.0,7.0,150.0,45.0,19.0,144.0,174.0,333.0,159.0,78.0,4.0,2.0,182.0,188.0,trendy,63
93.0,45.0,86.0,201.0,69.0,7.0,184.0,35.0,22.0,145.0,203.0,523.0,183.0,72.0,0.0,4.0,194.0,197.0,trendy,64
89.0,41.0,75.0,143.0,56.0,7.0,146.0,46.0,19.0,137.0,170.0,317.0,156.0,76.0,18.0,5.0,184.0,188.0,main_stream,65
81.0,43.0,68.0,125.0,57.0,8.0,149.0,46.0,19.0,146.0,169.0,323.0,172.0,83.0,5.0,18.0,179.0,184.0,trendy,66
98.0,55.0,101.0,219.0,69.0,11.0,225.0,30.0,25.0,178.0,231.0,748.0,216.0,74.0,6.0,14.0,187.0,195.0,main_stream,67
86.0,44.0,78.0,164.0,68.0,9.0,142.0,46.0,18.0,147.0,168.0,305.0,171.0,70.0,1.0,11.0,190.0,201.0,fashion_lifestyle_elite,68
98.0,49.0,84.0,219.0,74.0,7.0,190.0,34.0,22.0,154.0,208.0,558.0,209.0,74.0,4.0,7.0,195.0,195.0,trendy,69
96.0,55.0,98.0,161.0,54.0,10.0,215.0,31.0,24.0,175.0,226.0,683.0,221.0,76.0,3.0,6.0,185.0,193.0,main_stream,70
97.0,59.0,108.0,227.0,70.0,11.0,224.0,30.0,25.0,186.0,225.0,732.0,218.0,70.0,10.0,25.0,186.0,198.0,main_stream,71
92.0,39.0,91.0,191.0,62.0,8.0,176.0,37.0,21.0,137.0,196.0,466.0,151.0,67.0,3.0,23.0,192.0,200.0,main_stream,72
73.0,37.0,53.0,111.0,54.0,6.0,126.0,55.0,18.0,128.0,135.0,227.0,147.0,82.0,1.0,15.0,176.0,184.0,main_stream,73
89.0,42.0,89.0,147.0,61.0,11.0,151.0,44.0,19.0,145.0,170.0,338.0,163.0,72.0,11.0,23.0,187.0,199.0,fashion_lifestyle_elite,74
101.0,53.0,103.0,203.0,63.0,9.0,195.0,34.0,22.0,162.0,210.0,571.0,210.0,68.0,5.0,5.0,191.0,198.0,main_stream,75
91.0,39.0,83.0,170.0,60.0,8.0,172.0,38.0,21.0,134.0,197.0,445.0,152.0,72.0,0.0,10.0,188.0,194.0,main_stream,76
86.0,40.0,62.0,140.0,62.0,7.0,150.0,45.0,19.0,133.0,165.0,330.0,173.0,79.4,2.0,3.0,180.0,185.0,main_stream,77
104.0,52.0,94.0,199.2,66.0,5.0,208.0,31.0,24.0,161.0,227.0,666.0,218.0,76.0,11.0,4.0,193.0,191.0,trendy,78
89.0,44.0,68.0,113.0,50.0,7.0,150.0,45.0,19.0,147.0,171.0,328.0,189.0,88.0,6.0,5.0,179.0,182.0,trendy,79
87.0,46.0,71.0,159.0,66.0,6.0,151.0,44.0,19.0,146.0,175.0,343.0,189.0,73.0,2.0,0.0,186.0,190.0,trendy,80
99.0,51.0,92.0,203.0,65.0,5.0,209.0,31.0,24.0,159.0,232.0,671.0,214.0,78.0,5.0,11.0,191.0,189.0,trendy,81
94.0,36.0,68.0,127.0,54.0,7.0,127.0,52.0,18.0,132.0,155.0,242.0,116.0,66.0,1.0,2.0,195.0,196.0,fashion_lifestyle_elite,82
79.0,40.0,80.0,133.0,55.0,7.0,147.0,47.0,19.0,135.0,172.0,311.0,144.0,76.0,8.0,30.0,181.0,193.0,main_stream,83
89.0,40.0,76.0,188.0,76.0,7.0,150.0,44.0,19.0,136.0,174.0,342.0,148.0,72.0,3.0,8.0,193.0,197.0,trendy,84
110.0,58.0,106.0,180.0,51.0,6.0,261.0,26.0,28.0,171.0,278.0,998.0,257.0,83.0,9.0,13.0,181.0,182.0,trendy,85
89.0,41.0,84.0,141.0,58.0,9.0,149.0,45.0,19.0,145.0,172.0,330.0,162.0,72.0,4.0,18.0,188.0,200.0,fashion_lifestyle_elite,86
86.0,37.0,60.0,115.0,54.0,5.0,119.0,56.0,17.0,132.0,141.0,209.0,129.0,72.0,2.0,8.0,186.0,190.0,fashion_lifestyle_elite,87
91.0,42.0,84.0,209.0,75.0,6.0,171.0,38.0,20.0,138.0,189.0,446.0,161.0,69.0,3.0,12.0,196.0,201.0,trendy,88
80.0,37.0,57.0,116.0,55.0,6.0,125.0,54.0,18.0,125.0,142.0,229.0,132.0,81.0,8.0,5.0,178.0,184.0,main_stream,89
104.0,55.0,107.0,222.0,68.0,11.0,218.0,31.0,24.0,173.0,232.0,703.0,229.0,71.0,3.0,10.0,188.0,199.0,main_stream,90
94.0,38.0,84.0,158.0,55.0,9.0,169.0,39.0,20.0,130.0,196.0,430.0,155.0,69.0,9.0,15.0,190.0,195.0,main_stream,91
104.0,52.0,100.0,191.0,59.0,9.0,197.0,33.0,23.0,158.0,218.0,583.0,234.0,70.0,10.0,10.0,191.0,198.0,main_stream,92
94.0,48.0,87.0,162.0,64.0,10.0,157.0,43.0,20.0,161.0,179.0,363.0,186.0,75.0,4.0,15.0,184.0,195.0,fashion_lifestyle_elite,93
84.0,45.0,66.0,154.0,65.0,6.0,145.0,46.0,19.0,144.0,168.0,312.0,177.0,73.0,2.0,3.0,184.0,188.0,trendy,94
97.0,50.0,108.0,211.0,65.0,10.0,214.0,31.0,24.0,156.0,232.0,683.0,218.0,72.0,7.0,29.0,188.0,197.0,main_stream,95
89.0,42.0,80.0,151.0,62.0,6.0,144.0,46.0,19.0,139.0,166.0,308.0,170.0,74.0,17.0,13.0,185.0,189.0,main_stream,96
86.0,43.0,68.0,152.0,62.0,7.0,150.0,44.0,19.0,142.0,179.0,337.0,164.0,75.0,4.0,9.0,188.0,192.0,trendy,97
95.0,46.0,105.0,219.0,68.0,9.0,201.0,33.0,23.0,148.0,223.0,602.0,201.0,69.0,5.0,38.0,191.0,202.0,main_stream,98
87.0,44.0,65.0,124.0,56.0,6.0,149.0,46.0,19.0,144.0,170.0,321.0,171.0,87.0,4.0,12.0,179.0,182.0,trendy,99
82.0,45.0,66.0,252.0,126.0,52.0,148.0,45.0,19.0,144.0,237.0,326.0,185.0,119.0,1.0,1.0,181.0,185.0,trendy,100
95.0,42.0,85.0,174.0,66.0,9.0,153.0,44.0,19.0,144.0,168.0,347.0,150.0,65.0,11.0,5.0,196.0,204.0,fashion_lifestyle_elite,101
94.0,42.0,68.0,150.0,64.0,7.0,128.0,52.0,18.0,143.0,154.0,246.0,159.0,69.0,14.0,5.0,192.0,196.0,fashion_lifestyle_elite,102
92.0,38.0,60.0,130.0,62.0,5.0,114.0,58.0,17.0,132.0,135.0,194.0,137.0,72.0,14.0,5.0,190.0,194.0,fashion_lifestyle_elite,103
102.0,45.0,83.0,198.0,65.0,5.0,194.0,33.0,22.0,146.0,225.0,576.0,167.0,79.0,0.0,27.0,193.0,191.0,trendy,104
108.0,53.4,103.0,202.0,64.0,10.0,220.0,30.0,25.0,168.0,227.2,711.0,214.0,73.0,11.0,10.4,188.0,199.0,main_stream,105
99.0,46.0,105.0,209.0,64.0,11.0,197.0,34.0,23.0,152.0,212.0,575.0,159.0,65.0,0.0,33.0,194.0,205.0,main_stream,106
85.0,39.0,77.0,151.0,59.0,8.0,150.0,45.0,19.0,134.0,176.0,331.0,133.0,73.0,0.0,16.0,184.0,193.0,main_stream,107
80.0,44.0,68.0,135.0,59.0,8.0,150.0,45.0,19.0,145.0,170.0,329.0,173.0,80.0,7.0,12.0,180.0,185.0,trendy,108
99.0,48.0,79.0,199.0,68.0,6.0,185.0,35.0,22.0,153.0,202.0,524.0,171.0,74.0,5.0,8.0,195.0,195.0,trendy,109
89.0,40.0,77.0,159.0,65.0,9.0,144.0,46.0,19.0,141.0,168.0,314.0,143.0,70.0,0.0,5.0,190.0,200.0,fashion_lifestyle_elite,110
94.0,48.0,83.0,162.0,64.0,10.0,156.0,43.0,19.0,153.0,177.0,357.0,187.0,74.0,4.0,14.0,185.0,196.0,fashion_lifestyle_elite,111
77.0,38.0,75.0,144.0,59.0,6.0,147.0,46.0,19.0,132.0,167.0,315.0,136.0,80.0,16.0,20.0,181.0,187.0,main_stream,112
88.0,35.0,50.0,121.0,58.0,5.0,114.0,59.0,17.0,122.0,132.0,192.0,138.0,74.0,21.0,4.0,182.0,187.0,main_stream,113
93.0,43.0,85.0,133.0,54.0,10.0,155.0,44.0,19.0,153.0,174.0,351.0,165.0,75.0,12.0,13.0,184.0,196.0,fashion_lifestyle_elite,114
95.0,47.0,88.0,162.0,64.0,11.0,159.0,43.0,20.0,157.0,176.0,371.0,185.0,71.0,12.0,13.0,189.0,198.0,fashion_lifestyle_elite,115
100.0,45.0,100.0,209.0,65.0,8.0,201.0,32.0,23.0,147.0,231.0,611.0,189.0,72.0,5.0,5.0,189.0,195.0,main_stream,116
109.0,53.0,109.0,221.0,69.0,12.0,221.0,31.0,25.0,169.0,226.0,712.0,212.0,72.0,13.0,28.0,188.0,201.0,main_stream,117
85.0,43.2,66.6,128.0,56.0,8.0,150.0,46.0,19.0,144.0,168.0,324.0,173.0,82.0,9.0,14.0,180.0,184.0,trendy,118
93.0,49.0,79.0,180.0,65.0,7.0,173.0,37.0,21.0,158.0,189.0,463.0,194.0,70.0,5.0,10.0,197.0,202.0,trendy,119
89.0,37.0,54.0,119.0,53.0,5.0,134.0,50.0,18.0,127.0,151.0,266.0,146.0,79.0,16.0,14.0,184.0,185.0,main_stream,120
90.0,48.0,78.0,142.0,59.0,11.0,160.0,43.0,20.0,160.0,173.0,370.0,185.0,76.0,10.0,11.0,183.0,192.0,fashion_lifestyle_elite,121
92.0,40.0,82.0,163.0,63.0,9.0,146.0,45.0,19.0,140.0,165.0,319.0,137.0,64.0,9.0,0.0,199.0,206.0,fashion_lifestyle_elite,122
90.0,36.0,57.0,130.0,57.0,6.0,121.0,56.0,17.0,127.0,137.0,216.0,132.0,68.0,22.0,23.0,190.0,195.0,main_stream,123
85.0,45.0,71.0,150.0,63.0,8.0,143.0,46.0,19.0,147.0,171.0,307.0,179.0,72.0,2.0,3.0,187.0,196.0,fashion_lifestyle_elite,124
90.0,46.0,80.0,143.0,62.0,11.0,159.0,43.0,20.0,156.0,169.0,366.0,186.0,74.0,17.0,7.0,185.0,193.0,fashion_lifestyle_elite,125
89.0,42.0,70.0,148.0,62.0,7.0,147.0,45.0,19.0,143.0,176.0,323.0,153.0,76.0,2.0,6.0,186.0,189.0,trendy,126
85.0,41.0,66.0,155.0,65.0,22.0,149.0,45.0,19.0,139.0,173.0,330.0,155.0,75.0,6.0,16.0,184.0,191.0,trendy,127
97.0,45.0,88.0,173.0,67.0,10.0,157.0,43.0,20.0,157.0,173.0,365.0,157.0,67.0,8.0,12.0,192.0,200.0,fashion_lifestyle_elite,128
100.0,48.0,95.0,209.0,68.0,7.0,199.0,32.0,23.0,150.0,216.0,605.0,200.0,73.0,7.0,11.0,192.0,194.0,trendy,129
100.0,46.0,104.0,184.0,60.0,9.0,197.0,34.0,23.0,147.0,222.0,578.0,198.0,73.0,13.0,13.0,189.0,197.0,main_stream,130
86.0,36.0,77.0,165.0,60.0,7.0,150.0,45.0,19.0,128.0,174.0,331.0,131.0,66.0,0.0,32.0,196.0,203.0,main_stream,131
97.0,42.0,101.0,186.0,59.0,9.0,186.0,36.0,22.0,138.0,208.0,511.0,168.0,67.0,7.0,41.0,194.0,206.0,main_stream,132
98.0,39.0,68.0,121.0,49.0,7.0,134.0,51.0,18.0,142.0,164.0,261.0,134.0,75.0,4.0,1.0,186.0,186.0,fashion_lifestyle_elite,133
102.0,54.0,100.0,163.0,53.0,10.0,213.0,31.0,24.0,173.0,219.0,669.0,201.0,76.0,12.0,27.0,187.0,195.0,main_stream,134
89.0,47.0,83.0,322.0,133.0,48.0,158.0,43.0,20.0,163.0,229.0,364.0,176.0,97.0,0.0,14.0,184.0,194.0,fashion_lifestyle_elite,135
86.0,48.0,75.0,136.0,58.0,10.0,161.0,43.0,20.0,163.0,170.0,371.0,185.0,75.0,3.0,1.0,183.0,192.0,fashion_lifestyle_elite,136
87.0,42.0,64.0,150.0,64.0,10.0,133.0,50.0,18.0,142.0,157.0,264.0,159.0,67.0,7.0,1.0,193.0,201.0,fashion_lifestyle_elite,137
88.0,37.0,63.0,130.0,58.0,5.0,125.0,54.0,18.0,130.0,141.0,230.0,145.0,74.0,14.0,20.0,184.0,188.0,main_stream,138
91.0,42.0,80.0,162.0,66.0,8.0,148.0,44.0,19.0,145.0,171.0,331.0,147.0,70.0,3.0,5.0,189.0,199.0,fashion_lifestyle_elite,139
90.0,37.0,80.0,171.0,58.0,9.0,157.0,42.0,20.0,132.0,172.0,373.0,115.0,60.0,3.0,18.0,201.0,209.0,main_stream,140
81.0,42.0,63.0,125.0,55.0,8.0,149.0,46.0,19.0,145.0,166.0,320.0,172.0,86.0,2.8,7.0,179.0,182.0,trendy,141
106.0,49.0,107.0,194.0,57.0,11.0,214.0,31.0,24.0,161.0,224.0,670.0,172.0,67.0,0.0,39.0,192.0,206.0,main_stream,142
80.0,43.0,68.0,120.0,54.0,8.0,150.0,45.0,19.0,145.0,171.0,329.0,176.0,85.0,4.0,8.0,179.0,183.0,trendy,143
95.0,45.0,80.0,186.0,62.0,7.0,164.0,40.0,20.0,145.0,188.0,406.0,178.0,65.0,11.0,18.0,199.0,204.0,main_stream,144
103.0,54.0,107.0,218.0,64.0,12.0,222.0,30.0,25.0,174.0,221.0,728.0,199.0,67.0,0.0,18.0,189.0,200.0,main_stream,145
100.0,46.0,85.0,164.0,64.0,11.0,163.0,42.0,20.0,163.0,176.0,387.0,170.0,71.0,18.0,0.0,189.0,196.0,fashion_lifestyle_elite,146
91.0,40.0,76.0,171.0,67.0,7.0,149.0,44.0,19.0,135.0,169.0,332.0,144.0,68.0,4.0,17.0,192.0,200.0,trendy,147
90.0,43.0,72.0,172.0,59.0,8.0,154.0,42.0,19.0,144.0,174.0,360.0,158.0,61.0,15.0,9.0,203.0,209.0,main_stream,148
93.0,36.0,64.0,165.0,69.0,8.0,136.0,49.0,18.0,136.0,161.0,279.0,127.0,67.0,2.0,29.0,193.0,204.0,fashion_lifestyle_elite,149
104.0,50.0,96.0,211.0,65.0,10.0,187.0,35.0,22.0,156.0,207.0,527.0,195.0,65.0,3.0,7.0,195.0,206.0,main_stream,150
94.0,44.0,84.0,216.0,74.0,6.0,184.0,35.0,22.0,145.0,208.0,525.0,154.0,73.0,4.0,22.0,196.0,197.0,trendy,151
93.0,35.0,72.0,172.0,62.0,7.0,149.0,44.0,19.0,124.0,169.0,334.0,125.0,62.0,5.0,30.0,203.0,210.0,main_stream,152
106.0,49.0,106.0,211.0,64.0,9.0,208.0,32.0,24.0,158.0,224.0,645.0,184.0,68.0,1.0,24.0,190.0,202.0,main_stream,153
89.0,40.0,79.0,154.0,64.0,9.0,144.0,46.0,19.0,139.0,168.0,311.0,149.0,71.0,8.0,7.0,188.0,197.0,fashion_lifestyle_elite,154
110.0,56.0,103.0,223.0,64.0,5.0,250.0,26.0,27.0,169.0,280.0,928.0,239.0,85.0,4.0,6.0,184.0,183.0,trendy,155
85.0,36.0,78.0,149.0,55.0,7.0,147.0,45.0,19.0,128.0,168.0,321.0,134.0,64.0,10.0,24.0,197.0,203.0,main_stream,156
93.0,42.0,70.0,131.0,56.0,7.0,127.0,53.0,18.0,145.0,156.0,240.0,152.0,74.0,5.0,4.0,189.0,190.0,fashion_lifestyle_elite,157
87.0,39.0,74.0,152.0,58.0,6.0,151.0,44.0,19.0,136.0,174.0,337.0,140.0,70.0,1.0,33.0,187.0,196.0,main_stream,158
91.0,45.0,75.0,159.6,57.0,6.0,150.0,44.0,19.0,146.0,170.0,335.0,180.0,66.0,16.0,2.0,193.0,198.0,main_stream,159
82.0,38.0,53.0,125.0,59.0,5.0,133.0,51.0,18.0,128.0,152.0,259.0,146.0,87.0,0.0,0.0,177.0,183.0,main_stream,160
107.0,52.0,101.0,218.0,64.0,11.0,202.0,33.0,23.0,164.0,219.0,610.0,192.0,65.0,17.0,2.0,197.0,206.0,main_stream,161
98.0,39.0,81.0,191.0,64.0,9.0,166.0,40.0,20.0,138.0,184.0,415.0,131.0,62.0,8.0,19.0,197.0,205.0,main_stream,162
85.0,40.0,72.0,139.0,59.0,5.0,132.0,50.0,18.0,135.0,159.0,260.0,150.0,68.0,3.0,9.0,191.0,195.0,main_stream,163
98.0,54.0,104.0,186.0,59.0,10.0,213.0,32.0,24.0,172.0,223.0,665.0,217.0,73.0,1.0,26.0,186.0,195.0,main_stream,164
103.0,54.0,91.0,179.0,57.0,11.0,220.0,31.0,25.0,170.0,220.0,707.0,198.0,72.0,1.0,32.0,186.0,198.0,main_stream,165
92.0,36.0,78.0,165.0,57.0,8.0,153.0,43.0,19.0,128.0,169.0,349.0,124.0,60.0,4.0,19.0,203.0,211.0,main_stream,166
110.0,51.0,104.0,191.0,57.0,12.0,213.0,31.0,24.0,162.0,226.0,674.0,190.0,68.0,18.0,2.0,191.0,199.0,main_stream,167
82.0,45.0,68.0,139.0,64.0,6.0,147.0,46.0,19.0,143.0,169.0,320.0,184.0,80.0,0.0,1.0,181.0,184.0,trendy,168
98.0,38.0,70.0,125.0,52.0,8.0,130.0,53.0,18.0,139.0,157.0,243.0,132.0,74.0,0.0,13.0,186.0,185.0,fashion_lifestyle_elite,169
108.0,51.0,103.0,197.0,60.0,11.0,211.0,31.0,24.0,160.0,222.0,661.0,187.0,67.0,7.0,3.0,190.0,200.0,main_stream,170
106.0,54.0,103.0,161.0,47.0,4.0,247.0,27.0,27.0,166.0,266.0,892.0,242.0,85.0,4.0,11.0,181.0,183.0,trendy,171
94.0,45.0,81.0,166.0,67.0,9.0,145.0,46.0,19.0,147.0,164.0,313.0,179.0,66.0,11.0,14.0,194.0,202.0,fashion_lifestyle_elite,172
96.0,49.0,98.0,187.0,59.0,6.0,213.0,31.0,24.0,152.0,228.0,680.0,210.0,77.0,8.0,28.0,188.0,189.0,trendy,173
93.0,48.0,84.0,150.0,63.0,11.0,156.0,44.0,20.0,165.0,171.0,354.0,188.0,73.0,8.0,15.0,185.0,195.0,fashion_lifestyle_elite,174
88.0,40.0,78.0,186.0,73.0,6.0,158.0,41.0,20.0,134.0,185.0,379.0,148.0,73.0,1.0,11.0,193.0,197.0,trendy,175
84.0,39.0,90.0,180.0,60.0,7.0,177.0,37.0,21.0,131.0,209.0,469.0,145.0,71.0,4.0,38.0,190.0,198.0,main_stream,176
89.0,44.0,72.0,160.0,66.0,7.0,144.0,46.0,19.0,147.0,166.0,312.0,169.0,69.0,6.2,1.0,191.0,198.0,trendy,177
93.0,37.0,73.0,174.0,68.0,7.0,151.0,43.0,19.0,131.0,175.0,347.0,135.0,68.0,1.0,22.0,196.0,205.0,trendy,178
89.0,44.0,70.0,137.0,58.0,6.0,136.0,49.0,18.0,146.0,168.0,273.0,166.0,78.0,10.0,3.0,186.0,187.0,fashion_lifestyle_elite,179
102.0,54.0,106.0,221.0,68.0,11.0,207.0,32.0,24.0,164.0,228.0,638.0,238.0,71.0,0.0,26.0,189.0,200.0,main_stream,180
78.0,36.0,60.0,116.0,56.0,6.0,123.0,55.0,17.0,124.0,141.0,221.0,121.0,78.0,3.0,16.0,178.0,185.0,main_stream,181
91.0,42.0,66.0,169.0,66.0,7.0,145.0,44.0,19.0,140.0,169.0,325.0,159.0,67.0,4.0,0.0,201.0,207.0,trendy,182
84.0,35.0,53.0,122.0,57.0,4.0,116.0,59.0,17.0,123.0,135.0,196.0,128.0,76.0,10.0,27.0,183.0,190.0,main_stream,183
103.0,46.0,106.0,209.0,66.0,10.0,203.0,33.0,23.0,149.0,217.0,612.0,210.0,70.0,9.0,10.0,191.0,199.0,main_stream,184
100.0,41.0,75.0,205.0,71.0,5.0,176.0,36.0,21.0,138.0,204.0,479.0,151.0,72.0,7.0,19.0,197.0,197.0,trendy,185
91.0,42.0,81.0,193.0,69.0,5.0,169.0,38.0,20.0,137.0,184.0,434.0,156.0,68.0,3.0,23.0,198.0,204.0,trendy,186
98.0,45.0,76.0,166.0,60.0,7.0,157.0,42.0,20.0,148.0,184.0,371.0,186.0,69.0,13.0,10.0,190.0,196.0,main_stream,187
101.0,51.0,105.0,212.0,68.0,10.0,209.0,32.0,24.0,162.0,222.0,653.0,224.0,73.0,5.0,23.0,186.0,195.0,main_stream,188
90.0,36.0,78.0,179.0,64.0,8.0,157.0,42.0,19.0,126.0,182.0,367.0,142.0,66.0,1.0,20.0,192.0,198.0,main_stream,189
97.0,48.0,94.0,198.0,63.0,9.0,181.0,36.0,21.0,155.0,200.0,494.0,189.0,64.0,20.0,11.0,199.0,203.0,main_stream,190
87.0,40.0,81.0,162.0,68.0,10.0,146.0,46.0,19.0,139.0,167.0,317.0,157.0,70.0,0.0,13.0,189.0,199.0,fashion_lifestyle_elite,191
93.0,43.0,76.0,149.0,57.0,7.0,149.0,44.0,19.0,143.0,172.0,335.0,176.0,73.0,14.0,0.0,189.0,194.0,main_stream,192
107.0,55.0,98.0,199.0,59.0,7.0,240.0,27.0,26.0,168.0,258.0,866.0,245.0,80.0,3.0,1.0,186.0,184.0,trendy,193
92.0,37.0,86.0,167.0,60.0,7.0,158.0,42.0,20.0,131.0,181.0,373.0,144.0,68.0,9.0,21.0,190.0,196.0,main_stream,194
86.0,43.0,66.0,130.0,56.0,7.0,152.0,44.0,19.0,142.0,177.0,340.0,173.0,81.0,6.0,14.0,181.0,185.0,trendy,195
107.0,56.0,104.0,231.0,71.0,11.0,219.0,31.0,25.0,172.0,226.0,705.0,217.0,71.0,19.0,11.0,189.0,196.0,main_stream,196
82.0,44.0,72.0,150.0,64.0,7.0,154.0,44.0,19.0,144.0,181.0,350.0,177.0,80.0,0.0,16.0,183.0,187.0,trendy,197
81.0,46.0,71.0,130.0,56.0,7.0,153.0,44.0,19.0,149.0,172.0,342.0,191.0,81.0,3.0,14.0,180.0,186.0,trendy,198
82.0,44.0,72.0,136.0,61.0,7.0,147.0,46.0,19.0,143.0,173.0,317.0,183.0,81.0,6.0,17.0,181.0,185.0,trendy,199
93.0,47.0,85.0,163.0,66.0,11.0,156.0,44.0,20.0,158.0,172.0,355.0,178.0,74.0,7.0,15.0,183.0,195.0,fashion_lifestyle_elite,200
90.0,36.0,74.0,171.0,60.0,8.0,157.0,42.0,19.0,128.0,177.0,367.0,123.0,61.0,6.0,21.0,197.0,204.0,main_stream,201
111.0,54.0,103.0,171.0,50.0,11.0,221.0,30.0,25.0,172.0,227.0,727.0,201.0,69.0,15.0,6.0,190.0,198.0,main_stream,202
103.0,55.0,100.0,194.0,62.0,11.0,212.0,31.0,24.0,175.0,217.0,666.0,219.0,73.0,10.0,14.0,187.0,194.0,main_stream,203
89.0,40.0,58.0,137.0,58.0,7.0,122.0,54.0,17.0,140.0,146.0,225.0,150.0,63.0,7.0,4.0,199.0,206.0,fashion_lifestyle_elite,204
87.0,47.0,81.0,149.0,62.0,9.0,147.0,45.0,19.0,152.0,171.0,325.0,181.0,72.0,0.0,6.0,188.0,198.0,fashion_lifestyle_elite,205
92.0,46.0,79.0,176.0,64.0,8.0,162.0,41.0,20.0,149.0,183.0,396.0,178.0,67.0,2.0,10.0,191.0,198.0,main_stream,206
85.0,42.0,65.0,121.0,55.0,7.0,149.0,46.0,19.0,146.0,167.0,323.0,173.4,85.0,1.0,6.0,179.0,182.0,trendy,207
86.0,46.0,70.0,149.0,65.0,8.0,149.0,45.0,19.0,146.0,170.0,331.0,185.0,77.0,6.0,6.0,183.0,188.0,trendy,208
101.0,56.0,100.0,168.0,55.0,11.0,214.0,31.0,24.0,175.0,219.0,681.0,224.0,74.0,2.0,3.0,185.0,192.0,main_stream,209
94.0,39.0,89.0,194.0,62.0,9.0,172.0,38.0,21.0,135.0,191.0,444.0,121.0,63.0,4.0,23.0,201.0,209.0,main_stream,210
86.0,37.0,69.0,150.0,63.0,8.0,138.0,48.0,18.0,134.0,163.0,284.0,124.0,71.0,1.0,6.0,189.0,195.0,fashion_lifestyle_elite,211
90.0,41.0,71.0,169.0,68.0,7.0,150.0,44.0,19.0,138.0,175.0,336.0,157.0,71.0,3.0,18.0,192.0,197.0,trendy,212
104.0,49.0,89.0,168.0,54.0,4.0,212.0,31.0,24.0,153.0,238.0,682.0,198.0,78.0,1.0,23.0,190.0,189.0,trendy,213
89.0,36.0,72.0,141.0,56.0,7.0,138.0,48.0,18.0,126.0,163.0,286.0,130.0,72.0,1.0,1.0,187.0,192.0,main_stream,214
90.0,39.0,86.0,169.0,62.0,7.0,162.0,41.2,20.0,131.0,194.0,388.0,147.0,74.0,1.0,22.0,185.0,191.0,main_stream,215
84.0,44.0,77.0,150.0,59.0,5.0,152.0,44.0,19.0,143.0,175.0,344.0,177.0,77.0,8.0,2.0,183.0,187.0,main_stream,216
104.0,57.0,103.0,216.0,69.0,11.0,219.0,30.0,25.0,176.0,228.0,708.0,219.0,73.0,4.0,3.0,186.0,196.0,main_stream,217
83.0,44.0,68.0,144.0,61.0,8.0,147.0,45.0,19.0,143.0,170.0,325.0,180.0,74.0,1.0,1.0,185.0,191.0,trendy,218
85.0,39.0,57.0,126.0,56.0,6.0,114.0,58.0,17.0,135.0,134.0,195.0,145.0,64.0,17.0,7.0,197.0,202.0,fashion_lifestyle_elite,219
99.0,55.0,101.0,206.0,62.0,13.0,222.0,30.0,25.0,180.0,225.0,722.0,213.0,71.0,2.0,3.0,186.0,196.0,main_stream,220
88.0,44.0,85.0,139.0,56.0,11.0,157.0,43.0,20.0,155.0,176.0,363.0,175.0,76.0,5.0,16.0,184.0,195.0,fashion_lifestyle_elite,221
100.0,50.0,81.0,197.0,66.8,6.0,186.0,34.0,22.0,158.0,206.0,531.0,198.0,74.0,7.0,1.0,197.0,198.0,trendy,222
81.0,44.0,72.0,139.0,60.0,6.0,153.0,44.0,19.0,146.0,180.0,347.0,178.0,81.0,1.0,15.0,182.0,186.0,trendy,223
86.0,41.0,66.0,133.0,56.0,6.0,136.0,49.0,18.0,136.0,155.0,274.0,162.0,74.0,5.0,14.0,183.0,189.0,main_stream,224
93.0,41.0,79.0,159.0,63.0,8.0,144.0,46.0,19.0,150.0,165.0,309.0,134.0,67.0,4.0,9.0,195.0,203.0,fashion_lifestyle_elite,225
107.0,54.0,98.0,210.0,66.0,11.0,218.0,31.0,24.0,169.0,221.0,704.0,216.0,71.0,14.0,0.0,188.0,197.0,main_stream,226
94.0,35.0,66.0,147.0,62.0,9.0,131.0,50.0,18.0,127.0,159.0,258.0,115.0,66.0,8.0,7.0,196.0,201.0,fashion_lifestyle_elite,227
105.0,54.0,106.0,215.0,68.0,10.0,208.0,32.0,24.0,166.0,217.0,640.0,218.0,69.0,14.0,23.0,189.0,199.0,main_stream,228
86.0,41.0,64.0,148.0,61.0,5.0,150.0,45.0,19.0,138.0,165.0,333.0,173.0,80.0,5.0,8.0,182.0,185.0,main_stream,229
85.0,35.0,47.0,110.0,55.0,3.0,117.0,57.0,17.0,122.0,136.0,203.0,139.0,89.0,5.0,9.0,180.0,184.0,fashion_lifestyle_elite,230
85.0,33.0,40.0,115.0,57.0,3.0,112.0,61.0,17.0,119.0,130.0,184.0,127.0,86.0,12.0,21.0,181.0,183.0,main_stream,231
81.0,44.0,68.0,120.0,53.0,6.0,151.0,45.0,19.0,147.0,170.0,333.0,178.0,86.0,4.0,5.0,179.0,183.0,trendy,232
100.0,52.0,104.0,189.0,59.0,10.0,208.0,32.0,24.0,163.0,220.0,642.0,197.0,70.0,1.0,22.0,187.0,198.0,main_stream,233
93.0,42.0,64.0,158.0,68.0,9.0,134.0,49.0,18.0,142.0,163.0,268.0,170.0,71.0,7.0,13.0,192.0,201.0,fashion_lifestyle_elite,234
90.0,48.0,78.0,134.0,56.0,11.0,160.0,43.0,20.0,167.0,169.0,366.0,185.0,76.0,1.0,14.0,182.0,192.0,fashion_lifestyle_elite,235
96.0,37.0,74.0,199.0,74.0,5.0,165.0,39.0,20.0,128.0,188.0,419.0,136.0,72.0,1.0,3.0,196.0,200.0,trendy,236
85.0,45.0,65.0,128.0,56.0,8.0,151.0,45.0,19.0,145.0,170.0,332.0,186.0,81.0,1.0,10.0,179.0,184.0,trendy,237
100.0,55.0,101.0,189.0,57.0,10.0,222.0,30.0,25.0,177.0,225.0,731.0,211.0,71.0,7.0,17.0,188.0,197.0,main_stream,238
79.0,47.0,74.0,141.0,61.0,7.0,153.0,43.0,19.0,149.0,175.0,349.0,199.0,77.0,6.0,10.0,183.0,189.0,trendy,239
89.0,36.0,77.0,172.0,62.0,8.0,157.0,42.0,19.0,125.0,174.0,367.0,126.0,63.0,5.0,22.0,198.0,205.0,main_stream,240
93.0,45.0,73.0,164.0,59.0,7.0,159.0,42.0,20.0,146.0,182.0,379.0,188.0,65.0,11.0,15.0,195.0,201.0,main_stream,241
85.0,42.0,59.0,132.0,58.0,7.0,149.0,46.0,19.0,144.0,166.0,320.0,172.0,83.0,8.0,4.0,179.0,182.0,trendy,242
101.0,55.0,108.0,228.0,69.0,12.0,215.0,31.0,24.0,168.0,229.0,684.0,214.0,71.0,2.0,16.0,188.0,199.0,main_stream,243
85.0,47.0,75.0,121.0,53.0,9.0,157.0,44.0,20.0,165.0,168.0,358.0,176.0,77.0,1.0,7.0,182.0,191.0,fashion_lifestyle_elite,244
93.0,41.0,75.0,124.0,51.0,7.0,140.0,49.0,18.0,141.0,164.0,284.0,149.0,77.0,5.0,15.0,184.0,185.0,fashion_lifestyle_elite,245
95.0,36.0,73.0,191.0,73.0,6.0,156.0,41.0,19.0,126.0,184.0,374.0,124.0,71.0,2.0,19.0,199.0,204.0,trendy,246
91.0,39.0,83.0,176.0,59.0,7.0,169.0,39.0,20.0,132.0,190.0,426.0,142.0,67.0,0.0,24.0,192.0,199.0,main_stream,247
103.0,55.0,103.0,211.0,65.0,11.0,212.0,31.0,24.0,165.0,229.0,673.0,249.0,72.0,5.0,16.0,188.0,196.0,main_stream,248
85.0,34.0,53.0,127.0,58.0,6.0,116.2,58.0,17.0,121.0,137.0,197.0,127.0,70.0,8.8,20.0,185.0,189.0,main_stream,249
95.0,38.0,66.0,126.0,52.0,8.0,133.0,52.0,18.0,140.0,158.0,253.0,140.0,78.0,11.0,8.0,184.0,183.0,fashion_lifestyle_elite,250
104.0,58.0,103.0,230.0,69.0,11.0,219.0,30.0,25.0,176.0,231.0,716.0,246.0,71.0,7.0,4.0,187.0,196.0,main_stream,251
84.0,44.0,80.0,140.0,58.0,11.0,156.0,44.0,20.0,157.0,166.0,349.0,176.0,74.0,5.0,17.0,183.0,193.0,fashion_lifestyle_elite,252
94.0,43.0,68.0,170.0,67.0,6.0,142.0,46.0,18.0,142.0,164.0,310.0,177.0,65.0,10.0,8.0,198.0,203.0,trendy,253
93.0,47.0,85.0,161.0,65.0,12.0,155.0,43.0,19.0,157.0,179.0,354.0,178.0,76.0,2.0,9.0,184.0,196.0,fashion_lifestyle_elite,254
112.0,50.0,110.0,186.0,56.0,11.0,214.0,31.0,24.0,159.0,232.0,676.0,203.0,71.0,18.0,27.0,191.0,202.0,main_stream,255
91.0,36.0,77.0,157.0,56.0,7.0,155.0,42.0,19.0,126.0,177.0,361.0,123.0,65.0,8.0,15.0,195.0,201.0,main_stream,256
92.0,43.0,69.0,158.0,56.0,7.0,149.0,44.0,19.0,143.0,170.0,333.0,168.0,63.0,14.0,18.0,198.0,203.0,main_stream,257
99.0,48.0,104.0,196.0,63.0,10.0,201.0,33.0,23.0,152.0,221.0,604.0,199.0,73.0,8.0,4.0,188.0,197.0,main_stream,258
98.0,58.0,101.0,208.0,65.0,12.0,226.0,30.0,25.0,182.0,225.0,748.0,216.0,71.0,6.0,1.0,185.0,196.0,main_stream,259
83.0,37.0,54.0,118.0,55.0,4.0,129.0,52.0,18.0,127.0,146.0,245.0,140.0,81.0,4.0,13.0,180.0,184.0,main_stream,260
91.0,39.0,88.0,189.0,63.0,9.0,175.0,38.0,21.0,132.0,197.0,457.0,156.0,69.0,0.0,23.0,191.0,198.0,main_stream,261
89.0,40.0,60.0,131.0,56.0,6.0,118.0,56.0,17.0,137.0,143.0,209.0,153.0,65.0,10.0,8.0,193.0,199.0,fashion_lifestyle_elite,262
89.0,35.0,70.0,138.0,58.0,7.0,126.0,53.0,17.0,128.0,147.0,237.0,112.0,64.0,4.0,19.0,199.0,207.0,fashion_lifestyle_elite,263
103.0,49.0,100.0,194.0,60.0,10.0,185.0,35.0,22.0,160.0,202.0,518.0,178.0,62.0,13.0,8.0,198.0,208.0,main_stream,264
80.0,45.0,71.0,128.0,56.0,7.0,151.0,45.0,19.0,147.0,171.0,337.0,176.0,79.0,3.0,16.0,181.0,187.0,trendy,265
86.0,43.4,65.0,116.0,53.0,6.0,152.0,45.0,19.0,141.0,175.0,335.0,176.6,85.0,5.0,4.0,179.0,183.0,trendy,266
100.0,46.0,81.0,187.0,61.0,9.0,166.0,40.0,20.0,154.0,189.0,415.0,175.0,63.0,13.0,9.0,198.0,207.0,main_stream,267
86.0,39.0,60.0,140.0,60.0,7.0,119.0,55.0,17.0,134.0,140.0,212.0,141.0,61.0,7.0,8.0,200.0,207.0,fashion_lifestyle_elite,268
83.0,37.0,62.0,113.0,53.0,6.0,122.0,55.0,17.0,129.0,143.0,218.0,135.0,79.0,0.0,7.0,181.0,185.0,fashion_lifestyle_elite,269
82.0,45.0,68.0,150.0,69.0,5.0,148.0,45.0,19.0,144.0,169.0,322.0,184.0,80.0,5.0,0.0,181.0,184.0,trendy,270
93.0,47.0,88.0,200.0,66.0,7.0,173.0,38.0,21.0,151.0,197.0,452.0,205.0,66.0,0.0,3.0,195.0,202.0,main_stream,271
91.0,43.0,88.0,157.0,61.0,9.0,149.0,45.0,19.0,157.0,165.0,326.0,140.0,64.0,1.0,26.0,197.0,207.0,fashion_lifestyle_elite,272
96.0,45.0,80.0,162.0,63.0,9.0,146.0,46.0,19.0,148.0,161.0,316.0,161.0,64.0,5.0,10.0,199.0,207.0,fashion_lifestyle_elite,273
107.0,57.0,106.0,179.0,51.0,8.0,257.0,26.0,28.0,172.0,275.0,954.0,232.0,83.0,2.0,20.0,181.0,184.0,trendy,274
87.0,44.0,70.0,179.0,75.0,6.0,146.0,45.0,19.0,141.0,167.0,326.0,178.0,69.0,6.0,1.0,194.0,201.0,trendy,275
83.0,46.0,73.0,137.0,59.0,6.0,148.0,45.0,19.0,146.0,167.0,327.0,183.0,75.0,8.0,0.0,185.0,191.0,trendy,276
86.0,41.0,66.0,129.0,55.0,7.0,135.0,50.0,18.0,136.0,154.0,266.0,165.0,74.0,3.0,4.0,180.0,187.0,main_stream,277
109.0,54.0,109.0,225.0,68.0,11.0,214.0,31.0,24.0,169.0,226.0,675.0,212.0,68.0,11.0,32.0,189.0,202.0,main_stream,278
94.0,37.0,73.0,186.0,71.0,7.0,154.0,42.0,19.0,127.0,171.0,362.0,132.0,67.0,2.0,8.0,197.0,206.0,trendy,279
100.0,44.0,93.0,193.0,62.0,8.0,186.0,35.0,22.0,147.0,202.0,521.0,151.0,66.0,0.0,2.0,193.0,198.0,main_stream,280
82.0,43.0,73.0,154.0,65.0,7.0,151.0,44.0,19.0,143.0,178.0,341.0,160.0,76.0,5.0,11.0,185.0,189.0,trendy,281
86.0,46.0,73.0,125.0,57.0,6.0,151.0,45.0,19.0,147.0,170.0,334.0,188.0,82.0,9.0,11.0,180.0,184.0,trendy,282
116.0,53.0,110.0,231.0,67.0,12.0,217.0,31.0,24.0,165.0,231.0,692.0,222.0,67.0,16.0,28.0,192.0,206.0,main_stream,283
89.0,46.0,77.0,125.0,52.0,10.0,156.0,44.0,20.0,160.0,171.0,351.0,177.0,78.0,7.0,17.0,183.0,191.0,fashion_lifestyle_elite,284
89.0,48.0,85.0,189.0,64.0,8.0,169.0,39.0,20.0,153.0,188.0,427.0,190.0,64.0,11.0,5.0,195.0,201.0,main_stream,285
83.0,41.0,70.0,155.0,65.0,7.0,144.0,46.0,19.0,141.0,168.0,309.0,147.0,71.0,4.0,12.0,188.0,195.0,trendy,286
88.0,43.0,84.0,140.6,55.0,11.0,154.0,44.0,19.0,150.0,174.0,350.0,164.0,73.0,6.0,2.0,185.0,196.0,fashion_lifestyle_elite,287
96.0,47.0,103.0,215.0,69.0,10.0,200.0,33.0,23.0,147.0,220.0,598.0,200.0,73.0,6.0,6.0,187.0,194.0,main_stream,288
88.0,37.0,57.0,132.0,62.0,6.0,135.0,50.0,18.0,125.0,151.0,265.0,144.0,83.0,16.0,16.0,180.0,184.0,main_stream,289
98.0,38.0,66.0,130.0,55.0,7.0,130.0,51.0,18.0,138.0,160.0,251.0,123.0,69.0,3.0,12.0,191.0,194.0,fashion_lifestyle_elite,290
89.0,45.0,81.0,246.0,102.0,43.0,155.0,44.0,20.0,160.0,200.0,347.0,177.0,90.0,9.0,17.0,183.0,192.0,fashion_lifestyle_elite,291
87.0,42.0,76.0,159.0,65.0,5.0,155.0,42.0,19.0,138.0,184.0,362.0,157.0,76.0,6.0,12.0,189.0,193.0,trendy,292
93.0,36.0,63.0,139.0,57.0,8.0,132.0,50.0,18.0,136.0,158.0,260.0,121.0,67.0,3.0,27.0,193.0,201.0,fashion_lifestyle_elite,293
109.0,55.0,102.0,169.0,51.0,6.0,241.0,27.0,26.0,165.0,265.0,870.0,247.0,84.0,10.0,11.0,184.0,183.0,trendy,294
90.0,38.0,75.0,164.0,64.0,7.0,151.0,43.0,19.0,131.0,168.0,345.0,139.0,66.0,0.0,0.0,195.0,204.0,trendy,295
98.0,52.0,86.0,207.0,69.0,5.0,192.0,33.0,22.0,161.0,212.0,570.0,221.0,75.0,4.0,6.0,194.0,195.0,trendy,296
82.0,37.0,66.0,126.0,54.0,7.0,132.0,52.0,18.0,127.0,148.0,252.0,142.0,72.0,17.0,7.0,183.0,187.0,main_stream,297
91.0,40.0,98.0,192.0,64.0,9.0,177.0,38.0,21.0,135.0,194.0,465.0,165.0,66.0,9.0,35.0,195.0,205.0,main_stream,298
98.0,40.0,77.0,171.0,61.0,6.0,172.0,37.0,21.0,139.0,197.0,457.0,141.0,72.0,4.0,17.0,199.0,201.0,trendy,299
106.0,53.0,98.0,193.0,60.0,10.0,215.0,31.0,24.0,169.0,224.0,681.0,218.0,73.0,8.0,21.0,188.0,197.0,main_stream,300
93.0,43.0,78.0,166.0,59.0,7.0,151.0,44.0,19.0,141.0,182.0,342.0,174.0,68.0,15.0,2.0,193.0,197.0,main_stream,301
94.0,37.0,72.0,193.0,72.0,6.0,158.0,41.0,19.0,133.0,184.0,385.0,127.0,70.0,0.0,14.0,200.0,204.0,trendy,302
89.0,36.0,68.0,149.0,60.0,8.0,133.0,50.0,18.0,134.0,153.0,265.0,119.0,62.0,6.0,18.0,201.0,209.0,fashion_lifestyle_elite,303
85.0,45.0,70.0,130.0,58.0,8.0,151.0,45.0,19.0,146.0,171.0,334.0,187.0,79.0,2.0,5.0,181.0,186.0,trendy,304
86.0,45.0,73.0,152.0,63.0,6.0,149.0,44.0,19.0,145.0,170.0,335.0,176.0,71.0,6.0,1.0,189.0,196.0,trendy,305
106.0,48.0,107.0,202.0,61.0,10.0,207.0,32.0,24.0,153.0,227.0,635.0,200.0,70.0,5.0,28.0,190.0,203.0,main_stream,306
107.0,52.0,103.0,186.0,57.0,11.0,214.0,31.0,24.0,162.0,217.0,676.0,189.0,66.0,6.0,5.0,189.0,198.0,main_stream,307
109.0,51.0,100.0,197.0,59.0,10.0,192.0,34.0,22.0,161.0,210.0,552.4,195.0,64.0,14.0,3.0,196.0,202.0,main_stream,308
109.0,48.0,107.0,215.0,62.0,10.0,205.0,32.0,23.0,158.0,222.0,624.0,168.0,65.0,9.0,32.0,195.0,206.0,main_stream,309
90.0,50.0,90.0,188.0,61.0,10.0,181.0,36.0,21.0,158.0,211.0,492.0,220.0,69.0,6.0,19.0,191.0,199.0,main_stream,310
93.0,45.0,83.0,142.0,56.0,10.0,157.0,43.0,20.0,155.0,180.0,364.0,188.0,75.0,1.0,21.0,184.0,197.0,fashion_lifestyle_elite,311
82.0,41.0,70.0,155.0,64.0,7.0,148.0,45.0,19.0,138.0,172.0,328.0,152.0,72.0,5.0,17.0,187.0,195.0,trendy,312
96.0,52.0,104.0,222.0,67.0,9.0,198.0,33.0,23.0,163.0,217.0,589.0,226.0,67.0,12.0,20.0,192.0,201.0,main_stream,313
90.0,42.0,63.0,126.0,55.0,7.0,152.0,45.0,19.0,142.0,173.0,336.0,173.0,81.0,0.0,15.0,180.0,184.0,trendy,314
93.0,40.0,62.0,117.0,49.0,7.0,131.0,52.0,18.0,145.0,160.0,249.0,156.0,78.0,8.0,6.0,184.0,184.0,fashion_lifestyle_elite,315
91.0,41.0,66.0,131.0,56.0,9.0,126.0,53.0,18.0,144.0,159.0,237.0,155.0,72.0,3.0,10.0,191.0,194.0,fashion_lifestyle_elite,316
95.0,45.0,105.0,208.0,64.0,10.0,187.0,36.0,22.0,150.0,202.0,520.0,158.0,64.0,7.0,32.0,198.0,211.0,main_stream,317
89.0,37.0,51.0,111.0,54.0,5.0,120.0,56.0,17.0,127.0,138.0,213.0,147.0,82.0,7.0,4.0,181.0,183.0,fashion_lifestyle_elite,318
102.0,51.0,100.0,194.0,60.0,6.0,220.0,30.0,25.0,162.0,247.0,731.0,209.0,80.0,7.0,7.0,188.0,186.0,trendy,319
105.0,54.0,100.0,220.0,69.0,10.0,221.0,30.0,25.0,170.0,232.0,718.0,202.0,73.0,0.0,13.0,187.0,199.0,main_stream,320
113.0,57.0,109.0,194.0,56.0,6.0,260.0,26.0,28.0,175.0,288.0,982.0,261.0,85.0,11.0,21.0,182.0,183.0,trendy,321
87.0,43.0,65.0,127.0,56.0,8.0,149.0,46.0,19.0,143.0,169.0,322.0,171.0,85.0,6.0,3.0,180.0,182.0,trendy,322
98.0,51.0,96.0,203.0,66.0,10.0,188.0,35.0,22.0,157.0,207.0,533.0,231.0,68.0,10.0,1.0,191.0,199.0,main_stream,323
94.0,38.0,88.0,179.0,60.0,7.0,170.0,39.0,21.0,131.0,188.0,435.0,144.0,66.0,2.0,28.0,195.0,204.0,main_stream,324
82.0,44.0,63.0,123.0,54.0,7.0,151.0,45.0,19.0,147.0,166.0,329.0,185.0,81.0,3.0,4.0,179.0,182.0,trendy,325
106.0,49.0,96.0,201.0,61.0,10.0,181.0,36.0,21.0,158.0,197.0,494.0,180.0,62.0,19.0,15.0,202.0,209.0,main_stream,326
89.0,44.0,82.0,136.0,54.0,6.0,149.0,45.0,19.0,144.0,170.0,332.0,168.0,68.0,10.0,14.0,188.0,193.0,main_stream,327
93.0,43.0,88.0,170.0,66.0,9.0,150.0,45.0,19.0,147.0,164.0,334.0,143.0,65.0,2.0,17.0,196.0,206.0,fashion_lifestyle_elite,328
89.0,38.0,80.0,169.0,59.0,7.0,161.0,41.0,20.0,131.0,186.0,389.0,137.0,68.8,5.0,15.0,192.0,197.0,main_stream,329
98.0,44.0,78.0,160.0,63.0,8.0,142.0,47.0,18.0,148.0,160.0,300.0,171.0,63.0,19.0,2.0,201.0,207.0,fashion_lifestyle_elite,330
104.0,52.0,96.0,188.0,59.0,9.0,188.0,35.0,22.0,161.0,206.0,530.0,205.0,67.0,11.0,8.0,193.0,200.0,main_stream,331
99.0,57.0,109.0,220.0,66.0,11.0,221.0,30.0,25.0,176.0,234.0,725.0,236.0,70.0,10.0,25.0,188.0,200.0,main_stream,332
86.0,42.0,65.0,125.0,54.0,7.0,150.0,45.0,19.0,140.0,171.0,327.0,172.0,85.0,2.0,8.0,180.0,182.0,trendy,333
107.0,57.0,102.0,184.0,55.0,7.0,234.0,28.0,26.0,171.0,243.0,822.0,229.0,77.0,7.0,11.0,187.0,187.0,trendy,334
109.0,54.0,103.0,205.0,63.0,11.0,222.0,30.0,25.0,175.0,229.0,720.0,213.0,71.0,6.0,14.0,187.0,200.0,main_stream,335
89.0,44.0,76.0,125.0,54.0,10.0,156.0,44.0,20.0,151.0,163.0,352.0,176.0,76.0,12.0,12.0,184.0,193.0,fashion_lifestyle_elite,336
99.0,51.0,88.0,188.0,62.0,5.0,203.0,32.0,23.0,158.0,222.0,625.0,219.0,77.0,8.0,26.0,191.0,190.0,trendy,337
97.0,45.0,91.0,161.0,63.0,10.0,151.0,45.0,19.0,148.0,166.0,334.0,171.0,65.0,18.0,20.0,197.0,205.0,fashion_lifestyle_elite,338
87.0,41.0,73.0,158.0,64.0,7.0,151.0,44.0,19.0,138.0,175.0,341.0,152.0,73.0,3.0,8.0,190.0,194.0,trendy,339
89.0,40.0,72.0,155.0,63.0,7.0,146.0,45.0,19.0,135.0,175.0,321.0,145.0,72.0,4.0,10.0,192.0,196.0,trendy,340
86.0,40.0,75.0,146.0,62.0,6.0,140.0,48.0,18.0,135.0,158.0,290.0,162.0,72.0,3.0,21.0,183.0,190.0,main_stream,341
83.0,37.0,54.0,131.0,61.0,4.0,135.0,50.0,18.0,127.0,152.0,271.0,141.0,85.0,3.0,6.0,180.0,183.0,main_stream,342
102.0,54.0,101.0,190.0,58.0,10.0,222.0,30.0,25.0,171.0,224.0,728.0,203.0,71.0,13.0,6.0,189.0,198.0,main_stream,343
99.0,55.0,101.0,219.0,68.0,10.0,224.0,30.0,25.0,178.0,228.0,737.0,213.0,74.0,11.0,20.0,187.0,196.0,main_stream,344
101.0,54.0,106.0,187.4,57.0,7.0,236.0,28.0,26.0,164.0,256.0,833.0,253.0,81.0,6.0,14.0,185.0,185.0,trendy,345
117.0,52.0,110.0,228.0,65.0,12.0,212.0,31.0,24.0,163.0,228.0,668.0,220.0,66.0,21.0,25.0,194.0,205.0,main_stream,346
88.0,44.0,77.0,167.0,59.0,6.0,151.0,44.0,19.0,145.0,175.0,343.0,177.0,64.0,9.0,12.0,202.0,208.0,main_stream,347
95.0,44.0,84.0,158.0,62.0,10.0,145.0,46.0,19.0,148.0,163.0,312.0,166.0,64.0,10.0,6.0,199.0,206.0,fashion_lifestyle_elite,348
89.0,40.0,69.0,147.0,58.0,6.0,132.0,50.0,18.0,137.0,155.0,260.0,151.0,61.0,16.0,6.0,203.0,209.0,main_stream,349
97.0,46.0,101.0,210.0,66.0,8.0,192.0,35.0,22.0,151.0,208.0,546.0,169.0,66.0,1.0,32.0,191.0,200.0,main_stream,350
88.0,38.0,58.0,137.0,60.0,5.0,148.0,46.0,19.0,131.0,163.0,319.0,157.0,86.0,12.0,0.0,180.0,183.0,main_stream,351
91.0,46.0,78.0,148.0,61.0,9.0,147.0,45.0,19.0,152.0,168.0,323.0,199.0,70.0,13.0,11.0,189.0,200.0,fashion_lifestyle_elite,352
81.0,47.0,69.0,146.0,64.0,6.0,151.0,44.0,19.0,147.0,171.0,340.0,195.0,75.0,5.0,0.0,183.0,188.0,trendy,353
98.0,50.0,90.0,192.0,63.0,9.0,177.0,37.0,21.0,155.0,195.0,472.0,197.0,65.0,10.0,1.0,193.0,201.0,main_stream,354
93.0,42.0,88.0,188.0,62.0,10.0,183.0,36.0,21.0,141.0,208.0,504.0,168.0,70.0,3.0,12.0,189.0,197.0,main_stream,355
91.0,45.0,76.0,171.0,69.0,7.0,150.0,44.0,19.0,144.0,170.0,340.0,179.0,69.0,12.0,1.0,195.0,201.0,trendy,356
109.0,49.0,109.0,193.0,59.0,10.0,207.0,32.0,24.0,156.0,225.0,635.0,213.0,70.0,13.0,31.0,191.0,202.0,main_stream,357
87.0,45.0,82.0,164.0,60.0,8.0,156.0,42.0,19.0,144.0,181.0,366.0,174.0,70.0,2.0,2.0,190.0,196.0,main_stream,358
100.0,49.0,96.0,206.0,63.0,9.0,186.0,35.0,22.0,156.0,202.0,519.0,176.0,62.0,3.0,5.0,197.0,205.0,main_stream,359
108.0,52.0,109.0,182.0,55.0,12.0,216.0,31.0,24.0,171.0,229.0,687.0,214.0,72.0,10.0,28.0,189.0,201.0,main_stream,360
101.0,46.0,105.0,195.0,61.0,10.0,198.0,34.0,23.0,150.0,213.0,578.0,195.0,66.0,7.0,38.0,192.0,205.0,main_stream,361
95.0,47.0,81.0,176.0,59.0,7.0,168.0,39.0,20.0,152.0,196.0,425.0,185.0,67.0,4.0,4.0,191.0,198.0,main_stream,362
89.0,47.0,85.0,147.0,58.0,10.0,153.0,44.0,19.0,151.0,175.0,349.0,186.0,74.0,13.0,7.0,186.0,197.0,fashion_lifestyle_elite,363
87.0,45.0,77.0,153.0,59.0,7.0,154.0,44.0,19.0,145.0,181.0,350.0,172.0,75.0,15.0,14.0,184.0,189.0,main_stream,364
108.0,54.0,105.0,203.0,62.0,11.0,202.0,33.0,23.0,164.0,216.0,608.0,235.0,68.0,12.0,3.0,190.0,200.0,main_stream,365
90.0,47.0,85.0,149.0,60.0,10.0,155.0,43.0,19.0,155.0,179.0,355.0,186.0,75.0,1.0,5.0,185.0,196.0,fashion_lifestyle_elite,366
82.0,37.0,59.0,134.0,63.0,7.0,135.0,51.0,18.0,128.0,151.0,264.0,143.0,82.0,11.0,24.0,179.0,185.0,main_stream,367
84.0,45.0,68.0,148.0,64.0,6.0,146.0,46.0,19.0,142.0,168.0,317.0,180.0,75.0,5.0,1.0,183.0,187.0,trendy,368
89.0,47.0,81.0,156.0,57.0,8.0,161.0,41.0,20.0,149.0,187.0,388.0,197.0,72.0,9.0,15.0,187.0,193.0,main_stream,369
96.0,41.0,77.0,177.0,64.0,5.0,177.0,36.0,21.0,134.0,205.0,485.0,148.0,74.0,0.0,4.0,196.0,198.0,trendy,370
97.0,45.0,72.0,187.0,71.0,5.0,161.0,40.0,20.0,144.0,178.0,399.0,186.0,70.0,7.0,7.0,196.0,203.0,trendy,371
97.0,47.0,87.0,164.0,64.0,9.0,156.0,43.0,20.0,149.0,173.8,359.0,182.0,68.0,1.0,13.0,192.0,202.0,fashion_lifestyle_elite,372
96.0,47.0,77.0,204.0,72.0,6.0,167.0,38.0,20.0,150.0,188.0,429.0,182.0,69.0,6.0,16.0,199.0,203.0,trendy,373
87.0,36.0,53.0,117.0,58.0,4.0,118.0,57.0,17.0,125.0,138.0,205.0,138.0,85.0,9.0,15.0,180.0,183.0,fashion_lifestyle_elite,374
109.0,52.0,95.0,189.0,58.0,4.0,227.0,29.0,25.0,158.0,262.0,776.0,217.0,82.0,0.0,19.0,187.0,186.0,trendy,375
104.0,51.0,108.0,193.0,59.0,11.0,217.0,31.0,24.0,163.0,232.0,694.0,203.0,72.0,15.0,22.0,190.0,201.0,main_stream,376
87.0,37.0,60.0,132.0,57.0,6.0,128.0,52.0,18.0,129.0,154.0,243.0,132.0,71.0,1.0,14.0,186.0,192.0,main_stream,377
82.0,36.0,54.0,117.0,53.0,7.0,125.0,54.0,18.0,126.0,146.0,229.0,128.0,78.0,1.0,5.0,180.0,184.0,main_stream,378
105.0,56.0,98.0,209.0,64.0,11.0,217.0,31.0,24.0,173.0,225.0,696.0,216.0,72.0,2.0,19.0,188.0,199.0,main_stream,379
80.0,39.0,60.0,122.0,56.0,6.0,139.0,49.0,18.0,131.0,151.0,281.0,142.0,80.0,0.0,5.0,179.0,186.0,main_stream,380
106.0,54.0,100.0,227.0,67.0,4.0,250.0,27.0,27.0,162.0,280.0,923.0,262.0,88.0,5.0,11.0,182.0,182.0,trendy,381
81.0,46.0,71.0,141.0,61.0,7.0,153.0,44.0,19.0,148.0,177.0,347.0,190.0,80.0,1.0,14.0,182.0,187.0,trendy,382
100.0,51.0,109.0,224.0,67.0,9.0,217.0,30.0,24.0,162.0,238.0,704.0,206.0,72.0,6.0,18.0,189.0,199.0,main_stream,383
88.0,44.0,71.0,145.0,56.0,8.0,142.0,48.0,19.0,143.0,159.0,296.0,174.0,68.0,7.0,18.0,188.0,197.0,main_stream,384
94.0,49.0,87.0,159.0,64.0,10.0,157.0,43.0,20.0,158.0,179.0,363.0,203.0,75.0,4.0,0.0,183.0,194.0,fashion_lifestyle_elite,385
99.0,43.0,89.0,195.0,63.0,8.0,186.0,35.0,22.0,144.0,210.0,521.0,166.0,68.0,6.0,13.0,191.0,199.0,main_stream,386
90.0,47.0,85.0,145.0,58.0,9.0,152.0,44.0,19.0,155.0,175.0,345.0,184.0,73.0,4.0,2.0,186.0,197.0,fashion_lifestyle_elite,387
94.0,47.0,85.0,333.0,138.0,49.0,155.0,43.0,19.0,155.0,320.0,354.0,187.0,135.0,12.0,9.0,188.0,196.0,fashion_lifestyle_elite,388
100.0,57.0,107.0,207.0,63.0,11.0,227.0,30.0,25.0,180.0,234.0,756.0,205.0,72.0,6.0,19.0,186.0,198.0,main_stream,389
86.0,42.0,65.0,113.0,50.0,8.0,152.0,45.0,19.0,141.0,169.0,332.0,171.0,85.0,4.0,16.0,179.0,183.0,trendy,390
91.0,38.0,70.0,160.0,66.0,25.0,140.0,47.0,18.0,139.0,162.0,296.0,130.0,67.0,4.0,11.0,192.0,202.0,fashion_lifestyle_elite,391
93.0,44.0,90.0,166.0,65.0,10.0,153.0,44.0,19.0,156.0,170.0,348.0,143.0,66.0,9.0,17.0,194.0,203.0,fashion_lifestyle_elite,392
86.0,47.0,75.0,165.0,68.0,6.0,154.0,43.0,19.0,146.0,176.0,356.0,190.0,74.0,7.0,3.0,188.0,194.0,trendy,393
90.0,49.0,83.0,187.0,63.0,7.0,176.0,37.0,21.0,154.0,205.0,467.0,222.0,70.0,1.0,2.0,189.0,195.0,main_stream,394
97.0,37.0,76.0,169.0,60.0,8.0,161.0,41.0,20.0,131.0,189.0,391.0,136.0,72.0,0.0,0.0,188.0,192.0,main_stream,395
108.0,57.0,106.0,177.0,51.0,5.0,256.0,26.0,28.0,170.0,285.0,966.0,261.0,87.0,11.0,2.0,182.0,181.0,trendy,396
89.0,41.0,75.0,162.0,66.0,5.0,153.0,43.0,19.0,136.0,175.0,352.0,154.0,72.0,2.0,0.0,188.0,195.0,trendy,397
98.0,38.0,70.0,186.0,68.0,6.0,164.0,39.0,20.0,136.0,189.0,413.0,129.0,71.0,3.0,17.0,200.0,203.0,trendy,398
87.0,42.0,64.0,150.0,64.0,10.0,133.0,50.0,18.0,141.0,157.0,265.0,159.0,67.0,7.0,0.0,193.0,201.0,fashion_lifestyle_elite,399
107.0,53.0,108.0,213.0,64.0,12.0,206.0,32.0,23.0,163.0,216.0,627.0,202.0,65.0,21.0,22.0,194.0,205.0,main_stream,400
85.0,37.0,80.0,158.0,59.0,8.0,153.0,44.0,19.0,126.0,179.0,348.0,136.0,69.0,6.0,21.0,191.0,197.0,main_stream,401
101.0,52.0,105.0,162.0,53.0,10.0,212.0,31.0,24.0,163.0,226.0,669.0,204.0,74.0,12.0,11.0,186.0,194.0,main_stream,402
96.0,39.0,77.0,160.0,62.0,8.0,140.0,47.0,18.0,150.0,161.0,294.0,124.0,62.0,15.0,3.0,201.0,208.0,fashion_lifestyle_elite,403
103.0,48.0,101.0,204.0,62.0,12.0,200.0,33.0,23.0,158.0,215.0,595.0,164.0,66.0,8.0,22.0,192.0,202.0,main_stream,404
88.0,40.0,73.0,173.0,68.0,7.0,150.0,44.0,19.0,137.0,174.0,341.0,151.0,69.0,2.0,20.0,196.0,200.0,trendy,405
80.0,38.0,64.0,130.0,59.0,8.0,134.0,51.0,18.0,126.0,152.0,259.0,135.0,76.0,1.0,23.0,179.0,188.0,main_stream,406
91.0,38.0,75.0,136.0,53.0,6.0,144.0,47.0,19.0,131.0,165.0,305.0,149.0,69.0,1.0,7.0,186.0,191.0,main_stream,407
86.0,45.0,71.0,155.0,66.0,7.0,146.0,45.0,19.0,144.0,167.0,322.0,176.0,72.0,5.0,6.0,189.0,196.0,trendy,408
86.0,38.0,86.0,175.0,60.0,9.0,170.0,39.0,21.0,134.0,191.0,433.0,138.0,68.0,1.0,28.0,191.0,199.0,main_stream,409
89.0,45.0,77.0,188.0,64.0,9.0,161.0,41.0,20.0,151.0,190.0,390.0,174.0,66.0,4.0,2.0,194.0,201.0,main_stream,410
78.0,36.0,51.0,116.0,56.0,4.0,120.0,57.0,17.0,124.0,135.0,209.0,135.0,84.0,1.0,12.0,177.0,184.0,main_stream,411
80.0,43.0,71.0,133.0,60.0,7.0,150.0,45.0,19.0,146.0,170.0,330.0,176.0,81.0,6.0,15.0,180.0,184.0,trendy,412
88.0,36.0,78.0,160.0,62.0,6.0,140.0,48.0,18.0,123.0,161.0,287.0,129.0,66.0,4.0,35.0,194.0,202.0,main_stream,413
85.0,45.0,82.0,133.0,56.0,11.0,159.0,43.0,20.0,156.0,170.0,362.0,173.0,76.0,10.0,21.0,183.0,193.0,fashion_lifestyle_elite,414
101.0,53.0,108.0,184.0,54.0,12.0,216.0,31.0,24.0,172.0,220.0,685.0,187.0,68.0,4.0,24.0,190.0,201.0,main_stream,415
89.0,44.0,70.0,158.0,64.0,6.0,141.0,47.0,18.0,143.0,164.0,299.0,173.0,66.0,9.0,11.0,193.0,199.0,trendy,416
96.0,36.0,74.0,183.0,70.0,6.0,149.0,43.0,19.0,127.0,178.0,341.0,127.0,69.0,0.0,17.0,201.0,205.0,trendy,417
87.0,43.0,70.0,169.0,72.0,7.0,152.0,44.0,19.0,145.0,177.0,341.0,171.0,76.0,6.0,12.0,184.0,187.0,trendy,418
93.0,34.0,72.0,144.0,56.0,6.0,133.0,50.0,18.0,123.0,158.0,263.0,125.0,63.0,5.0,20.0,195.2,206.0,main_stream,419
96.0,39.0,58.0,117.0,51.0,6.0,133.0,52.0,18.0,139.0,154.0,255.0,150.0,86.0,6.0,0.0,181.0,182.0,fashion_lifestyle_elite,420
98.0,48.0,101.0,195.0,61.0,11.0,207.0,31.0,23.0,152.0,227.0,650.0,193.0,71.0,5.0,7.0,189.0,196.0,main_stream,421
90.0,34.0,66.0,158.0,59.0,7.0,140.0,47.0,18.0,124.0,165.0,298.0,117.0,61.0,1.0,3.0,201.0,207.0,main_stream,422
85.0,45.0,70.0,120.0,54.0,7.0,149.0,45.0,19.0,145.0,169.0,326.0,186.0,81.0,8.0,4.0,181.0,184.0,trendy,423
91.0,41.0,93.0,197.0,65.0,9.0,183.0,36.0,21.0,137.0,202.0,504.0,153.0,66.0,11.0,24.0,193.0,200.0,main_stream,424
89.0,36.0,69.0,142.0,57.0,7.0,135.0,50.0,18.0,126.0,154.0,266.0,128.0,66.0,3.0,36.0,193.0,203.0,main_stream,425
106.0,53.0,98.0,203.0,63.0,11.0,220.0,30.0,25.0,167.0,228.0,710.0,214.0,71.0,10.0,24.0,188.0,197.0,main_stream,426
86.0,38.0,89.0,176.0,59.0,9.0,169.0,39.0,20.0,132.0,190.0,428.0,148.0,67.0,7.0,33.0,193.0,202.0,main_stream,427
112.0,50.0,104.0,197.0,58.0,11.0,208.0,32.0,24.0,159.0,223.0,639.0,186.0,67.0,15.0,22.0,191.0,202.0,main_stream,428
84.0,37.0,70.0,145.0,62.0,9.0,136.0,48.0,18.0,134.0,159.0,280.0,140.0,68.0,11.0,9.0,194.0,202.0,fashion_lifestyle_elite,429
104.0,53.0,108.0,206.0,61.0,11.0,217.0,31.0,24.0,168.0,226.0,694.0,209.0,67.0,0.0,9.0,188.0,201.0,main_stream,430
99.0,47.0,91.0,226.0,74.0,5.0,202.0,32.0,23.0,148.0,234.0,629.0,186.0,79.0,4.0,11.0,192.0,191.0,trendy,431
84.0,38.0,83.0,141.0,54.0,7.0,149.0,45.0,19.0,132.0,177.0,327.0,149.0,74.0,6.0,29.0,185.0,191.0,main_stream,432
85.0,42.0,70.0,130.0,56.0,7.0,150.0,45.0,19.0,145.0,177.0,328.0,172.0,82.0,10.0,14.0,181.0,185.0,trendy,433
104.0,51.0,105.0,168.0,54.0,10.0,208.0,32.0,24.0,162.0,220.0,641.0,221.0,72.0,9.0,20.0,187.0,197.0,main_stream,434
85.0,37.0,68.0,145.0,60.0,6.0,130.0,51.0,18.0,130.0,150.0,253.0,121.0,65.0,3.0,14.0,195.0,203.0,fashion_lifestyle_elite,435
93.0,42.0,64.0,123.0,51.0,7.0,135.0,51.0,18.0,144.0,164.0,262.0,155.0,78.0,16.0,12.0,185.0,185.0,fashion_lifestyle_elite,436
84.0,40.0,71.0,131.0,55.0,7.0,150.0,45.0,19.0,134.0,167.0,330.0,165.0,80.0,12.0,1.0,180.0,186.0,main_stream,437
91.0,49.0,86.0,195.0,63.0,8.0,177.0,37.0,21.0,156.0,203.0,473.0,201.0,67.0,7.0,5.0,192.0,198.0,main_stream,438
98.0,47.0,109.0,202.0,59.0,11.0,199.0,34.0,23.0,154.0,207.0,586.0,165.0,61.0,1.0,33.0,194.0,208.0,main_stream,439
101.0,51.0,98.0,194.0,60.0,10.0,195.0,34.0,22.0,161.0,219.0,572.0,219.0,67.0,0.0,10.0,192.0,201.0,main_stream,440
90.0,47.0,73.0,136.0,58.0,11.0,161.0,42.0,20.0,153.0,172.0,376.0,185.0,77.0,11.0,8.0,183.0,191.0,fashion_lifestyle_elite,441
91.0,36.0,60.0,126.0,56.0,6.0,119.0,56.0,17.0,130.0,139.0,211.0,118.0,67.0,6.0,14.0,192.0,198.0,fashion_lifestyle_elite,442
99.0,50.0,88.0,204.0,64.0,10.0,185.0,35.0,22.0,159.0,209.0,517.0,193.0,66.0,12.0,11.0,194.0,201.0,main_stream,443
102.0,53.0,101.0,238.0,72.0,4.0,238.0,28.0,26.0,163.0,267.0,844.0,242.0,85.0,7.0,22.0,184.0,184.0,trendy,444
89.0,46.0,74.0,135.0,59.0,9.0,157.0,44.0,20.0,158.0,170.0,356.0,177.0,79.0,12.0,3.0,184.0,191.0,fashion_lifestyle_elite,445
101.0,52.0,101.0,197.0,62.0,9.0,188.0,35.0,22.0,162.0,208.0,527.0,203.0,67.0,14.0,15.0,193.0,202.0,main_stream,446
95.0,57.0,104.0,228.0,74.0,10.0,212.0,31.0,24.0,175.0,224.0,670.0,223.0,74.0,0.0,4.0,186.0,193.0,main_stream,447
101.0,53.0,91.0,194.0,65.0,6.0,204.0,32.0,23.0,161.0,231.0,636.0,214.0,78.0,5.0,14.0,192.0,192.0,trendy,448
91.0,39.0,82.0,164.0,68.0,10.0,143.0,46.0,19.0,137.0,164.0,308.0,158.0,68.0,13.0,9.0,191.0,201.0,fashion_lifestyle_elite,449
91.0,46.0,75.0,185.0,75.0,7.0,154.0,42.0,19.0,147.0,178.0,362.0,192.0,72.0,8.0,8.0,192.0,199.0,trendy,450
94.0,37.0,74.0,169.0,59.0,7.0,162.0,41.0,20.0,133.0,178.0,394.0,130.0,63.0,6.0,6.0,198.0,204.0,main_stream,451
92.0,38.0,74.0,178.0,62.0,9.0,161.0,41.0,20.0,135.0,181.0,388.0,132.0,63.0,7.0,29.0,197.0,206.0,main_stream,452
95.0,43.0,71.0,159.0,64.0,6.0,145.0,45.0,19.0,141.0,169.0,322.0,171.0,67.0,8.0,4.0,195.0,200.0,trendy,453
106.0,52.0,101.0,213.0,64.0,11.0,201.0,33.0,23.0,158.0,214.0,607.0,204.0,65.0,2.0,4.0,192.0,204.0,main_stream,454
81.0,43.0,68.0,139.0,62.0,7.0,149.0,46.0,19.0,145.0,172.0,323.0,171.0,83.0,1.0,14.0,180.0,184.0,trendy,455
92.0,43.0,70.0,124.0,52.0,6.0,139.0,49.0,18.0,144.0,164.0,282.0,172.0,79.0,4.0,16.0,183.0,185.0,fashion_lifestyle_elite,456
83.0,45.0,73.0,161.0,68.0,8.0,142.0,46.0,18.0,144.0,169.0,305.0,179.0,71.0,10.0,3.0,191.0,199.0,fashion_lifestyle_elite,457
103.0,57.0,105.0,221.0,69.0,11.0,218.0,30.0,24.0,173.0,226.0,706.0,250.0,73.0,10.0,2.0,187.0,195.0,main_stream,458
98.0,42.0,90.0,192.0,61.0,9.0,178.0,37.0,21.0,144.0,189.0,480.0,138.0,61.0,3.0,8.0,199.0,208.0,main_stream,459
90.0,41.0,62.0,147.0,60.0,6.0,128.0,52.0,18.0,141.0,149.0,246.0,157.0,61.0,13.0,4.0,201.0,208.0,fashion_lifestyle_elite,460
106.0,52.0,107.0,211.0,62.0,8.0,200.0,33.0,23.0,161.0,218.0,602.0,200.0,67.0,9.0,17.0,194.0,201.0,main_stream,461
97.0,47.0,81.0,183.0,64.0,8.0,168.0,39.0,20.0,150.0,193.0,426.0,182.0,70.0,11.0,2.0,192.0,198.0,main_stream,462
85.0,40.0,66.0,121.0,52.0,4.0,152.0,44.0,19.0,133.0,170.0,340.0,163.0,87.0,13.0,3.0,180.0,183.0,main_stream,463
100.0,49.0,80.0,206.0,70.0,6.0,183.0,35.0,21.0,156.0,206.0,517.0,198.0,73.0,3.0,13.0,198.0,199.0,trendy,464
82.0,43.0,71.0,154.0,68.0,7.0,150.0,45.0,19.0,143.0,171.0,330.0,173.0,78.0,7.0,11.0,181.0,186.0,trendy,465
78.0,43.0,70.0,147.0,65.0,8.0,147.0,46.0,19.0,145.0,169.0,319.0,168.0,77.0,1.0,12.0,181.0,186.0,trendy,466
96.0,54.0,104.0,188.6,58.0,10.0,215.0,31.0,24.0,175.0,221.0,682.0,222.0,75.0,13.0,23.0,186.0,194.0,main_stream,467
105.0,51.0,108.0,201.0,62.0,11.0,220.0,30.0,25.0,163.0,232.0,711.0,202.0,72.0,12.0,16.0,189.0,200.0,main_stream,468
92.0,40.0,62.0,144.0,59.0,8.0,127.0,52.0,17.0,139.0,149.0,241.0,150.0,62.0,13.0,1.0,204.0,210.0,fashion_lifestyle_elite,469
91.0,44.0,66.0,151.0,63.0,7.0,137.0,48.0,18.0,146.0,166.0,280.0,167.0,72.0,1.0,9.0,188.0,194.0,fashion_lifestyle_elite,470
104.0,55.0,109.0,230.0,67.0,12.0,218.0,30.0,24.0,174.0,230.0,706.0,226.0,67.0,8.0,22.0,191.0,202.0,main_stream,471
105.0,50.0,93.0,173.0,54.0,4.0,222.0,30.0,25.0,159.0,254.0,735.0,206.0,83.0,4.0,12.0,186.0,184.0,trendy,472
107.0,56.0,105.0,202.0,61.0,11.0,221.0,30.0,25.0,179.0,234.0,725.0,212.0,72.0,15.0,1.0,189.0,196.0,main_stream,473
82.0,40.0,73.0,141.0,57.0,8.0,153.0,44.0,19.0,133.0,173.0,342.0,153.0,75.0,11.0,9.0,181.0,187.0,main_stream,474
97.0,55.0,104.0,219.0,71.0,9.0,211.0,32.0,24.0,171.0,222.0,658.0,223.0,74.0,1.0,24.0,186.0,196.0,main_stream,475
101.0,55.0,101.0,183.0,57.0,13.0,225.0,30.0,25.0,177.0,225.0,741.0,204.0,71.0,5.0,10.0,186.0,198.0,main_stream,476
89.0,46.0,78.0,150.0,63.0,11.0,160.0,43.0,20.0,160.0,170.0,367.0,176.0,73.0,5.0,9.0,185.0,194.0,fashion_lifestyle_elite,477
94.0,45.0,89.0,213.0,71.0,5.0,186.0,35.0,22.0,145.0,204.0,533.0,182.0,71.0,4.0,13.0,195.0,198.0,trendy,478
86.0,42.0,64.0,122.0,54.0,6.0,148.0,46.0,19.0,143.0,170.0,319.0,171.0,87.0,1.0,3.0,179.0,182.0,trendy,479
104.0,55.0,100.0,201.0,66.0,10.0,214.0,31.0,24.0,173.0,224.0,680.0,221.0,74.0,1.0,1.0,185.0,194.0,main_stream,480
104.0,54.0,91.0,209.0,67.0,11.0,218.0,31.0,24.0,170.0,223.0,697.0,196.0,74.0,4.0,21.0,187.0,196.0,main_stream,481
94.0,46.0,79.0,181.0,62.0,8.0,167.0,40.0,20.0,148.0,190.0,418.0,193.0,67.0,12.0,15.0,191.0,198.0,main_stream,482
86.0,38.0,76.0,143.0,59.0,8.0,142.0,47.0,18.0,131.0,167.0,301.0,138.0,71.0,5.0,10.0,189.0,196.0,fashion_lifestyle_elite,483
90.0,48.0,78.0,143.0,60.0,11.0,161.0,43.0,20.0,159.0,172.0,374.0,186.0,75.0,2.0,2.0,184.0,193.0,fashion_lifestyle_elite,484
83.0,46.0,71.0,156.0,70.0,6.0,151.0,44.0,19.0,147.0,174.0,338.0,198.0,80.0,3.0,11.0,181.0,186.0,trendy,485
104.0,57.0,103.0,222.0,72.0,12.0,221.0,30.0,25.0,177.0,223.0,718.0,218.0,72.0,11.0,12.0,186.0,195.0,main_stream,486
93.0,45.0,81.0,177.0,64.0,7.0,160.0,41.0,20.0,147.0,180.0,383.0,188.0,70.0,11.0,11.0,192.0,199.0,main_stream,487
82.0,39.0,86.0,140.0,54.0,7.0,153.0,45.0,19.0,134.0,174.0,338.0,139.0,71.0,11.0,18.0,183.0,189.0,main_stream,488
102.0,51.0,108.0,193.0,57.0,10.0,212.0,31.0,24.0,162.0,219.0,663.0,184.0,66.0,7.0,21.0,191.0,201.0,main_stream,489
108.0,54.0,109.0,189.0,57.0,11.0,220.0,31.0,25.0,174.0,229.0,709.0,214.0,70.0,12.0,23.0,189.0,201.0,main_stream,490
97.0,45.0,76.0,175.0,60.0,9.0,157.0,42.0,20.0,149.0,180.0,370.0,169.0,63.0,16.0,12.0,198.0,206.0,main_stream,491
85.0,43.0,66.0,130.0,57.0,6.0,151.0,45.0,19.0,143.0,173.0,333.0,168.0,86.0,4.0,9.0,180.0,183.0,trendy,492
102.0,54.0,98.0,177.0,56.0,10.0,219.0,31.0,25.0,171.0,219.0,706.0,223.0,72.0,5.0,17.0,186.0,196.0,main_stream,493
106.0,54.0,105.0,164.0,48.0,5.0,247.0,27.0,27.0,165.0,269.0,891.0,243.0,84.0,12.0,1.0,181.0,182.0,trendy,494
94.0,45.0,72.0,179.0,69.0,6.0,156.0,41.0,19.0,144.0,181.0,373.0,191.0,69.0,5.0,5.0,193.0,198.0,trendy,495
106.0,55.0,98.0,224.0,68.0,11.0,215.0,31.0,24.0,170.0,222.0,688.4,214.0,68.0,2.0,29.0,189.0,201.0,main_stream,496
94.0,43.0,82.0,136.0,54.0,10.0,155.0,43.0,19.0,149.0,176.0,359.0,161.0,74.0,1.0,6.0,186.0,197.0,fashion_lifestyle_elite,497
88.0,36.0,53.0,113.0,57.0,3.0,118.0,57.0,17.0,128.0,137.0,204.0,136.0,88.0,7.0,14.0,180.0,183.0,fashion_lifestyle_elite,498
102.0,54.0,98.0,167.0,53.0,10.0,217.0,31.0,24.0,174.0,228.0,692.0,223.0,72.0,0.0,31.0,187.0,198.0,main_stream,499
101.0,56.0,100.0,204.0,62.0,12.0,227.0,30.0,25.0,178.0,231.0,757.0,204.0,73.0,0.0,11.0,186.0,197.0,main_stream,500
105.0,54.0,96.0,185.0,57.0,10.0,219.0,30.0,25.0,170.0,231.0,706.0,217.0,75.0,5.0,12.0,187.0,195.0,main_stream,501
86.0,36.0,66.0,128.0,57.0,8.0,131.0,52.0,18.0,127.0,148.0,252.0,139.0,76.0,5.0,27.0,183.0,187.0,main_stream,502
91.0,39.0,72.0,133.0,55.0,7.0,146.0,46.0,19.0,132.0,170.0,314.0,149.0,77.0,9.0,18.0,184.0,189.0,main_stream,503
97.0,46.0,94.0,209.0,67.0,10.0,195.0,34.0,22.0,147.0,224.0,573.0,194.0,70.0,0.0,14.0,188.0,197.0,main_stream,504
115.0,53.0,100.0,205.0,64.0,11.0,220.0,30.0,25.0,166.0,229.0,710.0,214.0,71.0,21.0,11.0,189.0,199.0,main_stream,505
101.0,51.0,112.0,201.0,59.0,11.0,214.0,32.0,24.0,162.0,223.0,667.0,194.0,65.0,0.0,36.0,190.0,206.0,main_stream,506
93.0,35.0,78.0,162.0,60.0,8.0,150.0,45.0,19.0,125.0,172.0,331.0,137.0,67.0,2.0,33.0,191.0,198.0,main_stream,507
95.0,46.0,92.0,159.0,63.0,11.0,160.0,42.0,20.0,157.0,176.0,372.0,171.0,70.0,7.0,21.0,189.0,200.0,fashion_lifestyle_elite,508
101.0,55.0,105.0,182.0,59.0,10.0,215.0,31.0,24.0,177.0,221.0,678.0,223.0,74.0,12.0,26.0,186.0,195.0,main_stream,509
86.0,43.0,70.0,126.0,56.0,6.0,148.0,46.0,19.0,145.0,166.0,317.0,171.0,86.0,6.0,9.0,179.0,182.0,trendy,510
88.0,38.0,77.0,156.0,56.0,7.0,163.0,41.0,20.0,129.0,184.0,395.0,140.0,67.0,1.0,9.0,192.0,198.0,main_stream,511
103.0,54.0,107.0,189.0,56.0,11.0,223.0,30.0,25.0,174.0,225.0,729.0,200.0,70.0,0.0,29.0,187.0,201.0,main_stream,512
95.0,37.0,71.0,171.0,61.0,9.0,157.0,43.0,20.0,134.0,178.0,365.0,125.0,63.0,5.0,40.0,196.0,208.0,main_stream,513
89.0,38.0,74.0,138.0,59.0,7.0,136.0,49.0,18.0,133.0,167.0,278.0,128.0,72.0,7.0,7.0,189.0,193.0,fashion_lifestyle_elite,514
76.0,38.0,58.0,125.0,58.0,5.0,133.0,51.0,18.0,127.0,152.0,259.0,145.0,87.0,0.0,21.0,177.0,184.0,main_stream,515
92.0,42.0,75.0,172.0,60.0,8.0,147.0,45.0,19.0,142.0,174.0,322.0,160.0,62.0,22.0,10.0,206.0,211.0,main_stream,516
107.0,54.0,108.0,228.0,68.0,12.0,218.0,31.0,25.0,170.0,223.0,700.0,224.0,67.0,13.0,25.0,190.0,204.0,main_stream,517
85.0,40.0,75.0,137.0,56.0,7.0,152.0,44.0,19.0,134.0,173.0,339.0,160.0,76.0,7.0,16.0,182.0,187.0,main_stream,518
88.0,39.0,76.0,155.0,62.0,8.0,137.0,48.0,18.0,137.0,156.0,281.0,124.0,63.0,3.0,6.0,201.0,209.0,fashion_lifestyle_elite,519
89.0,40.0,89.0,174.0,58.0,8.0,177.0,37.0,21.0,133.0,202.0,471.0,155.0,70.0,7.0,18.0,189.0,196.0,main_stream,520
93.0,40.0,73.0,139.0,58.0,6.0,136.0,49.0,18.0,138.0,166.0,275.0,137.0,73.0,0.0,0.0,187.0,188.0,fashion_lifestyle_elite,521
89.0,36.0,69.0,162.0,63.0,6.0,140.0,48.0,18.0,131.0,159.8,291.0,126.0,66.0,1.0,38.0,193.0,204.0,main_stream,522
90.0,43.0,81.0,231.0,97.0,46.0,150.0,45.0,19.0,149.0,200.0,332.0,164.0,91.0,5.0,9.0,186.0,196.0,fashion_lifestyle_elite,523
105.0,52.0,107.0,207.0,60.0,11.0,218.0,31.0,24.0,167.0,221.0,701.0,197.0,66.0,0.0,20.0,191.0,203.0,main_stream,524
92.0,45.0,76.0,162.0,57.0,7.0,159.0,41.0,20.0,147.0,184.0,381.0,177.0,69.0,8.0,10.0,190.0,195.0,main_stream,525
97.0,44.0,95.0,202.0,66.0,9.0,188.0,35.0,22.0,144.0,216.0,526.0,175.0,72.0,15.0,11.0,190.0,197.0,main_stream,526
109.0,49.0,103.0,186.0,57.0,11.0,206.0,32.0,23.0,156.0,212.0,630.0,186.0,65.0,12.0,21.0,192.0,201.0,main_stream,527
95.0,47.0,73.0,195.0,70.0,7.0,167.0,38.0,20.0,152.0,184.0,430.0,185.0,69.0,9.0,19.0,200.0,206.0,trendy,528
86.0,43.0,61.0,119.0,53.0,8.0,150.0,46.0,19.0,144.0,169.0,326.0,172.0,85.0,8.0,8.0,179.0,182.0,trendy,529
88.0,48.0,90.0,178.0,60.0,8.0,175.0,38.0,21.0,152.0,200.0,460.0,198.0,68.0,13.0,16.0,192.0,199.0,main_stream,530
107.0,55.0,103.0,167.0,49.0,7.0,252.0,27.0,28.0,172.0,269.0,904.0,239.0,83.0,5.0,30.0,179.0,186.0,trendy,531
104.0,49.0,105.0,209.0,61.0,11.0,207.0,32.0,24.0,157.0,217.0,637.0,168.0,64.0,0.0,19.0,193.0,207.0,main_stream,532
89.0,41.0,63.0,134.0,59.0,6.0,123.0,55.0,17.0,137.0,148.0,223.0,150.0,76.0,12.0,3.0,186.0,188.0,fashion_lifestyle_elite,533
90.0,39.0,57.0,114.0,48.0,7.0,135.0,51.0,18.0,139.0,155.0,261.0,151.0,85.0,12.0,8.0,183.0,182.0,fashion_lifestyle_elite,534
98.0,44.0,88.0,176.0,67.0,10.0,158.0,43.0,20.0,149.0,173.0,367.0,154.0,66.0,14.0,9.0,194.0,202.0,fashion_lifestyle_elite,535
102.0,55.0,101.0,213.0,67.0,12.0,222.0,30.0,25.0,177.0,226.0,719.0,213.0,71.0,2.0,21.0,187.0,199.0,main_stream,536
86.0,40.0,66.0,139.0,59.0,7.0,122.0,54.0,17.0,139.0,145.0,225.0,143.0,63.0,7.0,11.0,202.0,208.0,fashion_lifestyle_elite,537
101.0,49.0,103.0,212.0,67.0,10.0,201.0,33.0,23.0,156.0,215.0,601.0,174.0,69.0,4.0,11.0,189.0,196.0,main_stream,538
109.0,55.0,96.0,191.0,57.0,6.0,241.0,28.0,26.0,170.0,267.0,857.0,242.0,85.0,8.0,9.0,184.0,184.0,trendy,539
92.0,45.0,74.0,187.0,74.0,7.0,157.0,41.0,19.0,143.0,179.0,375.0,183.0,70.0,8.0,6.0,195.0,201.0,trendy,540
88.0,34.0,58.0,140.0,59.0,6.0,127.0,52.0,18.0,130.0,148.0,243.0,113.0,63.0,4.0,10.0,199.0,206.0,fashion_lifestyle_elite,541
93.0,39.0,86.0,180.0,59.0,9.0,167.0,39.0,20.0,134.0,186.0,418.0,129.0,63.0,6.0,17.0,197.0,204.0,main_stream,542
96.0,37.0,74.0,187.0,68.0,8.0,159.0,42.0,20.0,134.0,183.0,378.0,134.0,69.0,3.0,16.0,190.0,197.0,main_stream,543
88.0,43.0,70.0,177.0,74.0,19.0,152.0,44.0,19.0,143.0,180.0,342.0,168.0,76.0,1.0,9.0,186.0,189.0,trendy,544
88.0,44.0,84.0,135.0,55.0,12.0,155.0,44.0,20.0,158.0,176.0,351.0,164.0,75.0,7.0,11.0,183.0,195.0,fashion_lifestyle_elite,545
92.0,40.0,66.0,111.0,48.0,7.0,139.0,50.0,19.0,140.0,159.0,277.0,148.0,85.0,12.0,19.0,182.0,183.0,fashion_lifestyle_elite,546
88.0,44.0,70.0,151.0,61.0,8.0,143.0,46.0,18.0,143.0,163.0,311.0,173.0,68.0,7.0,8.0,196.0,203.0,trendy,547
94.0,39.0,75.0,184.0,72.0,8.0,155.0,42.0,19.0,133.0,175.0,365.0,145.0,70.0,4.0,5.0,192.0,200.0,trendy,548
107.0,51.0,103.0,182.0,56.0,11.0,213.0,31.0,24.0,162.0,226.0,673.0,217.0,72.0,2.0,4.0,188.0,198.0,main_stream,549
86.0,38.0,58.0,119.0,56.0,4.0,118.0,57.0,17.0,129.0,140.0,208.0,152.0,78.0,9.0,2.0,184.0,186.0,fashion_lifestyle_elite,550
79.0,39.0,72.0,127.0,53.0,9.0,142.0,48.0,19.0,135.0,165.0,295.0,144.0,77.0,7.0,21.0,181.0,189.0,main_stream,551
90.0,39.0,89.0,181.0,62.0,8.0,175.0,38.0,21.0,132.0,200.0,458.0,154.0,70.0,11.0,15.0,189.0,195.0,main_stream,552
86.0,45.0,66.0,126.0,57.0,8.0,148.0,46.0,19.0,145.0,170.0,321.0,186.0,86.0,0.0,7.0,179.0,182.0,trendy,553
113.0,48.0,98.0,208.0,62.0,9.0,203.0,33.0,23.0,151.0,216.0,613.0,183.0,64.0,17.0,29.0,193.0,204.0,main_stream,554
87.0,49.0,86.0,190.0,64.0,9.0,177.0,37.0,21.0,153.0,197.0,471.0,209.0,67.0,11.0,7.0,192.0,199.0,main_stream,555
108.0,56.0,102.0,246.0,75.0,6.0,239.0,28.0,26.0,167.0,264.0,855.0,228.0,82.0,9.0,13.0,186.0,185.0,trendy,556
86.0,40.0,66.0,138.0,59.0,4.0,137.0,49.0,18.0,133.0,162.0,279.0,151.0,74.0,6.0,14.0,186.0,190.0,main_stream,557
85.0,43.0,66.0,121.0,54.0,7.0,150.0,46.0,19.0,147.0,169.0,324.0,175.0,87.0,0.0,5.0,179.0,182.0,trendy,558
101.0,56.0,101.0,231.0,72.0,10.0,217.0,31.0,24.0,171.0,232.0,698.0,216.0,72.0,2.0,6.0,187.0,197.0,main_stream,559
105.0,55.0,96.0,181.0,56.0,9.0,219.0,30.0,25.0,175.0,231.0,713.0,216.0,74.0,4.0,5.0,187.0,194.0,main_stream,560
88.0,39.0,88.0,194.0,69.0,8.0,168.0,40.0,20.0,133.0,199.0,416.0,151.0,74.0,3.0,22.0,186.0,192.0,main_stream,561
113.0,53.0,93.0,197.0,62.0,11.0,216.0,31.0,24.0,165.0,221.0,688.0,196.0,72.0,6.0,25.0,188.0,199.0,main_stream,562
89.0,42.0,75.0,140.0,55.0,6.0,145.0,46.0,19.0,139.0,170.0,312.0,166.0,71.0,15.0,26.0,191.0,198.0,main_stream,563
98.0,35.0,70.0,182.0,68.0,5.0,155.0,41.0,19.0,124.0,184.0,371.0,117.0,71.0,3.0,22.0,202.0,205.0,trendy,564
101.0,48.0,85.0,191.0,60.0,11.0,175.0,38.0,21.0,153.0,192.0,458.0,187.0,62.0,5.0,22.0,197.0,210.0,main_stream,565
108.0,54.0,103.0,212.0,65.0,11.0,208.0,32.0,24.0,162.0,228.0,648.0,240.0,71.0,9.0,0.0,189.0,197.0,main_stream,566
91.0,40.0,83.0,166.0,60.0,8.0,160.0,41.0,20.0,133.0,189.0,383.0,155.0,72.0,5.0,7.0,186.0,191.0,main_stream,567
86.0,43.0,69.0,123.0,54.0,6.0,150.0,46.0,19.0,144.0,174.0,325.0,177.0,87.0,3.0,7.0,180.0,182.0,trendy,568
97.0,35.0,66.0,151.0,64.0,8.0,128.0,52.0,18.0,129.0,148.0,246.0,112.0,66.0,6.0,2.0,195.0,200.0,fashion_lifestyle_elite,569
105.0,53.0,108.0,206.0,63.0,12.0,222.0,31.0,25.0,168.0,226.0,712.0,201.0,71.0,15.0,35.0,189.0,203.0,main_stream,570
94.0,43.0,69.0,161.0,59.0,7.0,152.0,43.0,19.0,143.0,175.0,349.0,187.0,67.0,12.0,11.0,193.0,198.0,main_stream,571
96.0,45.0,87.0,169.0,67.0,10.0,154.0,44.0,19.0,149.0,167.0,351.0,174.0,67.0,9.0,8.0,192.0,201.0,fashion_lifestyle_elite,572
89.0,47.0,80.0,131.0,54.0,11.0,160.0,43.0,20.0,163.0,175.0,369.0,174.0,77.0,1.0,7.0,182.0,193.0,fashion_lifestyle_elite,573
104.0,55.0,105.0,216.0,68.0,11.0,205.0,32.0,23.0,169.0,221.0,623.0,216.0,71.0,9.0,18.0,189.0,196.0,main_stream,574
109.0,54.0,103.0,220.0,66.0,11.0,214.0,31.0,24.0,167.0,229.0,677.0,212.0,70.0,1.0,23.0,188.0,201.0,main_stream,575
109.0,53.0,103.0,210.0,63.0,11.0,219.0,30.0,25.0,172.0,229.0,707.0,212.0,71.0,6.0,3.0,188.0,199.0,main_stream,576
99.0,54.0,100.0,199.0,62.0,9.0,200.0,33.0,23.0,166.0,222.0,600.0,241.0,70.0,2.0,7.0,189.0,198.0,main_stream,577
92.0,46.0,82.0,170.0,58.0,8.0,165.0,40.0,20.0,149.0,181.0,409.0,164.0,61.0,8.0,11.0,200.0,208.0,main_stream,578
84.0,38.0,66.0,138.0,62.0,6.0,126.0,54.0,18.0,132.0,144.0,232.0,139.0,70.0,4.0,7.0,185.0,190.0,main_stream,579
85.0,42.0,66.0,120.0,53.0,7.0,149.0,45.0,19.0,145.0,173.0,325.0,163.0,85.0,5.0,4.0,180.0,182.0,trendy,580
89.0,36.0,68.0,141.0,59.0,8.0,139.0,47.0,18.0,130.0,166.0,291.0,127.0,73.0,7.0,1.0,189.0,196.0,fashion_lifestyle_elite,581
108.0,53.0,104.0,181.0,56.0,11.0,220.0,31.0,25.0,167.0,226.0,712.0,214.0,72.0,15.0,18.0,189.0,199.0,main_stream,582
104.0,54.0,101.0,197.0,64.0,11.0,213.0,31.0,24.0,172.0,218.0,669.0,222.0,74.0,14.0,4.0,187.0,196.0,main_stream,583
100.0,51.0,89.0,199.0,65.0,6.0,201.0,32.0,23.0,159.0,219.0,622.0,205.0,74.0,6.0,7.0,193.0,193.0,trendy,584
85.0,35.0,64.0,129.0,57.0,6.0,116.0,57.0,17.0,125.0,138.0,200.0,123.0,65.0,1.0,23.0,196.0,203.0,fashion_lifestyle_elite,585
98.0,55.0,108.0,168.0,53.0,11.0,224.0,30.0,25.0,178.0,231.0,737.0,217.0,73.0,8.0,30.0,187.0,198.0,main_stream,586
84.0,38.0,74.0,138.0,57.0,8.0,139.0,49.0,18.0,127.0,160.0,282.0,127.0,72.0,9.0,20.0,183.0,191.0,main_stream,587
89.0,38.0,78.0,153.0,61.0,7.0,146.0,46.0,19.0,127.0,166.0,314.0,142.0,69.0,0.0,9.0,187.0,194.0,main_stream,588
104.0,55.0,105.0,223.0,70.0,10.0,223.0,30.0,25.0,177.0,237.0,737.0,218.0,75.0,14.0,11.0,188.0,196.0,main_stream,589
84.0,44.0,65.0,128.0,55.0,8.0,150.0,46.0,19.0,148.0,169.0,325.0,176.0,82.0,1.0,11.0,179.0,183.0,trendy,590
80.0,36.0,69.0,127.0,56.0,7.0,128.0,53.0,18.0,124.0,147.0,240.0,133.0,70.0,2.0,21.0,183.0,191.0,main_stream,591
79.0,43.0,72.0,141.0,62.0,8.0,153.0,44.0,19.0,144.0,175.0,344.0,174.0,78.0,0.0,8.0,182.0,188.0,trendy,592
89.0,43.0,77.0,147.0,54.0,8.0,144.0,46.0,19.0,146.0,163.0,308.0,174.0,64.0,13.0,5.0,194.0,201.0,main_stream,593
83.0,40.0,59.0,116.0,53.0,7.0,132.0,52.0,18.0,137.0,145.0,250.0,157.0,84.0,12.0,6.0,177.0,183.0,fashion_lifestyle_elite,594
89.0,50.0,83.0,195.0,65.0,6.0,178.0,37.0,21.0,156.0,207.0,481.0,210.0,71.0,1.0,6.0,189.0,194.0,main_stream,595
90.0,40.0,83.0,178.0,61.0,8.0,178.0,37.0,21.0,132.0,199.0,472.0,157.0,71.0,1.0,14.0,187.0,193.0,main_stream,596
88.0,42.0,66.0,133.0,57.0,6.0,123.0,54.0,17.0,144.0,147.0,227.0,160.0,66.0,8.0,4.0,193.0,198.0,fashion_lifestyle_elite,597
96.0,43.0,82.0,161.0,55.0,5.0,186.0,34.0,22.0,141.0,215.0,534.0,162.0,75.0,0.0,6.0,195.0,196.0,trendy,598
93.0,39.0,63.0,146.0,58.0,7.0,128.0,52.0,18.0,134.0,149.0,246.0,158.0,63.0,9.0,7.0,198.0,204.0,main_stream,599
98.0,46.0,77.0,199.0,71.0,7.0,166.0,39.0,20.0,150.0,184.0,422.0,180.0,69.0,13.0,9.0,200.0,203.0,trendy,600
93.0,39.0,78.0,164.0,66.0,8.0,139.0,48.0,18.0,140.0,157.0,290.0,126.0,64.0,4.0,7.0,201.0,208.0,fashion_lifestyle_elite,601
100.0,51.0,109.0,231.0,70.0,11.0,220.0,30.0,25.0,163.0,238.0,722.0,206.0,73.0,11.0,19.0,189.0,198.0,main_stream,602
90.0,36.0,85.0,184.0,64.0,6.0,160.0,41.0,20.0,125.0,187.0,385.0,139.0,66.0,9.0,31.0,195.0,203.0,main_stream,603
88.0,40.0,79.0,183.0,62.0,7.0,176.0,38.0,21.0,138.0,200.0,462.0,150.0,66.0,0.0,29.0,189.0,199.0,main_stream,604
97.0,53.0,105.0,225.0,71.0,12.0,221.0,30.0,25.0,167.0,226.0,713.0,202.0,70.0,3.0,20.0,186.0,200.0,main_stream,605
84.0,37.0,70.0,150.0,61.0,7.0,137.0,49.0,18.0,140.0,156.0,278.0,121.0,64.0,0.0,23.0,196.0,205.0,fashion_lifestyle_elite,606
86.0,39.0,62.0,129.0,59.0,6.0,116.0,57.0,17.0,135.0,137.0,203.0,145.0,64.0,7.0,9.0,199.0,204.0,fashion_lifestyle_elite,607
85.0,38.0,72.0,130.0,53.0,9.0,134.0,51.0,18.0,132.0,145.0,261.0,123.0,65.0,1.0,24.0,188.0,198.0,main_stream,608
87.0,42.0,60.0,116.0,51.0,6.0,150.0,46.0,19.0,141.0,169.0,324.0,171.0,85.0,2.0,14.0,178.0,182.0,trendy,609
103.0,56.0,105.0,183.0,59.0,10.0,210.0,32.0,24.0,173.0,217.0,648.0,218.0,72.0,13.0,22.0,188.0,196.0,main_stream,610
90.0,49.0,85.0,141.0,57.0,11.0,159.0,43.0,20.0,167.0,173.0,365.0,186.0,75.0,1.0,11.0,182.0,192.0,fashion_lifestyle_elite,611
80.0,34.0,42.0,110.0,57.0,3.0,114.0,59.0,17.0,119.0,131.0,191.0,121.0,87.0,4.0,7.0,179.0,183.0,main_stream,612
92.0,37.0,75.0,191.0,71.0,6.0,161.0,40.0,20.0,128.0,180.0,393.0,135.0,69.0,1.0,14.0,195.0,202.0,trendy,613
85.0,33.0,50.0,104.0,53.0,4.0,115.0,59.0,17.0,118.0,136.0,193.0,127.0,83.0,1.0,30.0,179.0,185.0,main_stream,614
88.0,34.0,69.0,152.0,57.0,5.0,138.0,48.0,18.0,122.0,158.0,284.0,120.0,62.0,9.0,29.0,204.0,210.0,main_stream,615
92.0,42.0,69.0,153.0,58.0,8.0,140.0,48.0,18.0,138.0,165.0,290.0,151.0,64.0,10.0,21.0,199.0,206.0,main_stream,616
83.0,37.0,49.0,112.0,55.0,5.0,122.0,55.0,17.0,128.0,144.0,219.0,146.0,85.0,8.0,16.0,180.0,184.0,fashion_lifestyle_elite,617
98.0,39.0,68.0,136.0,56.0,8.0,131.0,52.0,18.0,144.0,159.0,251.0,134.0,72.0,4.0,10.0,186.0,187.0,fashion_lifestyle_elite,618
97.0,55.0,96.0,170.0,54.0,10.0,216.0,31.0,24.0,173.0,219.0,685.0,218.0,75.0,0.0,4.0,184.0,193.0,main_stream,619
108.0,56.0,103.0,234.0,73.0,10.0,221.0,30.0,25.0,174.0,232.0,718.0,214.0,73.0,8.0,3.0,187.0,197.0,main_stream,620
90.0,48.0,81.0,144.0,60.0,9.0,150.0,44.0,19.0,156.0,173.0,333.0,200.0,75.0,2.0,0.0,185.0,195.0,fashion_lifestyle_elite,621
96.0,40.0,100.0,178.0,58.0,8.0,181.0,37.0,21.0,134.0,205.0,486.0,160.0,68.0,5.0,34.0,192.0,202.0,main_stream,622
106.0,52.0,108.0,207.0,64.0,12.0,221.0,31.0,25.0,168.0,229.0,709.0,200.0,73.0,22.0,38.0,190.0,205.0,main_stream,623
84.0,36.0,75.0,136.0,55.0,6.0,140.0,48.0,18.0,125.0,166.0,290.0,138.0,71.0,4.0,36.0,189.0,195.0,main_stream,624
104.0,53.0,101.0,190.0,63.0,10.0,213.0,32.0,24.0,166.0,218.0,664.0,202.0,74.0,13.0,21.0,188.0,198.0,main_stream,625
83.0,44.0,70.0,166.0,69.0,5.0,143.0,46.0,18.0,143.0,166.0,306.0,170.0,69.0,7.0,6.0,188.0,193.0,trendy,626
88.0,44.0,71.0,165.0,70.0,7.0,144.0,46.0,19.0,141.0,167.0,312.0,172.0,71.0,4.0,4.0,188.0,193.0,trendy,627
98.0,51.0,84.0,207.0,72.0,7.0,184.0,35.0,21.0,161.0,199.0,520.0,198.0,72.0,9.0,11.0,196.0,199.0,trendy,628
90.0,42.0,63.0,144.0,59.0,7.0,131.0,50.0,18.0,142.0,154.0,259.0,162.0,65.0,15.0,3.0,197.0,204.0,fashion_lifestyle_elite,629
86.0,40.0,63.0,135.0,56.0,5.0,133.0,50.0,18.0,135.0,152.0,262.0,166.0,70.0,9.0,2.0,187.0,191.0,main_stream,630
103.0,49.0,107.0,179.0,54.0,12.0,208.0,32.0,24.0,159.0,214.0,644.0,183.0,66.0,1.0,12.0,191.0,200.0,main_stream,631
86.0,44.0,70.0,140.0,64.0,6.0,148.0,45.0,19.0,145.0,170.0,322.0,185.0,82.0,10.0,1.0,181.0,183.0,trendy,632
102.0,52.0,101.0,213.0,64.0,10.0,203.0,33.0,23.0,157.0,214.0,616.0,186.0,65.0,0.0,19.0,193.0,203.0,main_stream,633
81.0,38.0,53.0,123.0,58.0,6.0,134.0,51.0,18.0,128.0,147.0,259.0,148.0,83.0,10.0,6.0,177.0,184.0,main_stream,634
97.0,41.0,62.0,133.0,56.0,7.0,130.0,52.0,18.0,143.0,158.0,247.0,157.0,78.0,5.0,7.0,184.0,186.0,fashion_lifestyle_elite,635
96.0,41.0,69.0,153.0,56.0,7.0,141.0,47.0,18.0,141.0,162.0,297.0,169.0,61.0,11.0,8.0,202.0,209.0,main_stream,636
86.0,44.0,65.0,129.0,56.0,6.0,152.0,45.0,19.0,150.0,168.0,331.0,177.0,83.0,4.0,13.0,178.0,183.0,trendy,637
97.0,49.0,76.0,203.0,73.0,7.0,178.0,36.0,21.0,157.0,194.0,487.0,186.0,72.0,0.0,7.0,197.0,200.0,trendy,638
108.0,55.0,105.0,230.0,68.0,11.0,218.0,30.0,24.0,171.0,228.0,709.0,210.0,69.0,14.0,4.0,190.0,197.0,main_stream,639
91.0,52.0,98.0,196.0,62.0,9.0,193.0,34.0,22.0,161.0,216.0,562.0,244.0,69.0,3.0,1.0,190.0,199.0,main_stream,640
84.0,43.0,76.0,180.0,75.0,7.0,155.0,43.0,19.0,143.0,180.0,359.0,173.0,77.0,5.0,12.0,185.0,190.0,trendy,641
95.0,46.0,104.0,208.0,66.0,9.0,191.0,35.0,22.0,148.0,210.0,543.0,169.0,68.0,0.0,28.0,190.0,200.0,main_stream,642
95.0,43.0,83.0,198.0,69.0,6.0,177.0,36.0,21.0,139.0,189.0,484.0,163.0,68.0,6.0,4.0,196.0,198.0,trendy,643
96.0,46.0,88.0,160.0,64.0,9.0,151.0,44.0,19.0,148.0,173.0,339.0,182.0,70.0,15.0,11.0,192.0,199.0,fashion_lifestyle_elite,644
86.0,44.0,77.0,155.0,60.0,7.0,152.0,44.0,19.0,141.0,174.0,345.0,161.0,72.0,9.0,0.0,187.0,192.0,main_stream,645
90.0,38.0,79.0,185.0,69.0,6.0,160.0,40.0,20.0,130.0,178.0,393.0,133.0,66.0,2.0,14.0,198.0,205.0,trendy,646
85.0,38.0,75.0,132.0,54.0,7.0,147.0,46.0,19.0,131.0,171.0,318.0,145.0,75.0,7.0,25.0,183.0,188.0,main_stream,647
105.0,53.0,105.0,184.0,57.0,11.0,211.0,31.0,24.0,168.0,224.0,661.0,218.0,71.0,0.0,15.0,186.0,197.0,main_stream,648
89.0,38.0,77.0,161.0,62.0,7.0,149.0,45.0,19.0,129.0,174.0,327.0,153.0,71.0,6.0,21.0,188.0,193.0,main_stream,649
98.0,55.0,104.0,213.0,67.0,9.0,206.0,32.0,23.0,167.0,223.0,629.0,220.0,72.0,5.0,19.0,187.0,196.0,main_stream,650
85.0,40.0,66.0,136.0,58.0,6.0,142.0,48.0,19.0,137.0,164.0,295.0,164.0,77.0,2.0,22.0,182.0,186.0,main_stream,651
97.0,37.0,78.0,181.0,62.0,8.0,161.0,41.0,20.0,131.0,182.0,389.0,117.0,62.0,2.0,28.0,203.0,211.0,main_stream,652
97.0,41.0,92.0,197.0,63.0,10.0,179.0,37.0,21.0,140.0,197.0,481.0,136.0,63.0,4.0,3.0,197.0,204.0,main_stream,653
100.0,47.0,88.0,190.0,60.0,10.0,171.0,38.0,21.0,155.0,186.0,440.0,169.0,59.0,15.0,18.0,201.0,210.0,main_stream,654
86.0,35.0,44.0,110.0,54.0,2.0,119.0,57.0,17.0,121.0,139.0,208.0,137.0,90.0,6.0,1.0,180.0,183.0,fashion_lifestyle_elite,655
84.0,42.0,76.0,156.0,64.0,7.0,151.0,44.0,19.0,143.0,179.0,339.0,157.0,75.0,0.0,20.0,187.0,193.0,trendy,656
89.0,45.0,85.0,149.0,59.0,11.0,158.0,43.0,20.0,158.0,177.0,362.0,173.0,75.0,12.0,16.0,183.0,193.0,fashion_lifestyle_elite,657
91.0,39.0,77.0,153.0,59.0,8.0,139.0,48.0,18.0,139.0,159.0,289.0,123.0,62.0,8.0,17.0,201.0,209.0,fashion_lifestyle_elite,658
96.0,50.0,94.0,215.0,67.0,9.0,187.0,35.0,22.0,158.0,214.0,525.0,214.0,67.0,8.0,6.0,193.0,201.0,main_stream,659
88.0,35.0,60.0,143.0,59.0,7.0,128.0,52.0,18.0,129.0,147.0,246.0,109.0,62.0,1.0,6.0,202.0,209.0,fashion_lifestyle_elite,660
110.0,46.0,100.0,197.0,61.0,9.0,193.0,34.0,22.0,149.0,209.0,561.0,160.0,65.0,11.0,7.0,194.0,203.0,main_stream,661
87.0,41.0,66.0,140.0,58.0,6.0,148.0,46.0,19.0,136.0,164.0,318.0,178.0,79.0,19.0,2.0,181.0,185.0,main_stream,662
89.0,47.0,83.0,169.0,61.0,8.0,164.0,40.0,20.0,150.0,189.0,402.0,190.0,72.0,7.0,10.0,187.0,193.0,main_stream,663
90.0,43.0,72.0,157.0,64.0,8.0,136.0,49.0,18.0,145.0,158.0,279.0,167.0,64.0,4.0,6.0,201.0,209.0,fashion_lifestyle_elite,664
90.0,47.0,85.0,161.0,64.0,10.0,163.0,42.0,20.0,160.0,177.0,389.0,185.0,73.0,9.0,0.0,185.0,195.0,fashion_lifestyle_elite,665
102.0,43.0,96.0,197.0,63.0,10.0,185.0,36.0,22.0,142.0,202.0,513.0,139.0,65.0,8.0,12.0,195.0,204.0,main_stream,666
110.0,53.0,104.0,223.0,66.0,10.0,211.0,32.0,24.0,164.0,223.0,659.0,210.0,67.0,5.0,16.0,190.0,203.0,main_stream,667
94.0,46.0,91.0,175.0,70.0,12.0,157.0,43.0,20.0,155.0,172.0,358.0,192.0,69.0,15.0,21.0,190.0,200.0,fashion_lifestyle_elite,668
85.0,44.0,66.0,125.0,58.0,6.0,148.0,45.0,19.0,145.0,170.0,323.0,185.0,84.0,8.0,1.0,180.0,183.0,trendy,669
95.0,51.0,96.0,196.0,63.0,9.0,190.0,35.0,22.0,161.0,208.0,543.0,235.0,68.0,13.0,0.0,191.0,198.0,main_stream,670
103.0,41.0,83.0,194.0,63.0,9.0,175.0,38.0,21.0,142.0,199.0,455.0,138.0,65.0,7.0,30.0,197.0,206.0,main_stream,671
97.0,47.0,88.0,183.0,60.0,7.0,197.0,33.0,23.0,148.0,214.0,596.0,201.0,74.0,8.0,0.0,192.0,191.0,trendy,672
91.0,35.0,66.0,159.0,59.0,7.0,147.0,45.0,19.0,131.0,169.0,322.0,123.0,64.0,1.0,1.0,197.0,203.0,main_stream,673
92.0,37.0,80.0,180.0,67.0,8.0,154.0,43.0,19.0,129.0,180.0,353.0,144.0,69.0,6.0,9.0,190.0,195.0,main_stream,674
100.0,58.0,109.0,230.0,70.0,11.0,226.0,30.0,25.0,182.0,234.0,752.0,207.0,72.0,0.0,13.0,187.0,198.0,main_stream,675
82.0,43.0,73.0,158.0,68.0,7.0,151.0,44.0,19.0,145.0,181.0,337.0,173.0,80.0,2.0,17.0,183.0,188.0,trendy,676
105.0,51.0,80.0,207.0,71.0,6.0,195.0,33.0,22.0,159.0,214.0,579.0,188.0,75.0,6.0,20.0,194.0,194.0,trendy,677
86.0,45.0,70.0,122.0,56.0,7.0,148.0,45.0,19.0,144.0,170.0,324.0,186.0,84.0,9.0,5.0,180.0,183.0,trendy,678
89.0,41.0,76.0,183.0,73.0,7.0,157.0,42.0,19.0,136.0,181.0,373.0,153.0,74.0,8.0,12.0,191.0,195.0,trendy,679
95.0,46.0,76.0,162.0,66.0,11.0,162.0,42.0,20.0,155.0,175.0,381.0,172.0,74.0,8.0,4.0,184.0,193.0,fashion_lifestyle_elite,680
96.0,46.0,70.0,194.0,70.0,6.0,167.0,39.0,20.0,148.0,183.0,427.0,171.0,69.0,17.0,10.0,200.0,203.0,trendy,681
90.0,46.0,73.0,137.0,58.0,11.0,161.0,43.0,20.0,158.0,170.0,373.0,186.0,76.0,0.0,9.0,182.0,193.0,fashion_lifestyle_elite,682
110.0,56.0,109.0,199.0,57.0,5.0,251.0,27.0,27.0,169.0,272.0,928.0,268.0,82.0,11.0,10.0,183.0,183.0,trendy,683
99.0,38.0,74.0,184.0,66.0,6.0,164.0,39.0,20.0,131.0,193.0,414.0,137.0,71.0,2.0,22.0,200.0,202.0,trendy,684
85.0,42.0,66.0,120.0,53.0,7.0,149.0,46.0,19.0,143.0,169.0,321.0,160.0,85.0,10.0,7.0,180.0,182.0,trendy,685
88.0,40.0,69.0,146.0,59.0,7.0,130.0,51.0,18.0,134.0,147.0,252.0,144.0,64.0,1.0,1.0,193.0,200.0,main_stream,686
106.0,57.0,107.0,235.0,67.0,6.0,262.0,26.0,28.0,171.0,285.0,987.0,260.0,86.0,9.0,31.0,180.0,184.0,trendy,687
89.0,35.0,52.0,121.0,57.0,4.0,122.0,55.0,17.0,125.0,139.0,220.0,128.0,82.0,5.0,13.0,181.0,184.0,main_stream,688
105.0,51.0,105.0,197.0,60.0,11.0,191.0,35.0,22.0,162.0,207.0,545.0,194.0,64.0,18.0,4.0,196.0,205.0,main_stream,689
94.0,40.0,85.0,186.0,62.0,9.0,169.0,39.0,20.0,139.0,184.0,430.0,133.0,61.0,2.0,9.0,200.0,210.0,main_stream,690
86.0,45.0,71.0,170.0,70.0,6.0,146.0,45.0,19.0,146.0,172.0,321.0,189.0,71.0,10.0,8.0,187.0,191.0,trendy,691
108.0,51.0,100.0,206.0,63.0,10.0,196.0,34.0,23.0,159.0,214.0,576.0,201.0,65.0,7.0,16.0,194.0,205.0,main_stream,692
90.0,46.0,75.0,133.0,55.0,11.0,160.0,43.0,20.0,161.0,173.0,369.0,171.0,77.0,0.0,16.0,182.0,192.0,fashion_lifestyle_elite,693
100.0,43.0,92.0,197.0,62.0,10.0,180.0,36.0,21.0,143.0,200.0,489.0,153.0,64.0,6.0,9.0,195.0,205.0,main_stream,694
92.0,41.0,66.0,125.0,52.0,7.0,139.0,50.0,18.0,143.0,160.0,275.0,161.0,81.0,7.0,19.0,182.0,184.0,fashion_lifestyle_elite,695
89.0,38.0,82.0,156.0,59.0,8.0,153.0,43.0,19.0,129.0,179.0,351.0,137.0,70.0,1.0,1.0,187.0,192.0,main_stream,696
92.0,37.0,75.0,184.0,70.0,6.0,154.0,42.0,19.0,131.0,184.0,363.0,127.0,71.0,0.0,4.0,198.0,202.0,trendy,697
83.0,42.0,71.0,152.0,64.0,7.0,149.0,45.0,19.0,142.0,172.0,331.0,158.0,74.0,2.0,2.0,184.0,190.0,trendy,698
93.0,47.0,83.0,165.0,60.0,7.0,167.0,40.0,20.0,147.0,197.0,417.0,201.0,73.0,12.0,4.0,187.0,192.0,main_stream,699
106.0,53.0,98.0,192.0,58.0,11.0,217.0,31.0,24.0,166.0,228.0,693.0,191.0,71.0,11.0,24.0,188.0,198.0,main_stream,700
108.0,49.0,103.0,200.0,62.0,10.0,206.0,32.0,23.0,155.0,227.0,635.0,215.0,72.0,6.0,16.0,189.0,198.0,main_stream,701
96.0,48.0,83.0,177.0,59.0,8.0,171.0,39.0,21.0,152.0,195.0,438.0,196.0,67.0,15.0,0.0,195.0,201.0,main_stream,702
93.0,43.0,78.0,162.0,64.0,8.0,137.0,48.0,18.0,145.0,156.0,281.0,159.0,63.0,17.0,12.0,203.0,210.0,fashion_lifestyle_elite,703
99.0,52.0,104.0,177.0,55.0,10.0,210.0,32.0,24.0,166.0,219.0,657.0,215.0,73.0,3.0,2.0,187.0,194.0,main_stream,704
110.0,54.0,102.0,201.0,64.0,11.0,213.0,31.0,24.0,171.0,222.0,669.0,221.0,73.0,17.0,16.0,188.0,198.0,main_stream,705
82.0,43.0,70.0,250.0,105.0,55.0,139.0,48.0,18.0,145.0,231.0,289.0,172.0,99.0,4.0,9.0,190.0,199.0,fashion_lifestyle_elite,706
92.0,35.0,58.0,136.0,58.0,6.0,122.0,55.0,17.0,132.0,142.0,222.0,116.0,64.0,6.0,17.0,197.0,203.0,fashion_lifestyle_elite,707
94.0,49.0,82.0,137.0,56.0,10.0,159.0,43.0,20.0,160.0,176.0,367.0,186.0,76.0,10.0,7.0,183.0,192.0,fashion_lifestyle_elite,708
95.0,42.0,96.0,197.0,65.0,9.0,178.0,37.0,21.0,141.0,199.0,474.0,149.0,67.0,1.0,29.0,193.0,200.0,main_stream,709
102.0,54.0,98.0,201.0,61.0,6.0,225.0,29.0,25.0,165.0,246.0,766.0,231.0,79.0,9.0,14.0,188.0,187.0,trendy,710
100.0,54.0,102.0,206.0,65.0,10.0,198.0,33.0,23.0,164.0,224.0,587.0,240.0,72.0,4.0,11.0,187.0,196.0,main_stream,711
105.0,45.0,100.0,195.0,61.0,10.0,198.0,33.0,23.0,149.0,214.0,586.0,186.0,67.0,8.0,5.0,192.0,200.0,main_stream,712
107.0,53.0,108.0,211.0,63.0,11.0,219.0,31.0,25.0,168.0,228.0,704.0,198.0,69.0,10.0,21.0,190.0,203.0,main_stream,713
94.0,44.0,70.0,186.0,72.0,8.0,153.0,42.0,19.0,144.0,171.0,361.0,178.0,67.0,7.0,2.0,199.0,206.0,trendy,714
100.0,52.0,109.0,225.0,68.0,10.0,222.0,30.0,25.0,165.0,241.0,731.0,207.0,73.0,7.0,28.0,188.0,199.0,main_stream,715
97.0,41.0,88.0,184.0,59.0,9.0,175.0,38.0,21.0,140.0,192.0,459.0,147.0,63.0,1.0,5.0,196.0,205.0,main_stream,716
96.0,46.0,74.0,202.0,74.0,5.0,163.0,39.0,20.0,149.0,185.0,408.0,191.0,70.0,7.0,8.0,196.0,200.0,trendy,717
104.0,52.0,110.0,172.0,53.0,10.0,219.0,30.0,25.0,166.0,235.0,711.0,218.0,74.0,10.0,28.0,188.0,198.0,main_stream,718
104.0,53.0,101.0,199.0,65.0,11.0,213.0,31.0,24.0,168.0,216.0,667.0,221.0,72.0,12.0,12.0,187.0,198.0,main_stream,719
91.0,38.0,76.0,172.0,61.0,8.0,167.0,40.0,20.0,134.0,196.0,415.0,145.0,71.0,0.0,28.0,189.0,198.0,main_stream,720
105.0,54.0,108.0,234.0,70.0,12.0,215.0,31.0,24.0,168.0,226.0,687.0,228.0,68.0,4.0,22.0,189.0,201.0,main_stream,721
94.0,45.0,85.0,163.0,68.0,10.0,157.0,44.0,20.0,156.0,170.0,357.0,176.0,73.0,17.0,11.0,187.0,195.0,fashion_lifestyle_elite,722
105.0,46.0,100.0,195.0,61.0,9.0,193.0,34.0,22.0,150.0,207.0,557.0,161.0,65.0,5.0,9.0,194.0,202.0,main_stream,723
94.0,45.0,85.0,160.0,63.0,10.0,158.0,43.0,20.0,157.0,174.0,367.0,162.0,68.0,1.0,6.0,189.0,199.0,fashion_lifestyle_elite,724
91.0,37.0,76.0,138.0,55.0,8.0,132.0,51.0,18.0,135.0,157.0,256.0,124.0,69.0,0.0,12.0,191.0,192.0,fashion_lifestyle_elite,725
102.0,48.0,105.0,214.0,64.0,10.0,201.0,33.0,23.0,152.0,214.0,600.0,178.0,64.0,0.0,25.0,192.0,204.0,main_stream,726
96.0,44.0,68.0,190.0,70.0,7.0,155.0,41.0,19.0,145.0,179.0,372.0,166.0,67.0,5.0,7.0,202.0,206.0,trendy,727
85.0,36.0,72.0,127.0,56.0,7.0,127.0,54.0,18.0,125.0,144.0,233.0,123.0,70.0,3.0,30.0,184.0,194.0,main_stream,728
103.0,48.0,96.0,232.0,71.0,10.0,205.0,32.0,23.0,153.0,226.0,633.0,197.0,71.0,2.0,15.0,188.0,196.0,main_stream,729
101.0,55.0,107.0,200.0,61.0,11.0,225.0,30.0,25.0,178.0,228.0,730.0,204.0,74.0,8.0,35.0,187.0,201.0,main_stream,730
103.0,52.0,103.0,170.0,52.0,7.0,236.0,28.0,26.0,160.0,254.0,816.0,250.0,82.0,3.0,23.0,183.0,184.0,trendy,731
85.0,45.0,73.0,167.0,69.0,8.0,143.0,46.0,18.0,148.0,173.0,307.0,176.0,71.0,2.0,0.0,190.0,199.0,fashion_lifestyle_elite,732
114.0,57.0,102.0,181.0,52.0,6.0,257.0,26.0,28.0,169.0,287.0,968.0,261.0,85.0,2.0,21.0,182.0,184.0,trendy,733
88.0,40.0,55.0,114.0,53.0,7.0,132.0,53.0,18.0,139.0,142.0,249.0,158.0,87.0,0.0,7.0,176.0,183.0,fashion_lifestyle_elite,734
86.0,37.0,77.0,144.0,54.0,7.0,154.0,43.0,19.0,127.0,179.0,352.0,145.0,71.0,14.0,13.0,186.0,191.0,main_stream,735
102.0,51.0,104.0,217.0,67.0,10.0,204.0,32.0,23.0,162.0,220.0,621.0,195.0,68.0,3.0,19.0,188.0,197.0,main_stream,736
105.0,51.0,93.0,160.0,51.0,7.0,217.0,30.0,24.0,165.0,240.0,703.0,208.0,81.0,9.0,25.0,188.0,188.0,trendy,737
100.0,50.0,98.0,204.0,63.0,6.0,218.0,30.0,24.0,156.0,232.0,719.0,213.0,77.0,8.0,7.0,189.0,189.0,trendy,738
96.0,44.0,85.0,166.0,66.0,10.0,155.0,43.0,19.0,150.0,167.0,355.0,159.0,67.0,3.0,10.0,192.0,202.0,fashion_lifestyle_elite,739
109.0,52.0,104.0,199.0,60.0,12.0,215.0,31.0,24.0,162.0,220.0,691.0,212.0,67.0,11.0,7.0,189.0,199.0,main_stream,740
87.0,39.0,74.0,165.0,66.0,6.0,145.0,45.0,19.0,134.0,173.0,318.0,139.0,70.0,3.0,21.0,195.0,200.0,trendy,741
90.0,41.0,78.0,145.0,55.0,7.0,138.0,48.0,18.0,138.0,161.0,284.0,158.0,67.0,0.0,1.0,192.0,197.0,main_stream,742
98.0,48.0,101.0,203.0,65.0,9.0,197.0,33.0,23.0,152.0,216.0,584.0,174.0,68.0,2.0,5.0,189.0,197.0,main_stream,743
96.0,46.0,88.0,174.0,68.0,10.0,155.0,43.0,19.0,148.0,173.0,354.0,182.0,69.0,14.0,15.0,194.0,202.0,fashion_lifestyle_elite,744
85.0,43.0,69.0,141.0,62.0,7.0,152.0,44.0,19.0,145.0,178.0,341.0,179.0,84.0,1.0,4.0,181.0,184.0,trendy,745
91.0,42.0,66.0,142.0,58.0,9.0,134.0,50.0,18.0,142.0,163.0,268.0,164.0,69.0,6.0,5.0,191.0,197.0,fashion_lifestyle_elite,746
80.0,43.0,68.0,123.0,53.0,7.0,150.0,46.0,19.0,147.0,169.0,327.0,176.0,81.0,7.0,14.0,179.0,184.0,trendy,747
93.0,46.0,85.0,169.0,66.0,9.0,151.0,44.0,19.0,147.0,169.0,339.0,179.0,67.0,0.0,4.0,195.0,204.0,fashion_lifestyle_elite,748
93.0,51.0,90.0,209.0,69.0,8.0,183.0,36.0,22.0,156.0,211.0,506.0,230.0,70.0,6.0,1.0,189.0,196.0,main_stream,749
96.0,40.0,78.0,170.0,58.0,7.0,174.0,38.0,21.0,139.0,197.0,455.0,160.0,68.0,3.0,29.0,191.0,200.0,main_stream,750
85.0,36.0,51.0,115.0,56.0,5.0,119.0,57.0,17.0,124.0,139.0,207.0,127.0,81.0,13.0,5.0,181.0,184.0,fashion_lifestyle_elite,751
100.0,36.0,73.0,199.0,73.0,6.0,162.0,40.0,20.0,127.0,189.0,401.0,125.0,72.0,6.0,19.0,200.0,204.0,trendy,752
91.0,36.0,72.0,162.0,60.0,8.0,150.0,44.0,19.0,133.0,166.0,334.0,121.0,63.0,2.0,22.0,196.0,205.0,main_stream,753
91.0,41.0,64.0,148.0,61.0,8.0,129.0,51.0,18.0,142.0,161.0,249.0,153.0,68.0,6.0,12.0,194.0,201.0,fashion_lifestyle_elite,754
86.0,39.0,58.0,125.0,55.0,5.0,117.0,57.0,17.0,134.0,140.0,204.0,148.0,69.0,7.0,6.0,190.0,194.0,fashion_lifestyle_elite,755
95.0,53.0,95.0,202.0,65.0,10.0,193.0,34.0,22.0,160.0,220.0,559.0,237.0,71.0,3.0,2.0,188.0,196.0,main_stream,756
91.0,43.0,72.0,142.0,56.0,7.0,149.0,45.0,19.0,140.0,168.0,327.0,165.0,72.0,13.0,23.0,186.0,191.0,main_stream,757
81.0,45.0,68.0,137.0,60.0,7.0,152.0,45.0,19.0,151.0,167.0,333.0,179.0,81.0,3.0,13.0,179.0,183.0,trendy,758
94.0,50.0,84.0,138.0,57.0,10.0,156.0,44.0,20.0,170.0,171.0,351.0,187.0,77.0,5.0,6.0,182.0,191.0,fashion_lifestyle_elite,759
107.0,45.0,92.0,197.0,62.0,10.0,188.0,35.0,22.0,148.0,202.0,526.0,159.0,64.0,12.0,20.0,195.0,203.0,main_stream,760
115.0,51.0,100.0,201.0,60.0,12.0,196.0,34.0,23.0,162.0,207.0,573.0,184.0,62.0,22.0,1.0,198.0,208.0,main_stream,761
90.0,44.0,69.0,152.0,64.0,7.0,135.0,49.0,18.0,145.0,165.0,272.0,162.0,75.0,3.0,2.0,187.0,191.0,fashion_lifestyle_elite,762
102.0,52.0,98.0,225.0,71.0,10.0,214.0,31.0,24.0,164.0,228.0,682.0,199.0,71.0,0.0,16.0,187.0,196.0,main_stream,763
103.0,53.0,106.0,172.0,55.0,10.0,212.0,32.0,24.0,168.0,220.0,660.0,223.0,73.0,16.0,24.0,187.0,197.0,main_stream,764
84.0,43.0,70.0,123.0,54.0,8.0,151.0,45.0,19.0,146.0,173.0,332.0,176.0,81.0,1.0,12.0,181.0,184.0,trendy,765
98.0,38.0,78.0,191.0,65.0,8.0,169.0,39.0,20.0,136.0,197.0,430.0,141.0,67.0,9.0,20.0,192.0,199.0,main_stream,766
88.0,39.0,70.0,166.0,66.0,7.0,148.0,44.0,19.0,134.0,167.0,332.0,143.0,69.0,5.0,13.0,193.0,201.0,trendy,767
91.0,46.0,101.0,199.0,65.0,9.0,196.0,34.0,23.0,146.0,219.0,574.0,199.0,73.0,5.0,8.0,186.0,194.0,main_stream,768
91.0,36.0,83.0,162.0,61.0,8.0,142.0,47.0,19.0,128.0,163.0,298.0,137.0,63.0,0.0,31.0,193.0,200.0,main_stream,769
80.0,44.0,68.0,120.0,53.0,8.0,151.0,45.0,19.0,146.0,170.0,333.0,190.0,80.0,4.0,16.0,180.0,185.0,trendy,770
97.0,48.0,105.0,212.0,64.0,11.0,201.0,33.0,23.0,155.0,212.0,602.0,162.0,64.0,2.0,7.0,193.0,202.0,main_stream,771
92.0,52.0,93.0,204.0,67.0,9.0,189.0,35.0,22.0,161.0,214.0,536.0,240.0,72.0,2.0,5.0,188.0,195.0,main_stream,772
87.0,42.0,70.0,139.0,59.0,7.0,149.0,45.0,19.0,142.0,177.0,327.0,156.0,78.0,6.0,9.0,185.0,188.0,trendy,773
94.0,37.0,72.0,146.0,60.0,9.0,133.0,50.0,18.0,135.0,161.0,262.0,128.0,69.0,2.0,7.0,192.0,195.0,fashion_lifestyle_elite,774
97.0,38.0,75.0,188.0,68.0,6.0,171.0,37.0,20.0,129.0,199.0,450.0,137.0,74.0,2.0,6.0,197.0,199.0,trendy,775
96.0,45.0,101.0,201.0,66.0,9.0,192.0,34.0,22.0,143.0,218.0,552.0,195.0,73.0,3.0,19.0,189.0,197.0,main_stream,776
106.0,53.0,98.0,154.0,47.0,4.0,237.0,28.0,26.0,164.0,263.0,838.0,222.0,82.0,4.0,17.0,185.0,184.0,trendy,777
111.0,50.0,103.0,199.0,60.0,11.0,211.0,31.0,24.0,156.0,223.0,663.0,188.0,68.0,9.0,9.0,190.0,200.0,main_stream,778
96.0,39.0,64.0,111.0,48.0,8.0,134.0,52.0,18.0,141.0,160.0,258.0,139.0,80.0,7.0,20.0,183.0,184.0,fashion_lifestyle_elite,779
109.0,47.0,96.0,206.0,64.0,9.0,198.0,33.0,23.0,150.0,219.0,586.0,191.0,70.0,4.0,13.0,190.0,198.0,main_stream,780
88.0,42.0,64.0,151.0,62.0,8.0,130.0,51.0,18.0,142.0,150.0,253.0,161.0,63.0,3.0,2.0,203.0,210.0,fashion_lifestyle_elite,781
87.0,44.0,98.0,211.0,70.0,10.0,189.0,35.0,22.0,141.0,214.0,535.0,178.0,71.0,2.0,21.0,187.0,194.0,main_stream,782
107.0,54.0,96.0,201.0,62.0,12.0,218.0,31.0,24.0,170.0,221.0,694.0,217.0,71.0,2.0,21.0,187.0,198.0,main_stream,783
87.0,37.0,52.0,116.0,54.0,6.0,115.0,58.0,17.0,126.0,135.0,196.0,144.0,74.0,11.0,22.0,186.0,190.0,fashion_lifestyle_elite,784
85.0,43.0,66.0,123.0,56.0,6.0,148.0,46.0,19.0,145.0,166.0,319.0,171.0,85.0,6.0,11.0,179.0,182.0,trendy,785
107.0,55.0,103.0,213.0,68.0,11.0,219.0,30.0,25.0,172.0,221.0,709.0,216.0,70.0,10.0,7.0,187.0,197.0,main_stream,786
93.0,37.0,70.0,126.0,52.0,9.0,127.0,53.0,18.0,137.0,156.0,238.0,119.0,71.0,2.0,13.0,191.0,190.0,fashion_lifestyle_elite,787
115.0,52.0,100.0,203.0,62.0,10.0,217.0,31.0,24.0,165.0,229.0,697.0,214.0,72.0,14.0,4.0,188.0,197.0,main_stream,788
90.0,39.0,85.0,160.0,59.0,7.0,163.0,41.0,20.0,131.0,189.0,396.0,158.0,71.0,7.0,13.0,186.0,192.0,main_stream,789
85.0,43.0,66.0,120.0,54.0,5.0,148.0,46.0,19.0,145.0,168.0,320.0,174.0,87.0,8.0,2.0,179.0,181.0,trendy,790
86.0,43.0,68.0,150.0,64.0,9.0,138.0,48.0,18.0,143.0,161.0,285.0,174.0,69.0,6.0,0.0,192.0,201.0,fashion_lifestyle_elite,791
100.0,51.0,104.0,163.0,52.0,10.0,206.0,32.0,23.0,164.0,217.0,631.0,193.0,69.0,5.0,21.0,188.0,196.0,main_stream,792
98.0,46.0,88.0,191.0,63.0,6.0,192.0,34.0,22.0,147.0,215.0,563.0,174.0,73.0,2.0,26.0,194.0,197.0,trendy,793
87.0,41.0,76.0,165.0,67.0,7.0,148.0,45.0,19.0,140.0,171.0,327.0,152.0,72.0,7.0,13.0,188.0,195.0,trendy,794
83.0,40.0,53.0,114.0,53.0,6.0,132.0,53.0,18.0,140.0,142.0,247.0,157.0,86.0,8.0,7.0,176.0,183.0,fashion_lifestyle_elite,795
85.0,38.0,63.0,130.0,55.0,7.0,122.0,55.0,17.0,130.0,137.0,219.0,144.0,64.0,20.0,8.0,195.0,201.0,main_stream,796
111.0,53.0,108.0,211.0,61.0,11.0,207.0,32.0,23.0,167.0,217.0,636.0,216.0,64.0,21.0,2.0,196.0,205.0,main_stream,797
103.0,56.0,100.0,185.0,59.0,11.0,216.0,31.0,24.0,173.0,219.0,684.0,219.0,75.0,15.0,11.0,186.0,194.0,main_stream,798
92.0,39.0,76.0,180.0,71.0,6.0,152.0,43.0,19.0,131.0,179.0,350.0,143.0,72.0,6.0,14.0,195.0,200.0,trendy,799
88.0,41.0,80.0,147.0,62.0,8.0,146.0,45.0,19.0,144.0,169.0,318.0,161.0,71.0,4.0,16.0,188.0,197.0,fashion_lifestyle_elite,800
84.0,38.0,60.0,128.0,56.0,5.0,132.0,50.0,18.0,130.0,148.0,261.0,141.0,75.0,8.0,4.0,185.0,188.0,main_stream,801
89.0,44.0,80.0,191.0,66.0,6.0,162.0,40.0,20.0,143.0,189.0,396.0,180.0,66.0,13.0,11.0,194.0,199.0,main_stream,802
93.0,47.0,84.0,205.0,71.0,7.0,176.0,36.0,21.0,152.0,190.0,476.0,201.0,70.0,7.0,19.0,198.0,201.0,trendy,803
104.0,52.0,101.0,206.0,62.0,10.0,198.0,33.0,23.0,161.0,207.0,587.0,204.0,64.0,2.0,5.0,195.0,204.0,main_stream,804
81.0,43.0,68.0,148.0,64.0,7.0,150.0,45.0,19.0,144.0,175.0,330.0,171.0,80.0,1.0,2.0,182.0,185.0,trendy,805
88.0,45.0,82.0,155.0,56.0,8.0,154.0,43.0,19.0,149.0,180.0,357.0,170.0,69.0,3.0,0.0,188.0,193.0,main_stream,806
103.0,51.0,105.0,174.0,56.0,11.0,210.0,32.0,24.0,163.0,222.0,650.0,222.0,73.0,8.0,9.0,187.0,196.0,main_stream,807
83.0,46.0,68.0,139.0,59.0,6.0,150.0,44.0,19.0,146.0,172.0,336.0,183.0,74.0,5.0,3.0,185.0,191.0,trendy,808
79.0,38.0,55.0,120.0,55.0,5.0,142.0,48.0,19.0,128.0,153.0,295.0,145.0,81.0,4.0,2.0,180.0,183.0,main_stream,809
97.0,55.0,103.0,197.0,63.0,11.0,215.0,31.0,24.0,172.0,219.0,677.0,219.0,75.0,5.0,24.0,185.0,194.0,main_stream,810
83.0,39.0,69.0,127.0,54.0,5.0,135.0,49.0,18.0,131.0,155.0,274.0,162.0,69.0,16.0,6.0,187.0,190.0,main_stream,811
98.0,38.0,72.0,192.0,69.0,5.0,166.0,38.0,20.0,131.0,189.0,427.0,138.0,70.0,1.0,3.0,200.0,202.0,trendy,812
90.0,48.0,77.0,132.0,56.0,10.0,157.0,44.0,20.0,164.0,169.0,354.0,187.0,78.0,1.0,3.0,182.0,191.0,fashion_lifestyle_elite,813
85.0,43.0,66.0,123.0,55.0,7.0,150.0,45.0,19.0,146.0,172.0,326.0,173.0,83.0,4.0,15.0,180.0,183.0,trendy,814
81.0,45.0,68.0,154.0,69.0,22.0,151.0,45.0,19.0,147.0,186.0,335.0,186.0,88.0,1.0,10.0,180.0,185.0,trendy,815
90.0,48.0,85.0,157.0,64.0,11.0,161.0,43.0,20.0,167.0,175.0,375.0,186.0,74.0,3.0,16.0,185.0,195.0,fashion_lifestyle_elite,816
104.0,53.0,108.0,204.0,64.0,11.0,220.0,31.0,25.0,172.0,226.0,707.0,203.0,71.0,14.0,30.0,189.0,203.0,main_stream,817
95.0,43.0,96.0,202.0,65.0,10.0,189.0,35.0,22.0,143.0,217.0,534.0,166.0,71.0,6.0,27.0,190.0,197.0,main_stream,818
93.0,42.0,98.0,192.0,63.0,9.0,185.0,36.0,22.0,138.0,206.0,508.0,173.0,70.0,10.0,21.0,189.0,197.0,main_stream,819
87.0,38.0,71.0,123.0,53.0,8.0,137.0,49.0,18.0,127.0,158.0,277.0,145.0,75.0,0.0,9.0,181.0,186.0,main_stream,820
104.0,56.0,96.0,231.0,74.0,11.0,220.0,30.0,25.0,172.0,223.0,713.0,218.0,73.0,6.0,16.0,186.0,195.0,main_stream,821
95.0,41.0,82.0,170.0,65.0,9.0,145.0,46.0,19.0,145.0,163.0,314.0,140.0,64.0,4.0,8.0,199.0,207.0,fashion_lifestyle_elite,822
105.0,54.0,105.0,213.0,67.0,10.0,200.0,33.0,23.0,163.0,214.0,597.0,214.0,68.0,10.0,20.0,190.0,198.0,main_stream,823
106.0,55.0,96.0,196.0,60.0,12.0,221.0,30.0,25.0,173.0,225.0,717.0,214.0,72.0,9.0,13.0,186.0,196.0,main_stream,824
86.0,39.0,84.0,149.0,57.0,8.0,156.0,43.0,20.0,133.0,185.0,358.0,157.0,74.0,0.0,23.0,183.0,190.0,main_stream,825
95.0,49.0,92.0,193.0,62.0,10.0,178.0,37.0,21.0,154.0,200.0,478.0,171.0,64.0,2.0,0.0,198.0,206.0,main_stream,826
99.0,57.0,100.0,177.0,54.0,13.0,224.0,30.0,25.0,188.0,223.0,726.0,213.0,72.0,4.0,7.0,185.0,198.0,main_stream,827
89.0,42.0,66.0,125.0,53.0,7.0,131.0,51.0,18.0,144.0,162.0,254.0,162.0,73.0,10.0,17.0,188.0,191.0,fashion_lifestyle_elite,828
95.0,49.0,82.0,139.0,56.0,11.0,159.0,43.0,20.0,162.0,173.0,365.0,185.0,75.0,7.0,10.0,182.0,191.0,fashion_lifestyle_elite,829
97.0,37.0,70.0,173.0,66.0,7.0,151.0,43.0,19.0,129.0,167.0,346.0,119.0,65.0,0.0,16.0,201.0,208.0,trendy,830
100.0,47.0,70.0,185.0,70.0,7.0,162.0,40.0,20.0,153.0,179.0,406.0,172.0,68.0,9.0,6.0,200.0,205.0,trendy,831
108.0,49.0,109.0,204.0,61.0,11.0,212.0,31.0,24.0,159.0,229.0,665.0,215.0,71.0,16.0,11.0,190.0,199.0,main_stream,832
92.0,46.0,83.0,154.0,56.0,6.0,160.0,41.0,20.0,148.0,185.0,382.0,184.0,71.0,10.0,5.0,186.0,191.0,main_stream,833
82.0,36.0,51.0,114.0,53.0,4.0,135.0,50.0,18.0,126.0,150.0,268.0,144.0,86.0,15.0,4.0,181.0,182.0,main_stream,834
111.0,58.0,105.0,183.0,51.0,6.0,265.0,26.0,29.0,174.0,285.0,1018.0,255.0,85.0,4.0,8.0,181.0,183.0,trendy,835
87.0,45.0,66.0,139.0,58.0,8.0,140.0,47.0,18.0,148.0,168.0,294.0,175.0,73.0,3.0,12.0,188.0,196.0,fashion_lifestyle_elite,836
94.0,46.0,77.0,169.0,60.0,8.0,158.0,42.0,20.0,148.0,181.0,373.0,181.0,67.0,12.0,2.0,193.0,199.0,main_stream,837
95.0,43.0,76.0,142.0,57.0,10.0,151.0,44.0,19.0,149.0,173.0,339.0,159.0,71.0,2.0,23.0,187.0,200.0,fashion_lifestyle_elite,838
90.0,44.0,72.0,157.0,64.0,8.0,137.0,48.0,18.0,144.0,159.0,283.0,171.0,65.0,9.0,4.0,196.0,203.0,fashion_lifestyle_elite,839
93.0,34.0,66.0,140.0,56.0,7.0,130.0,51.0,18.0,120.0,151.0,251.0,114.0,62.0,5.0,29.0,201.0,207.0,main_stream,840
93.0,39.0,87.0,183.0,64.0,8.0,169.0,40.0,20.0,134.0,200.0,422.0,149.0,72.0,7.0,25.0,188.0,195.0,main_stream,841
89.0,46.0,84.0,163.0,66.0,11.0,159.0,43.0,20.0,159.0,173.0,368.0,176.0,72.0,1.0,20.0,186.0,197.0,fashion_lifestyle_elite,842
106.0,54.0,101.0,222.0,67.0,12.0,222.0,30.0,25.0,173.0,228.0,721.0,200.0,70.0,3.0,4.0,187.0,201.0,main_stream,843
86.0,36.0,78.0,146.0,58.0,7.0,135.0,50.0,18.0,124.0,155.0,270.0,148.0,66.0,0.0,25.0,190.0,195.0,main_stream,844
85.0,36.0,66.0,123.0,55.0,5.0,120.0,56.0,17.0,128.0,140.0,212.0,131.0,73.0,1.0,18.0,186.0,190.0,fashion_lifestyle_elite,845
